Микро_Зона_ID;Координата_Старт;Координата_Конец;Родительский_3D_Узел;Букв_в_куске;Масса_Куска_(kDa);GC_Состав_%
Zone_0;49897450;49898471;Node_0;1021;315.92;34.1
Zone_1;49898471;49899492;Node_0;1021;316.673;33.6
Zone_2;49899492;49900513;Node_0;1021;315.309;42.9
Zone_3;49900513;49901534;Node_0;1021;315.13;37.5
Zone_4;49901534;49902555;Node_0;1021;315.518;37.1
Zone_5;49902555;49903576;Node_0;1021;316.233;39.2
Zone_6;49903576;49904597;Node_0;1021;315.781;34.1
Zone_7;49904597;49905618;Node_0;1021;315.772;35.0
Zone_8;49905618;49906639;Node_0;1021;315.027;31.2
Zone_9;49906639;49907660;Node_0;1021;315.195;31.8
Zone_10;49907660;49908681;Node_0;1021;315.717;39.7
Zone_11;49908681;49909702;Node_0;1021;316.876;35.3
Zone_12;49909702;49910723;Node_0;1021;318.704;37.3
Zone_13;49910723;49911744;Node_0;1021;317.006;44.3
Zone_14;49911744;49912765;Node_0;1021;314.421;43.9
Zone_15;49912765;49913786;Node_0;1021;314.915;43.6
Zone_16;49913786;49914807;Node_0;1021;313.254;40.9
Zone_17;49914807;49915828;Node_0;1021;316.249;50.4
Zone_18;49915828;49916849;Node_0;1021;316.348;43.2
Zone_19;49916849;49917870;Node_0;1021;315.04;39.5
Zone_20;49917870;49918891;Node_0;1021;315.634;37.7
Zone_21;49918891;49919912;Node_0;1021;315.303;38.9
Zone_22;49919912;49920933;Node_0;1021;315.644;38.7
Zone_23;49920933;49921954;Node_0;1021;315.855;42.5
Zone_24;49921954;49922975;Node_0;1021;315.069;35.0
Zone_25;49922975;49923996;Node_0;1021;316.026;35.4
Zone_26;49923996;49925017;Node_0;1021;316.54;38.2
Zone_27;49925017;49926038;Node_0;1021;316.659;52.4
Zone_28;49926038;49927059;Node_0;1021;316.617;40.6
Zone_29;49927059;49928080;Node_0;1021;315.949;37.1
Zone_30;49928080;49929101;Node_0;1021;315.414;38.1
Zone_31;49929101;49930122;Node_0;1021;316.397;29.8
Zone_32;49930122;49931143;Node_0;1021;315.346;29.2
Zone_33;49931143;49932164;Node_0;1021;316.02;33.9
Zone_34;49932164;49933185;Node_0;1021;315.968;32.6
Zone_35;49933185;49934206;Node_0;1021;316.737;29.9
Zone_36;49934206;49935227;Node_0;1021;316.36;40.0
Zone_37;49935227;49936248;Node_0;1021;316.153;50.5
Zone_38;49936248;49937269;Node_0;1021;316.665;40.3
Zone_39;49937269;49938290;Node_0;1021;315.244;37.9
Zone_40;49938290;49939311;Node_0;1021;315.293;39.2
Zone_41;49939311;49940332;Node_0;1021;315.668;38.6
Zone_42;49940332;49941353;Node_0;1021;316.02;35.7
Zone_43;49941353;49942374;Node_0;1021;315.304;28.4
Zone_44;49942374;49943395;Node_0;1021;316.304;34.4
Zone_45;49943395;49944416;Node_0;1021;314.796;50.4
Zone_46;49944416;49945437;Node_0;1021;316.138;36.8
Zone_47;49945437;49946458;Node_0;1021;315.371;32.3
Zone_48;49946458;49947479;Node_0;1021;315.714;33.8
Zone_49;49947479;49948500;Node_0;1021;315.492;19.9
Zone_50;49948500;49949521;Node_0;1021;315.911;32.3
Zone_51;49949521;49950542;Node_0;1021;315.801;33.9
Zone_52;49950542;49951563;Node_0;1021;316.533;34.4
Zone_53;49951563;49952584;Node_0;1021;315.863;32.9
Zone_54;49952584;49953605;Node_0;1021;314.876;33.7
Zone_55;49953605;49954626;Node_0;1021;314.313;39.8
Zone_56;49954626;49955647;Node_0;1021;314.453;34.0
Zone_57;49955647;49956668;Node_0;1021;315.105;31.4
Zone_58;49956668;49957689;Node_0;1021;316.871;36.8
Zone_59;49957689;49958710;Node_0;1021;315.31;40.5
Zone_60;49958710;49959731;Node_0;1021;317.427;37.1
Zone_61;49959731;49960752;Node_0;1021;316.435;33.7
Zone_62;49960752;49961773;Node_0;1021;316.545;36.0
Zone_63;49961773;49962794;Node_0;1021;315.453;32.1
Zone_64;49962794;49963815;Node_0;1021;315.356;36.9
Zone_65;49963815;49964836;Node_0;1021;315.42;29.7
Zone_66;49964836;49965857;Node_0;1021;314.196;35.1
Zone_67;49965857;49966878;Node_0;1021;314.848;36.9
Zone_68;49966878;49967899;Node_0;1021;315.743;37.3
Zone_69;49967899;49968920;Node_0;1021;315.239;39.2
Zone_70;49968920;49969941;Node_0;1021;314.283;35.7
Zone_71;49969941;49970962;Node_0;1021;315.848;37.5
Zone_72;49970962;49971983;Node_0;1021;315.878;34.4
Zone_73;49971983;49973004;Node_0;1021;314.268;41.5
Zone_74;49973004;49974025;Node_0;1021;315.497;32.3
Zone_75;49974025;49975046;Node_0;1021;316.24;30.8
Zone_76;49975046;49976067;Node_0;1021;314.606;35.0
Zone_77;49976067;49977088;Node_0;1021;313.853;32.3
Zone_78;49977088;49978109;Node_0;1021;311.902;37.5
Zone_79;49978109;49979130;Node_0;1021;316.275;33.1
Zone_80;49979130;49980151;Node_0;1021;316.132;40.1
Zone_81;49980151;49981172;Node_0;1021;314.32;33.3
Zone_82;49981172;49982193;Node_0;1021;315.069;31.3
Zone_83;49982193;49983214;Node_0;1021;315.566;56.7
Zone_84;49983214;49984235;Node_0;1021;314.468;46.5
Zone_85;49984235;49985256;Node_0;1021;314.852;39.1
Zone_86;49985256;49986277;Node_0;1021;315.302;33.5
Zone_87;49986277;49987298;Node_0;1021;314.036;32.8
Zone_88;49987298;49988319;Node_0;1021;314.89;27.5
Zone_89;49988319;49989340;Node_0;1021;315.113;36.4
Zone_90;49989340;49990361;Node_0;1021;315.507;34.8
Zone_91;49990361;49991382;Node_0;1021;315.002;33.1
Zone_92;49991382;49992403;Node_0;1021;314.105;38.9
Zone_93;49992403;49993424;Node_0;1021;313.238;37.6
Zone_94;49993424;49994445;Node_0;1021;314.343;37.3
Zone_95;49994445;49995466;Node_0;1021;316.638;49.3
Zone_96;49995466;49996487;Node_0;1021;314.719;44.2
Zone_97;49996487;49997508;Node_0;1021;316.268;33.7
Zone_98;49997508;49998529;Node_0;1021;316.076;31.8
Zone_99;49998529;49999550;Node_0;1021;315.045;37.2
Zone_100;49999550;50000571;Node_0;1021;315.716;35.6
Zone_101;50000571;50001592;Node_0;1021;317.045;31.1
Zone_102;50001592;50002613;Node_0;1021;314.808;41.2
Zone_103;50002613;50003634;Node_0;1021;315.572;33.1
Zone_104;50003634;50004655;Node_0;1021;315.876;45.7
Zone_105;50004655;50005676;Node_0;1021;315.741;47.5
Zone_106;50005676;50006697;Node_0;1021;317.384;39.5
Zone_107;50006697;50007718;Node_0;1021;316.479;35.5
Zone_108;50007718;50008739;Node_0;1021;316.068;32.2
Zone_109;50008739;50009760;Node_0;1021;315.46;33.4
Zone_110;50009760;50010781;Node_0;1021;315.966;36.6
Zone_111;50010781;50011802;Node_0;1021;316.467;34.4
Zone_112;50011802;50012823;Node_0;1021;316.566;39.5
Zone_113;50012823;50013844;Node_0;1021;315.328;31.4
Zone_114;50013844;50014865;Node_0;1021;314.909;43.0
Zone_115;50014865;50015886;Node_0;1021;314.741;38.5
Zone_116;50015886;50016907;Node_0;1021;316.484;39.7
Zone_117;50016907;50017928;Node_0;1021;314.563;37.0
Zone_118;50017928;50018949;Node_0;1021;314.806;27.5
Zone_119;50018949;50019970;Node_0;1021;314.078;33.1
Zone_120;50019970;50020991;Node_0;1021;314.685;33.3
Zone_121;50020991;50022012;Node_0;1021;311.746;38.8
Zone_122;50022012;50023033;Node_0;1021;314.442;39.9
Zone_123;50023033;50024054;Node_0;1021;313.472;60.5
Zone_124;50024054;50025075;Node_0;1021;314.785;49.6
Zone_125;50025075;50026096;Node_0;1021;315.862;40.7
Zone_126;50026096;50027117;Node_0;1021;314.58;35.2
Zone_127;50027117;50028138;Node_0;1021;314.872;38.6
Zone_128;50028138;50029159;Node_0;1021;315.313;34.2
Zone_129;50029159;50030180;Node_0;1021;316.188;38.1
Zone_130;50030180;50031201;Node_0;1021;315.363;37.9
Zone_131;50031201;50032222;Node_0;1021;316.048;39.1
Zone_132;50032222;50033243;Node_0;1021;315.854;38.3
Zone_133;50033243;50034264;Node_0;1021;315.652;38.3
Zone_134;50034264;50035285;Node_0;1021;313.234;38.7
Zone_135;50035285;50036306;Node_0;1021;316.426;39.9
Zone_136;50036306;50037327;Node_0;1021;315.057;41.1
Zone_137;50037327;50038348;Node_0;1021;314.833;36.4
Zone_138;50038348;50039369;Node_0;1021;315.276;36.4
Zone_139;50039369;50040390;Node_0;1021;315.61;32.8
Zone_140;50040390;50041411;Node_0;1021;316.743;40.1
Zone_141;50041411;50042432;Node_0;1021;318.235;43.8
Zone_142;50042432;50043453;Node_0;1021;315.437;37.2
Zone_143;50043453;50044474;Node_0;1021;314.468;42.4
Zone_144;50044474;50045495;Node_0;1021;315.763;27.2
Zone_145;50045495;50046516;Node_0;1021;314.751;34.0
Zone_146;50046516;50047537;Node_0;1021;315.22;34.9
Zone_147;50047537;50048558;Node_0;1021;314.27;60.4
Zone_148;50048558;50049579;Node_0;1021;315.803;45.5
Zone_149;50049579;50050600;Node_0;1021;315.81;39.8
Zone_150;50050600;50051621;Node_0;1021;315.871;30.5
Zone_151;50051621;50052642;Node_0;1021;314.9;35.9
Zone_152;50052642;50053663;Node_0;1021;314.397;37.7
Zone_153;50053663;50054684;Node_0;1021;317.262;36.6
Zone_154;50054684;50055705;Node_0;1021;314.002;45.5
Zone_155;50055705;50056726;Node_0;1021;316.197;39.7
Zone_156;50056726;50057747;Node_0;1021;315.955;37.9
Zone_157;50057747;50058768;Node_0;1021;315.863;37.1
Zone_158;50058768;50059789;Node_0;1021;315.201;35.7
Zone_159;50059789;50060810;Node_0;1021;315.341;40.2
Zone_160;50060810;50061831;Node_0;1021;314.972;39.7
Zone_161;50061831;50062852;Node_0;1021;314.655;42.4
Zone_162;50062852;50063873;Node_0;1021;312.935;40.4
Zone_163;50063873;50064894;Node_0;1021;315.245;41.8
Zone_164;50064894;50065915;Node_0;1021;316.365;40.5
Zone_165;50065915;50066936;Node_0;1021;314.722;37.5
Zone_166;50066936;50067957;Node_0;1021;316.763;39.4
Zone_167;50067957;50068978;Node_0;1021;317.001;40.5
Zone_168;50068978;50069999;Node_0;1021;313.83;38.1
Zone_169;50069999;50071020;Node_0;1021;315.71;43.9
Zone_170;50071020;50072041;Node_0;1021;314.617;40.7
Zone_171;50072041;50073062;Node_0;1021;314.791;40.3
Zone_172;50073062;50074083;Node_0;1021;315.83;36.7
Zone_173;50074083;50075104;Node_0;1021;317.161;39.1
Zone_174;50075104;50076125;Node_0;1021;316.448;45.2
Zone_175;50076125;50077146;Node_0;1021;316.359;39.4
Zone_176;50077146;50078167;Node_0;1021;315.653;39.7
Zone_177;50078167;50079188;Node_0;1021;315.183;44.8
Zone_178;50079188;50080209;Node_0;1021;315.775;40.6
Zone_179;50080209;50081230;Node_0;1021;315.141;39.8
Zone_180;50081230;50082251;Node_0;1021;315.097;42.0
Zone_181;50082251;50083272;Node_0;1021;313.891;38.4
Zone_182;50083272;50084293;Node_0;1021;315.271;36.6
Zone_183;50084293;50085314;Node_0;1021;313.301;38.1
Zone_184;50085314;50086335;Node_0;1021;315.6;37.7
Zone_185;50086335;50087356;Node_0;1021;315.359;39.2
Zone_186;50087356;50088377;Node_0;1021;315.12;38.9
Zone_187;50088377;50089398;Node_0;1021;315.136;42.3
Zone_188;50089398;50090419;Node_0;1021;316.288;43.2
Zone_189;50090419;50091440;Node_0;1021;315.776;44.2
Zone_190;50091440;50092461;Node_0;1021;315.856;42.5
Zone_191;50092461;50093482;Node_0;1021;315.779;40.1
Zone_192;50093482;50094503;Node_0;1021;316.455;35.9
Zone_193;50094503;50095524;Node_0;1021;316.229;40.3
Zone_194;50095524;50096545;Node_0;1021;315.898;38.4
Zone_195;50096545;50097566;Node_0;1021;315.858;40.0
Zone_196;50097566;50098587;Node_0;1021;315.735;32.6
Zone_197;50098587;50099608;Node_0;1021;316.681;42.7
Zone_198;50099608;50100629;Node_0;1021;314.901;35.7
Zone_199;50100629;50101650;Node_0;1021;314.609;34.5
Zone_200;50101650;50102671;Node_0;1021;314.789;39.7
Zone_201;50102671;50103692;Node_0;1021;315.604;35.3
Zone_202;50103692;50104713;Node_0;1021;316.148;41.4
Zone_203;50104713;50105734;Node_0;1021;315.33;35.2
Zone_204;50105734;50106755;Node_0;1021;316.087;42.1
Zone_205;50106755;50107776;Node_0;1021;315.466;30.0
Zone_206;50107776;50108797;Node_0;1021;315.986;39.0
Zone_207;50108797;50109818;Node_0;1021;316.396;42.6
Zone_208;50109818;50110839;Node_0;1021;316.551;44.9
Zone_209;50110839;50111860;Node_0;1021;316.282;40.3
Zone_210;50111860;50112881;Node_0;1021;315.321;32.0
Zone_211;50112881;50113902;Node_0;1021;316.05;35.9
Zone_212;50113902;50114923;Node_0;1021;317.007;38.2
Zone_213;50114923;50115944;Node_0;1021;314.746;36.7
Zone_214;50115944;50116965;Node_0;1021;315.725;38.6
Zone_215;50116965;50117986;Node_0;1021;315.252;40.5
Zone_216;50117986;50119007;Node_0;1021;317.11;38.8
Zone_217;50119007;50120028;Node_0;1021;316.799;35.2
Zone_218;50120028;50121049;Node_0;1021;317.349;38.3
Zone_219;50121049;50122070;Node_0;1021;316.11;32.2
Zone_220;50122070;50123091;Node_0;1021;315.781;37.6
Zone_221;50123091;50124112;Node_0;1021;314.529;42.3
Zone_222;50124112;50125133;Node_0;1021;315.012;37.7
Zone_223;50125133;50126154;Node_0;1021;316.825;43.2
Zone_224;50126154;50127175;Node_0;1021;315.598;34.7
Zone_225;50127175;50128196;Node_0;1021;316.501;41.2
Zone_226;50128196;50129217;Node_0;1021;317.571;43.8
Zone_227;50129217;50130238;Node_0;1021;315.657;39.7
Zone_228;50130238;50131259;Node_0;1021;315.214;33.1
Zone_229;50131259;50132280;Node_0;1021;316.409;36.2
Zone_230;50132280;50133301;Node_0;1021;315.179;36.5
Zone_231;50133301;50134322;Node_0;1021;315.554;33.8
Zone_232;50134322;50135343;Node_0;1021;316.173;37.0
Zone_233;50135343;50136364;Node_0;1021;316.081;38.4
Zone_234;50136364;50137385;Node_0;1021;316.517;37.2
Zone_235;50137385;50138406;Node_0;1021;317.135;40.1
Zone_236;50138406;50139427;Node_0;1021;315.955;42.4
Zone_237;50139427;50140448;Node_0;1021;315.725;43.1
Zone_238;50140448;50141469;Node_0;1021;315.746;40.4
Zone_239;50141469;50142490;Node_0;1021;314.796;46.0
Zone_240;50142490;50143511;Node_0;1021;316.024;36.3
Zone_241;50143511;50144532;Node_0;1021;315.292;39.5
Zone_242;50144532;50145553;Node_0;1021;314.554;36.9
Zone_243;50145553;50146574;Node_0;1021;315.254;35.4
Zone_244;50146574;50147595;Node_0;1021;315.925;37.3
Zone_245;50147595;50148616;Node_0;1021;315.578;43.0
Zone_246;50148616;50149637;Node_0;1021;315.895;41.6
Zone_247;50149637;50150658;Node_0;1021;316.541;41.9
Zone_248;50150658;50151679;Node_0;1021;315.429;35.2
Zone_249;50151679;50152700;Node_0;1021;315.219;42.8
Zone_250;50152700;50153721;Node_0;1021;316.396;40.0
Zone_251;50153721;50154742;Node_0;1021;315.153;39.8
Zone_252;50154742;50155763;Node_0;1021;314.728;40.9
Zone_253;50155763;50156784;Node_0;1021;314.15;47.0
Zone_254;50156784;50157805;Node_0;1021;315.79;38.5
Zone_255;50157805;50158826;Node_0;1021;315.47;40.7
Zone_256;50158826;50159847;Node_0;1021;316.599;44.9
Zone_257;50159847;50160868;Node_0;1021;314.724;40.5
Zone_258;50160868;50161889;Node_0;1021;314.685;39.4
Zone_259;50161889;50162910;Node_0;1021;315.136;41.4
Zone_260;50162910;50163931;Node_0;1021;315.217;43.4
Zone_261;50163931;50164952;Node_0;1021;315.332;40.4
Zone_262;50164952;50165973;Node_0;1021;315.466;37.5
Zone_263;50165973;50166994;Node_0;1021;314.287;42.6
Zone_264;50166994;50168015;Node_0;1021;314.957;47.4
Zone_265;50168015;50169036;Node_0;1021;314.485;42.9
Zone_266;50169036;50170057;Node_0;1021;314.098;40.0
Zone_267;50170057;50171078;Node_0;1021;315.886;42.9
Zone_268;50171078;50172099;Node_0;1021;315.942;42.9
Zone_269;50172099;50173120;Node_0;1021;314.88;39.8
Zone_270;50173120;50174141;Node_0;1021;315.509;34.9
Zone_271;50174141;50175162;Node_0;1021;315.18;33.6
Zone_272;50175162;50176183;Node_0;1021;314.02;43.5
Zone_273;50176183;50177204;Node_0;1021;314.632;44.3
Zone_274;50177204;50178225;Node_0;1021;317.412;48.1
Zone_275;50178225;50179246;Node_0;1021;314.158;40.0
Zone_276;50179246;50180267;Node_0;1021;314.828;36.9
Zone_277;50180267;50181288;Node_0;1021;316.033;40.5
Zone_278;50181288;50182309;Node_0;1021;315.036;46.2
Zone_279;50182309;50183330;Node_0;1021;315.721;43.9
Zone_280;50183330;50184351;Node_0;1021;314.952;49.4
Zone_281;50184351;50185372;Node_0;1021;315.252;41.0
Zone_282;50185372;50186393;Node_0;1021;315.942;40.8
Zone_283;50186393;50187414;Node_0;1021;316.781;46.1
Zone_284;50187414;50188435;Node_0;1021;315.867;43.7
Zone_285;50188435;50189456;Node_0;1021;315.584;49.2
Zone_286;50189456;50190477;Node_0;1021;316.383;45.7
Zone_287;50190477;50191498;Node_0;1021;314.408;44.5
Zone_288;50191498;50192519;Node_0;1021;316.409;45.8
Zone_289;50192519;50193540;Node_0;1021;315.236;40.6
Zone_290;50193540;50194561;Node_0;1021;315.286;42.6
Zone_291;50194561;50195582;Node_0;1021;317.949;47.9
Zone_292;50195582;50196603;Node_0;1021;315.117;46.5
Zone_293;50196603;50197624;Node_0;1021;315.752;38.5
Zone_294;50197624;50198645;Node_0;1021;314.873;43.4
Zone_295;50198645;50199666;Node_0;1021;315.037;39.5
Zone_296;50199666;50200687;Node_0;1021;315.728;38.3
Zone_297;50200687;50201708;Node_0;1021;314.943;40.2
Zone_298;50201708;50202729;Node_0;1021;316.394;30.6
Zone_299;50202729;50203750;Node_0;1021;315.826;32.8
Zone_300;50203750;50204771;Node_0;1021;314.888;37.0
Zone_301;50204771;50205792;Node_0;1021;314.602;34.4
Zone_302;50205792;50206813;Node_0;1021;314.438;36.0
Zone_303;50206813;50207834;Node_0;1021;315.398;40.7
Zone_304;50207834;50208855;Node_0;1021;317.824;45.8
Zone_305;50208855;50209876;Node_0;1021;315.365;46.5
Zone_306;50209876;50210897;Node_0;1021;315.167;42.4
Zone_307;50210897;50211918;Node_0;1021;315.343;44.6
Zone_308;50211918;50212939;Node_0;1021;313.697;43.1
Zone_309;50212939;50213960;Node_0;1021;312.34;45.6
Zone_310;50213960;50214981;Node_0;1021;314.115;49.6
Zone_311;50214981;50216002;Node_0;1021;310.805;45.4
Zone_312;50216002;50217023;Node_0;1021;311.901;39.3
Zone_313;50217023;50218044;Node_0;1021;316.497;44.2
Zone_314;50218044;50219065;Node_0;1021;313.749;44.1
Zone_315;50219065;50220086;Node_0;1021;315.762;39.3
Zone_316;50220086;50221107;Node_0;1021;314.527;43.6
Zone_317;50221107;50222128;Node_0;1021;314.648;40.5
Zone_318;50222128;50223149;Node_0;1021;315.082;38.9
Zone_319;50223149;50224170;Node_0;1021;315.078;43.2
Zone_320;50224170;50225191;Node_0;1021;317.052;46.1
Zone_321;50225191;50226212;Node_0;1021;316.188;49.3
Zone_322;50226212;50227233;Node_0;1021;316.102;45.4
Zone_323;50227233;50228254;Node_0;1021;315.182;43.3
Zone_324;50228254;50229275;Node_0;1021;316.509;39.8
Zone_325;50229275;50230296;Node_0;1021;314.705;46.4
Zone_326;50230296;50231317;Node_0;1021;315.824;44.1
Zone_327;50231317;50232338;Node_0;1021;314.874;40.1
Zone_328;50232338;50233359;Node_0;1021;316.071;43.8
Zone_329;50233359;50234380;Node_0;1021;316.16;42.9
Zone_330;50234380;50235401;Node_0;1021;316.881;49.6
Zone_331;50235401;50236422;Node_0;1021;315.504;44.3
Zone_332;50236422;50237443;Node_0;1021;313.226;48.6
Zone_333;50237443;50238464;Node_0;1021;315.97;41.7
Zone_334;50238464;50239485;Node_0;1021;315.066;49.1
Zone_335;50239485;50240506;Node_0;1021;315.445;41.4
Zone_336;50240506;50241527;Node_0;1021;314.369;40.2
Zone_337;50241527;50242548;Node_0;1021;315.532;39.2
Zone_338;50242548;50243569;Node_0;1021;315.446;38.6
Zone_339;50243569;50244590;Node_0;1021;314.104;46.4
Zone_340;50244590;50245611;Node_0;1021;315.885;48.6
Zone_341;50245611;50246632;Node_0;1021;315.97;49.7
Zone_342;50246632;50247653;Node_0;1021;315.917;40.0
Zone_343;50247653;50248674;Node_0;1021;316.219;44.6
Zone_344;50248674;50249695;Node_0;1021;313.781;49.0
Zone_345;50249695;50250716;Node_0;1021;316.35;43.2
Zone_346;50250716;50251737;Node_0;1021;313.918;47.9
Zone_347;50251737;50252758;Node_0;1021;315.158;51.8
Zone_348;50252758;50253779;Node_0;1021;314.005;45.7
Zone_349;50253779;50254800;Node_0;1021;315.354;41.1
Zone_350;50254800;50255821;Node_0;1021;315.692;45.8
Zone_351;50255821;50256842;Node_0;1021;315.56;44.6
Zone_352;50256842;50257863;Node_0;1021;317.644;42.9
Zone_353;50257863;50258884;Node_0;1021;315.784;41.0
Zone_354;50258884;50259905;Node_0;1021;314.567;39.1
Zone_355;50259905;50260926;Node_0;1021;317.29;44.9
Zone_356;50260926;50261947;Node_0;1021;313.781;46.3
Zone_357;50261947;50262968;Node_0;1021;315.358;45.4
Zone_358;50262968;50263989;Node_0;1021;315.561;43.2
Zone_359;50263989;50265010;Node_0;1021;314.738;46.4
Zone_360;50265010;50266031;Node_0;1021;313.005;50.0
Zone_361;50266031;50267052;Node_0;1021;315.475;41.2
Zone_362;50267052;50268073;Node_0;1021;315.027;43.8
Zone_363;50268073;50269094;Node_0;1021;314.679;42.0
Zone_364;50269094;50270115;Node_0;1021;316.658;36.9
Zone_365;50270115;50271136;Node_0;1021;316.064;32.3
Zone_366;50271136;50272157;Node_0;1021;312.479;53.3
Zone_367;50272157;50273178;Node_0;1021;316.506;48.7
Zone_368;50273178;50274199;Node_0;1021;317.554;47.4
Zone_369;50274199;50275220;Node_0;1021;314.419;38.9
Zone_370;50275220;50276241;Node_0;1021;314.132;51.2
Zone_371;50276241;50277262;Node_0;1021;316.908;44.1
Zone_372;50277262;50278283;Node_0;1021;314.078;47.3
Zone_373;50278283;50279304;Node_0;1021;315.488;46.4
Zone_374;50279304;50280325;Node_0;1021;313.66;43.9
Zone_375;50280325;50281346;Node_0;1021;314.272;45.0
Zone_376;50281346;50282367;Node_0;1021;316.288;42.6
Zone_377;50282367;50283388;Node_0;1021;316.343;41.2
Zone_378;50283388;50284409;Node_0;1021;316.448;46.8
Zone_379;50284409;50285430;Node_0;1021;315.842;47.4
Zone_380;50285430;50286451;Node_0;1021;314.425;47.4
Zone_381;50286451;50287472;Node_0;1021;315.836;48.4
Zone_382;50287472;50288493;Node_0;1021;312.894;44.3
Zone_383;50288493;50289514;Node_0;1021;313.782;53.3
Zone_384;50289514;50290535;Node_1;1021;314.851;50.2
Zone_385;50290535;50291556;Node_1;1021;316.521;45.5
Zone_386;50291556;50292577;Node_1;1021;317.369;48.2
Zone_387;50292577;50293598;Node_1;1021;316.534;48.0
Zone_388;50293598;50294619;Node_1;1021;314.661;40.1
Zone_389;50294619;50295640;Node_1;1021;315.104;42.6
Zone_390;50295640;50296661;Node_1;1021;313.149;46.6
Zone_391;50296661;50297682;Node_1;1021;316.299;45.7
Zone_392;50297682;50298703;Node_1;1021;312.464;47.5
Zone_393;50298703;50299724;Node_1;1021;315.599;41.1
Zone_394;50299724;50300745;Node_1;1021;316.598;47.8
Zone_395;50300745;50301766;Node_1;1021;314.454;50.7
Zone_396;50301766;50302787;Node_1;1021;314.803;37.7
Zone_397;50302787;50303808;Node_1;1021;315.876;40.9
Zone_398;50303808;50304829;Node_1;1021;317.152;38.6
Zone_399;50304829;50305850;Node_1;1021;314.73;44.1
Zone_400;50305850;50306871;Node_1;1021;315.6;47.2
Zone_401;50306871;50307892;Node_1;1021;314.427;39.2
Zone_402;50307892;50308913;Node_1;1021;314.685;40.9
Zone_403;50308913;50309934;Node_1;1021;315.166;43.8
Zone_404;50309934;50310955;Node_1;1021;313.478;43.8
Zone_405;50310955;50311976;Node_1;1021;315.124;45.2
Zone_406;50311976;50312997;Node_1;1021;315.018;40.4
Zone_407;50312997;50314018;Node_1;1021;316.056;49.8
Zone_408;50314018;50315039;Node_1;1021;314.774;40.2
Zone_409;50315039;50316060;Node_1;1021;314.534;51.5
Zone_410;50316060;50317081;Node_1;1021;318.07;48.4
Zone_411;50317081;50318102;Node_1;1021;314.027;45.5
Zone_412;50318102;50319123;Node_1;1021;314.665;46.3
Zone_413;50319123;50320144;Node_1;1021;315.087;48.3
Zone_414;50320144;50321165;Node_1;1021;314.484;42.0
Zone_415;50321165;50322186;Node_1;1021;314.503;44.5
Zone_416;50322186;50323207;Node_1;1021;314.898;48.2
Zone_417;50323207;50324228;Node_1;1021;314.675;52.9
Zone_418;50324228;50325249;Node_1;1021;316.261;35.9
Zone_419;50325249;50326270;Node_1;1021;316.49;40.1
Zone_420;50326270;50327291;Node_1;1021;315.236;49.7
Zone_421;50327291;50328312;Node_1;1021;316.72;37.2
Zone_422;50328312;50329333;Node_1;1021;314.884;45.2
Zone_423;50329333;50330354;Node_1;1021;315.775;46.6
Zone_424;50330354;50331375;Node_1;1021;315.646;38.5
Zone_425;50331375;50332396;Node_1;1021;317.819;43.3
Zone_426;50332396;50333417;Node_1;1021;315.411;58.7
Zone_427;50333417;50334438;Node_1;1021;315.509;56.8
Zone_428;50334438;50335459;Node_1;1021;315.922;52.1
Zone_429;50335459;50336480;Node_1;1021;317.217;50.1
Zone_430;50336480;50337501;Node_1;1021;314.011;42.2
Zone_431;50337501;50338522;Node_1;1021;313.8;42.1
Zone_432;50338522;50339543;Node_1;1021;314.201;31.8
Zone_433;50339543;50340564;Node_1;1021;315.061;39.5
Zone_434;50340564;50341585;Node_1;1021;312.873;51.1
Zone_435;50341585;50342606;Node_1;1021;314.922;45.5
Zone_436;50342606;50343627;Node_1;1021;314.38;43.5
Zone_437;50343627;50344648;Node_1;1021;314.124;48.9
Zone_438;50344648;50345669;Node_1;1021;316.302;49.5
Zone_439;50345669;50346690;Node_1;1021;316.062;42.5
Zone_440;50346690;50347711;Node_1;1021;315.239;50.0
Zone_441;50347711;50348732;Node_1;1021;314.689;49.7
Zone_442;50348732;50349753;Node_1;1021;312.878;55.0
Zone_443;50349753;50350774;Node_1;1021;313.581;51.9
Zone_444;50350774;50351795;Node_1;1021;313.512;50.9
Zone_445;50351795;50352816;Node_1;1021;316.016;44.6
Zone_446;50352816;50353837;Node_1;1021;315.746;40.1
Zone_447;50353837;50354858;Node_1;1021;314.062;41.8
Zone_448;50354858;50355879;Node_1;1021;315.583;45.1
Zone_449;50355879;50356900;Node_1;1021;315.688;38.5
Zone_450;50356900;50357921;Node_1;1021;315.052;50.5
Zone_451;50357921;50358942;Node_1;1021;316.853;51.1
Zone_452;50358942;50359963;Node_1;1021;314.751;58.2
Zone_453;50359963;50360984;Node_1;1021;317.061;43.4
Zone_454;50360984;50362005;Node_1;1021;315.792;39.0
Zone_455;50362005;50363026;Node_1;1021;315.93;37.2
Zone_456;50363026;50364047;Node_1;1021;315.081;37.3
Zone_457;50364047;50365068;Node_1;1021;315.351;35.0
Zone_458;50365068;50366089;Node_1;1021;316.326;39.3
Zone_459;50366089;50367110;Node_1;1021;313.042;40.8
Zone_460;50367110;50368131;Node_1;1021;315.353;41.3
Zone_461;50368131;50369152;Node_1;1021;317.312;51.4
Zone_462;50369152;50370173;Node_1;1021;318.292;48.0
Zone_463;50370173;50371194;Node_1;1021;312.911;51.4
Zone_464;50371194;50372215;Node_1;1021;312.061;48.1
Zone_465;50372215;50373236;Node_1;1021;313.102;47.4
Zone_466;50373236;50374257;Node_1;1021;316.274;38.3
Zone_467;50374257;50375278;Node_1;1021;315.469;36.5
Zone_468;50375278;50376299;Node_1;1021;315.512;35.8
Zone_469;50376299;50377320;Node_1;1021;317.345;38.3
Zone_470;50377320;50378341;Node_1;1021;315.351;45.7
Zone_471;50378341;50379362;Node_1;1021;316.539;42.7
Zone_472;50379362;50380383;Node_1;1021;314.409;41.1
Zone_473;50380383;50381404;Node_1;1021;314.669;49.7
Zone_474;50381404;50382425;Node_1;1021;316.314;66.4
Zone_475;50382425;50383446;Node_1;1021;314.824;35.3
Zone_476;50383446;50384467;Node_1;1021;313.86;39.5
Zone_477;50384467;50385488;Node_1;1021;313.842;38.7
Zone_478;50385488;50386509;Node_1;1021;314.762;36.9
Zone_479;50386509;50387530;Node_1;1021;316.007;41.5
Zone_480;50387530;50388551;Node_1;1021;315.658;41.1
Zone_481;50388551;50389572;Node_1;1021;313.929;41.0
Zone_482;50389572;50390593;Node_1;1021;314.617;39.9
Zone_483;50390593;50391614;Node_1;1021;314.912;32.6
Zone_484;50391614;50392635;Node_1;1021;313.588;33.2
Zone_485;50392635;50393656;Node_1;1021;314.563;42.8
Zone_486;50393656;50394677;Node_1;1021;314.349;36.1
Zone_487;50394677;50395698;Node_1;1021;313.556;32.7
Zone_488;50395698;50396719;Node_1;1021;315.269;38.3
Zone_489;50396719;50397740;Node_1;1021;315.201;41.2
Zone_490;50397740;50398761;Node_1;1021;316.89;42.9
Zone_491;50398761;50399782;Node_1;1021;313.364;44.3
Zone_492;50399782;50400803;Node_1;1021;314.144;35.3
Zone_493;50400803;50401824;Node_1;1021;315.134;35.7
Zone_494;50401824;50402845;Node_1;1021;315.321;36.4
Zone_495;50402845;50403866;Node_1;1021;316.283;38.7
Zone_496;50403866;50404887;Node_1;1021;314.448;40.2
Zone_497;50404887;50405908;Node_1;1021;316.156;42.8
Zone_498;50405908;50406929;Node_1;1021;314.846;35.9
Zone_499;50406929;50407950;Node_1;1021;316.168;36.3
Zone_500;50407950;50408971;Node_1;1021;316.18;32.7
Zone_501;50408971;50409992;Node_1;1021;316.126;30.7
Zone_502;50409992;50411013;Node_1;1021;316.951;38.1
Zone_503;50411013;50412034;Node_1;1021;316.876;35.7
Zone_504;50412034;50413055;Node_1;1021;315.753;35.6
Zone_505;50413055;50414076;Node_1;1021;315.64;48.8
Zone_506;50414076;50415097;Node_1;1021;313.014;50.0
Zone_507;50415097;50416118;Node_1;1021;315.319;64.0
Zone_508;50416118;50417139;Node_1;1021;314.71;57.3
Zone_509;50417139;50418160;Node_1;1021;315.056;50.6
Zone_510;50418160;50419181;Node_1;1021;316.513;66.2
Zone_511;50419181;50420202;Node_1;1021;313.726;64.2
Zone_512;50420202;50421223;Node_1;1021;316.486;60.8
Zone_513;50421223;50422244;Node_1;1021;317.566;57.8
Zone_514;50422244;50423265;Node_1;1021;314.435;60.6
Zone_515;50423265;50424286;Node_1;1021;315.866;60.2
Zone_516;50424286;50425307;Node_1;1021;314.531;52.6
Zone_517;50425307;50426328;Node_1;1021;315.496;57.8
Zone_518;50426328;50427349;Node_1;1021;315.091;59.5
Zone_519;50427349;50428370;Node_1;1021;315.082;56.2
Zone_520;50428370;50429391;Node_1;1021;314.725;33.5
Zone_521;50429391;50430412;Node_1;1021;314.862;35.8
Zone_522;50430412;50431433;Node_1;1021;314.436;56.3
Zone_523;50431433;50432454;Node_1;1021;314.72;52.2
Zone_524;50432454;50433475;Node_1;1021;315.158;46.9
Zone_525;50433475;50434496;Node_1;1021;316.795;43.3
Zone_526;50434496;50435517;Node_1;1021;317.831;44.2
Zone_527;50435517;50436538;Node_1;1021;315.631;43.1
Zone_528;50436538;50437559;Node_1;1021;314.719;41.5
Zone_529;50437559;50438580;Node_1;1021;316.488;44.5
Zone_530;50438580;50439601;Node_1;1021;316.406;40.5
Zone_531;50439601;50440622;Node_1;1021;315.852;43.4
Zone_532;50440622;50441643;Node_1;1021;315.994;41.9
Zone_533;50441643;50442664;Node_1;1021;316.702;42.4
Zone_534;50442664;50443685;Node_1;1021;316.245;44.6
Zone_535;50443685;50444706;Node_1;1021;315.5;47.3
Zone_536;50444706;50445727;Node_1;1021;316.109;40.2
Zone_537;50445727;50446748;Node_1;1021;315.266;38.0
Zone_538;50446748;50447769;Node_1;1021;314.341;45.2
Zone_539;50447769;50448790;Node_1;1021;315.289;41.8
Zone_540;50448790;50449811;Node_1;1021;314.552;38.0
Zone_541;50449811;50450832;Node_1;1021;315.627;40.1
Zone_542;50450832;50451853;Node_1;1021;316.503;41.0
Zone_543;50451853;50452874;Node_1;1021;316.519;42.1
Zone_544;50452874;50453895;Node_1;1021;315.439;43.4
Zone_545;50453895;50454916;Node_1;1021;313.945;43.4
Zone_546;50454916;50455937;Node_1;1021;315.064;41.3
Zone_547;50455937;50456958;Node_1;1021;315.924;43.2
Zone_548;50456958;50457979;Node_1;1021;316.84;42.2
Zone_549;50457979;50459000;Node_1;1021;315.272;38.7
Zone_550;50459000;50460021;Node_1;1021;313.467;43.2
Zone_551;50460021;50461042;Node_1;1021;315.169;39.2
Zone_552;50461042;50462063;Node_1;1021;314.694;35.7
Zone_553;50462063;50463084;Node_1;1021;315.42;37.8
Zone_554;50463084;50464105;Node_1;1021;315.574;40.9
Zone_555;50464105;50465126;Node_1;1021;314.733;39.7
Zone_556;50465126;50466147;Node_1;1021;317.829;38.9
Zone_557;50466147;50467168;Node_1;1021;316.145;39.9
Zone_558;50467168;50468189;Node_1;1021;315.589;44.4
Zone_559;50468189;50469210;Node_1;1021;314.22;40.9
Zone_560;50469210;50470231;Node_1;1021;316.959;37.2
Zone_561;50470231;50471252;Node_1;1021;314.432;34.5
Zone_562;50471252;50472273;Node_1;1021;317.713;41.7
Zone_563;50472273;50473294;Node_1;1021;315.197;42.8
Zone_564;50473294;50474315;Node_1;1021;315.356;38.5
Zone_565;50474315;50475336;Node_1;1021;315.159;37.4
Zone_566;50475336;50476357;Node_1;1021;316.384;38.1
Zone_567;50476357;50477378;Node_1;1021;316.451;33.9
Zone_568;50477378;50478399;Node_1;1021;315.059;38.5
Zone_569;50478399;50479420;Node_1;1021;314.334;35.4
Zone_570;50479420;50480441;Node_1;1021;314.827;34.3
Zone_571;50480441;50481462;Node_1;1021;315.882;33.8
Zone_572;50481462;50482483;Node_1;1021;316.445;37.0
Zone_573;50482483;50483504;Node_1;1021;314.66;31.4
Zone_574;50483504;50484525;Node_1;1021;317.418;35.0
Zone_575;50484525;50485546;Node_1;1021;316.164;40.0
Zone_576;50485546;50486567;Node_1;1021;315.642;41.8
Zone_577;50486567;50487588;Node_1;1021;314.685;34.5
Zone_578;50487588;50488609;Node_1;1021;315.802;36.7
Zone_579;50488609;50489630;Node_1;1021;314.441;35.7
Zone_580;50489630;50490651;Node_1;1021;317.885;42.3
Zone_581;50490651;50491672;Node_1;1021;314.113;37.4
Zone_582;50491672;50492693;Node_1;1021;314.593;33.4
Zone_583;50492693;50493714;Node_1;1021;314.025;37.6
Zone_584;50493714;50494735;Node_1;1021;314.892;40.0
Zone_585;50494735;50495756;Node_1;1021;314.126;34.5
Zone_586;50495756;50496777;Node_1;1021;315.541;38.1
Zone_587;50496777;50497798;Node_1;1021;316.342;37.6
Zone_588;50497798;50498819;Node_1;1021;316.007;38.7
Zone_589;50498819;50499840;Node_1;1021;315.966;35.1
Zone_590;50499840;50500861;Node_1;1021;316.09;27.9
Zone_591;50500861;50501882;Node_1;1021;316.006;37.6
Zone_592;50501882;50502903;Node_1;1021;316.322;37.8
Zone_593;50502903;50503924;Node_1;1021;316.282;38.6
Zone_594;50503924;50504945;Node_1;1021;316.862;33.5
Zone_595;50504945;50505966;Node_1;1021;316.698;37.2
Zone_596;50505966;50506987;Node_1;1021;314.327;37.8
Zone_597;50506987;50508008;Node_1;1021;316.472;37.9
Zone_598;50508008;50509029;Node_1;1021;315.852;39.6
Zone_599;50509029;50510050;Node_1;1021;316.485;43.0
Zone_600;50510050;50511071;Node_1;1021;315.818;35.7
Zone_601;50511071;50512092;Node_1;1021;314.403;40.9
Zone_602;50512092;50513113;Node_1;1021;315.694;38.1
Zone_603;50513113;50514134;Node_1;1021;315.414;40.3
Zone_604;50514134;50515155;Node_1;1021;315.181;35.3
Zone_605;50515155;50516176;Node_1;1021;314.529;35.5
Zone_606;50516176;50517197;Node_1;1021;314.741;35.7
Zone_607;50517197;50518218;Node_1;1021;314.613;33.3
Zone_608;50518218;50519239;Node_1;1021;315.143;44.1
Zone_609;50519239;50520260;Node_1;1021;317.122;40.9
Zone_610;50520260;50521281;Node_1;1021;314.944;39.2
Zone_611;50521281;50522302;Node_1;1021;315.628;35.4
Zone_612;50522302;50523323;Node_1;1021;313.692;33.6
Zone_613;50523323;50524344;Node_1;1021;314.611;35.1
Zone_614;50524344;50525365;Node_1;1021;314.788;39.8
Zone_615;50525365;50526386;Node_1;1021;315.374;36.8
Zone_616;50526386;50527407;Node_1;1021;314.776;42.3
Zone_617;50527407;50528428;Node_1;1021;312.92;40.5
Zone_618;50528428;50529449;Node_1;1021;314.466;34.4
Zone_619;50529449;50530470;Node_1;1021;315.859;34.8
Zone_620;50530470;50531491;Node_1;1021;316.459;35.8
Zone_621;50531491;50532512;Node_1;1021;315.444;31.8
Zone_622;50532512;50533533;Node_1;1021;314.507;39.8
Zone_623;50533533;50534554;Node_1;1021;313.911;38.6
Zone_624;50534554;50535575;Node_1;1021;314.821;32.3
Zone_625;50535575;50536596;Node_1;1021;315.061;33.8
Zone_626;50536596;50537617;Node_1;1021;315.625;34.4
Zone_627;50537617;50538638;Node_1;1021;315.313;31.0
Zone_628;50538638;50539659;Node_1;1021;314.817;33.6
Zone_629;50539659;50540680;Node_1;1021;315.016;37.3
Zone_630;50540680;50541701;Node_1;1021;315.589;33.8
Zone_631;50541701;50542722;Node_1;1021;316.057;34.5
Zone_632;50542722;50543743;Node_1;1021;316.269;32.1
Zone_633;50543743;50544764;Node_1;1021;315.396;38.2
Zone_634;50544764;50545785;Node_1;1021;316.218;35.9
Zone_635;50545785;50546806;Node_1;1021;316.241;41.2
Zone_636;50546806;50547827;Node_1;1021;314.788;43.1
Zone_637;50547827;50548848;Node_1;1021;315.13;35.0
Zone_638;50548848;50549869;Node_1;1021;315.182;42.8
Zone_639;50549869;50550890;Node_1;1021;315.68;40.5
Zone_640;50550890;50551911;Node_1;1021;316.104;31.6
Zone_641;50551911;50552932;Node_1;1021;316.625;39.9
Zone_642;50552932;50553953;Node_1;1021;317.932;37.7
Zone_643;50553953;50554974;Node_1;1021;315.373;35.8
Zone_644;50554974;50555995;Node_1;1021;315.663;38.6
Zone_645;50555995;50557016;Node_1;1021;316.813;42.0
Zone_646;50557016;50558037;Node_1;1021;315.39;35.1
Zone_647;50558037;50559058;Node_1;1021;316.27;36.9
Zone_648;50559058;50560079;Node_1;1021;315.288;41.5
Zone_649;50560079;50561100;Node_1;1021;315.321;40.3
Zone_650;50561100;50562121;Node_1;1021;317.375;46.5
Zone_651;50562121;50563142;Node_1;1021;314.264;35.2
Zone_652;50563142;50564163;Node_1;1021;315.104;35.3
Zone_653;50564163;50565184;Node_1;1021;315.318;32.0
Zone_654;50565184;50566205;Node_1;1021;315.047;32.6
Zone_655;50566205;50567226;Node_1;1021;316.167;33.0
Zone_656;50567226;50568247;Node_1;1021;315.479;29.1
Zone_657;50568247;50569268;Node_1;1021;315.852;37.2
Zone_658;50569268;50570289;Node_1;1021;315.487;39.2
Zone_659;50570289;50571310;Node_1;1021;315.678;35.4
Zone_660;50571310;50572331;Node_1;1021;315.42;36.6
Zone_661;50572331;50573352;Node_1;1021;315.155;41.9
Zone_662;50573352;50574373;Node_1;1021;317.232;43.4
Zone_663;50574373;50575394;Node_1;1021;315.299;39.2
Zone_664;50575394;50576415;Node_1;1021;315.592;31.1
Zone_665;50576415;50577436;Node_1;1021;314.642;48.3
Zone_666;50577436;50578457;Node_1;1021;315.603;35.7
Zone_667;50578457;50579478;Node_1;1021;316.298;31.6
Zone_668;50579478;50580499;Node_1;1021;315.898;27.3
Zone_669;50580499;50581520;Node_1;1021;313.986;33.1
Zone_670;50581520;50582541;Node_1;1021;317.176;38.8
Zone_671;50582541;50583562;Node_1;1021;315.061;28.1
Zone_672;50583562;50584583;Node_1;1021;314.945;29.8
Zone_673;50584583;50585604;Node_1;1021;315.395;33.8
Zone_674;50585604;50586625;Node_1;1021;315.623;37.6
Zone_675;50586625;50587646;Node_1;1021;314.215;35.2
Zone_676;50587646;50588667;Node_1;1021;316.412;43.2
Zone_677;50588667;50589688;Node_1;1021;317.372;50.7
Zone_678;50589688;50590709;Node_1;1021;314.449;33.6
Zone_679;50590709;50591730;Node_1;1021;315.623;45.2
Zone_680;50591730;50592751;Node_1;1021;314.341;37.0
Zone_681;50592751;50593772;Node_1;1021;316.133;37.6
Zone_682;50593772;50594793;Node_1;1021;316.442;42.8
Zone_683;50594793;50595814;Node_1;1021;314.156;44.0
Zone_684;50595814;50596835;Node_1;1021;315.611;38.5
Zone_685;50596835;50597856;Node_1;1021;316.012;29.9
Zone_686;50597856;50598877;Node_1;1021;316.452;44.8
Zone_687;50598877;50599898;Node_1;1021;315.57;39.4
Zone_688;50599898;50600919;Node_1;1021;315.171;29.5
Zone_689;50600919;50601940;Node_1;1021;315.313;35.7
Zone_690;50601940;50602961;Node_1;1021;313.925;39.3
Zone_691;50602961;50603982;Node_1;1021;314.734;36.8
Zone_692;50603982;50605003;Node_1;1021;314.197;41.2
Zone_693;50605003;50606024;Node_1;1021;314.793;34.3
Zone_694;50606024;50607045;Node_1;1021;315.043;38.6
Zone_695;50607045;50608066;Node_1;1021;314.251;42.2
Zone_696;50608066;50609087;Node_1;1021;315.945;42.6
Zone_697;50609087;50610108;Node_1;1021;314.529;39.9
Zone_698;50610108;50611129;Node_1;1021;315.095;34.3
Zone_699;50611129;50612150;Node_1;1021;315.528;34.5
Zone_700;50612150;50613171;Node_1;1021;314.578;36.9
Zone_701;50613171;50614192;Node_1;1021;315.542;35.4
Zone_702;50614192;50615213;Node_1;1021;315.785;40.4
Zone_703;50615213;50616234;Node_1;1021;314.662;35.1
Zone_704;50616234;50617255;Node_1;1021;314.663;39.9
Zone_705;50617255;50618276;Node_1;1021;314.944;34.1
Zone_706;50618276;50619297;Node_1;1021;314.606;42.9
Zone_707;50619297;50620318;Node_1;1021;314.574;41.1
Zone_708;50620318;50621339;Node_1;1021;315.839;49.0
Zone_709;50621339;50622360;Node_1;1021;315.095;51.5
Zone_710;50622360;50623381;Node_1;1021;314.889;42.5
Zone_711;50623381;50624402;Node_1;1021;316.958;48.4
Zone_712;50624402;50625423;Node_1;1021;314.116;40.0
Zone_713;50625423;50626444;Node_1;1021;317.533;34.3
Zone_714;50626444;50627465;Node_1;1021;318.324;36.3
Zone_715;50627465;50628486;Node_1;1021;316.919;34.5
Zone_716;50628486;50629507;Node_1;1021;315.199;40.0
Zone_717;50629507;50630528;Node_1;1021;315.894;38.0
Zone_718;50630528;50631549;Node_1;1021;313.591;38.9
Zone_719;50631549;50632570;Node_1;1021;315.732;32.1
Zone_720;50632570;50633591;Node_1;1021;314.548;36.2
Zone_721;50633591;50634612;Node_1;1021;314.95;34.5
Zone_722;50634612;50635633;Node_1;1021;314.611;36.6
Zone_723;50635633;50636654;Node_1;1021;314.853;40.9
Zone_724;50636654;50637675;Node_1;1021;315.038;37.3
Zone_725;50637675;50638696;Node_1;1021;313.947;34.7
Zone_726;50638696;50639717;Node_1;1021;314.098;37.0
Zone_727;50639717;50640738;Node_1;1021;315.094;39.8
Zone_728;50640738;50641759;Node_1;1021;314.274;34.6
Zone_729;50641759;50642780;Node_1;1021;315.769;42.3
Zone_730;50642780;50643801;Node_1;1021;313.644;39.7
Zone_731;50643801;50644822;Node_1;1021;313.83;41.1
Zone_732;50644822;50645843;Node_1;1021;315.352;43.8
Zone_733;50645843;50646864;Node_1;1021;314.06;32.8
Zone_734;50646864;50647885;Node_1;1021;314.765;40.7
Zone_735;50647885;50648906;Node_1;1021;317.555;46.0
Zone_736;50648906;50649927;Node_1;1021;315.693;44.8
Zone_737;50649927;50650948;Node_1;1021;316.421;44.3
Zone_738;50650948;50651969;Node_1;1021;314.822;33.3
Zone_739;50651969;50652990;Node_1;1021;314.595;36.2
Zone_740;50652990;50654011;Node_1;1021;314.822;41.8
Zone_741;50654011;50655032;Node_1;1021;315.603;28.8
Zone_742;50655032;50656053;Node_1;1021;315.614;38.9
Zone_743;50656053;50657074;Node_1;1021;316.733;45.0
Zone_744;50657074;50658095;Node_1;1021;315.094;37.5
Zone_745;50658095;50659116;Node_1;1021;315.745;31.5
Zone_746;50659116;50660137;Node_1;1021;317.243;35.4
Zone_747;50660137;50661158;Node_1;1021;315.356;36.0
Zone_748;50661158;50662179;Node_1;1021;314.472;33.9
Zone_749;50662179;50663200;Node_1;1021;315.06;36.5
Zone_750;50663200;50664221;Node_1;1021;314.348;42.2
Zone_751;50664221;50665242;Node_1;1021;315.479;40.4
Zone_752;50665242;50666263;Node_1;1021;315.588;39.2
Zone_753;50666263;50667284;Node_1;1021;315.478;45.6
Zone_754;50667284;50668305;Node_1;1021;314.586;37.7
Zone_755;50668305;50669326;Node_1;1021;314.426;37.2
Zone_756;50669326;50670347;Node_1;1021;317.001;38.8
Zone_757;50670347;50671368;Node_1;1021;316.587;40.3
Zone_758;50671368;50672389;Node_1;1021;314.626;41.2
Zone_759;50672389;50673410;Node_1;1021;316.355;42.0
Zone_760;50673410;50674431;Node_1;1021;314.926;40.2
Zone_761;50674431;50675452;Node_1;1021;314.821;39.7
Zone_762;50675452;50676473;Node_1;1021;315.98;40.6
Zone_763;50676473;50677494;Node_1;1021;315.554;35.6
Zone_764;50677494;50678515;Node_1;1021;316.146;39.9
Zone_765;50678515;50679536;Node_1;1021;315.653;43.7
Zone_766;50679536;50680557;Node_1;1021;315.168;32.4
Zone_767;50680557;50681578;Node_1;1021;314.634;40.2
Zone_768;50681578;50682599;Node_2;1021;315.025;46.7
Zone_769;50682599;50683620;Node_2;1021;316.477;40.0
Zone_770;50683620;50684641;Node_2;1021;316.194;40.1
Zone_771;50684641;50685662;Node_2;1021;316.356;35.0
Zone_772;50685662;50686683;Node_2;1021;316.595;42.7
Zone_773;50686683;50687704;Node_2;1021;314.879;43.1
Zone_774;50687704;50688725;Node_2;1021;316.366;43.5
Zone_775;50688725;50689746;Node_2;1021;316.951;40.6
Zone_776;50689746;50690767;Node_2;1021;315.21;41.3
Zone_777;50690767;50691788;Node_2;1021;313.651;42.7
Zone_778;50691788;50692809;Node_2;1021;314.842;40.5
Zone_779;50692809;50693830;Node_2;1021;314.007;30.8
Zone_780;50693830;50694851;Node_2;1021;315.467;32.2
Zone_781;50694851;50695872;Node_2;1021;315.954;43.5
Zone_782;50695872;50696893;Node_2;1021;313.803;36.2
Zone_783;50696893;50697914;Node_2;1021;315.303;33.8
Zone_784;50697914;50698935;Node_2;1021;314.883;32.2
Zone_785;50698935;50699956;Node_2;1021;315.228;27.3
Zone_786;50699956;50700977;Node_2;1021;314.355;37.0
Zone_787;50700977;50701998;Node_2;1021;314.33;31.7
Zone_788;50701998;50703019;Node_2;1021;314.896;31.9
Zone_789;50703019;50704040;Node_2;1021;315.306;31.7
Zone_790;50704040;50705061;Node_2;1021;315.589;28.6
Zone_791;50705061;50706082;Node_2;1021;315.065;38.5
Zone_792;50706082;50707103;Node_2;1021;315.028;34.6
Zone_793;50707103;50708124;Node_2;1021;316.458;44.4
Zone_794;50708124;50709145;Node_2;1021;318.445;40.1
Zone_795;50709145;50710166;Node_2;1021;315.296;36.8
Zone_796;50710166;50711187;Node_2;1021;314.232;45.4
Zone_797;50711187;50712208;Node_2;1021;314.525;40.5
Zone_798;50712208;50713229;Node_2;1021;316.66;46.4
Zone_799;50713229;50714250;Node_2;1021;314.218;45.1
Zone_800;50714250;50715271;Node_2;1021;315.473;39.7
Zone_801;50715271;50716292;Node_2;1021;315.034;35.0
Zone_802;50716292;50717313;Node_2;1021;315.286;45.4
Zone_803;50717313;50718334;Node_2;1021;315.154;41.3
Zone_804;50718334;50719355;Node_2;1021;314.678;29.8
Zone_805;50719355;50720376;Node_2;1021;314.726;35.6
Zone_806;50720376;50721397;Node_2;1021;313.825;39.8
Zone_807;50721397;50722418;Node_2;1021;314.358;42.9
Zone_808;50722418;50723439;Node_2;1021;316.691;46.5
Zone_809;50723439;50724460;Node_2;1021;314.942;46.7
Zone_810;50724460;50725481;Node_2;1021;314.626;40.5
Zone_811;50725481;50726502;Node_2;1021;315.323;46.9
Zone_812;50726502;50727523;Node_2;1021;314.582;40.8
Zone_813;50727523;50728544;Node_2;1021;316.666;42.2
Zone_814;50728544;50729565;Node_2;1021;315.419;43.8
Zone_815;50729565;50730586;Node_2;1021;314.896;37.5
Zone_816;50730586;50731607;Node_2;1021;313.965;45.7
Zone_817;50731607;50732628;Node_2;1021;314.071;38.8
Zone_818;50732628;50733649;Node_2;1021;313.331;34.6
Zone_819;50733649;50734670;Node_2;1021;314.142;44.2
Zone_820;50734670;50735691;Node_2;1021;316.097;33.5
Zone_821;50735691;50736712;Node_2;1021;314.912;38.7
Zone_822;50736712;50737733;Node_2;1021;314.254;31.5
Zone_823;50737733;50738754;Node_2;1021;315.581;36.6
Zone_824;50738754;50739775;Node_2;1021;316.061;31.0
Zone_825;50739775;50740796;Node_2;1021;315.116;34.0
Zone_826;50740796;50741817;Node_2;1021;316.866;35.3
Zone_827;50741817;50742838;Node_2;1021;316.576;43.7
Zone_828;50742838;50743859;Node_2;1021;314.484;40.7
Zone_829;50743859;50744880;Node_2;1021;314.558;35.5
Zone_830;50744880;50745901;Node_2;1021;316.473;41.6
Zone_831;50745901;50746922;Node_2;1021;316.005;44.4
Zone_832;50746922;50747943;Node_2;1021;316.073;48.7
Zone_833;50747943;50748964;Node_2;1021;316.146;38.2
Zone_834;50748964;50749985;Node_2;1021;315.583;39.0
Zone_835;50749985;50751006;Node_2;1021;314.343;39.2
Zone_836;50751006;50752027;Node_2;1021;314.802;39.0
Zone_837;50752027;50753048;Node_2;1021;313.81;43.2
Zone_838;50753048;50754069;Node_2;1021;313.645;39.4
Zone_839;50754069;50755090;Node_2;1021;314.856;39.5
Zone_840;50755090;50756111;Node_2;1021;314.121;51.7
Zone_841;50756111;50757132;Node_2;1021;313.486;40.5
Zone_842;50757132;50758153;Node_2;1021;313.705;32.7
Zone_843;50758153;50759174;Node_2;1021;313.618;38.6
Zone_844;50759174;50760195;Node_2;1021;314.687;40.2
Zone_845;50760195;50761216;Node_2;1021;315.39;37.4
Zone_846;50761216;50762237;Node_2;1021;315.36;39.9
Zone_847;50762237;50763258;Node_2;1021;315.395;41.5
Zone_848;50763258;50764279;Node_2;1021;314.274;31.0
Zone_849;50764279;50765300;Node_2;1021;314.574;37.1
Zone_850;50765300;50766321;Node_2;1021;315.163;36.8
Zone_851;50766321;50767342;Node_2;1021;316.156;39.5
Zone_852;50767342;50768363;Node_2;1021;315.625;37.8
Zone_853;50768363;50769384;Node_2;1021;315.97;33.1
Zone_854;50769384;50770405;Node_2;1021;315.148;42.2
Zone_855;50770405;50771426;Node_2;1021;315.601;36.1
Zone_856;50771426;50772447;Node_2;1021;316.335;38.4
Zone_857;50772447;50773468;Node_2;1021;315.936;37.2
Zone_858;50773468;50774489;Node_2;1021;315.624;34.5
Zone_859;50774489;50775510;Node_2;1021;315.585;31.0
Zone_860;50775510;50776531;Node_2;1021;316.241;33.6
Zone_861;50776531;50777552;Node_2;1021;315.966;36.3
Zone_862;50777552;50778573;Node_2;1021;316.639;34.0
Zone_863;50778573;50779594;Node_2;1021;314.537;37.0
Zone_864;50779594;50780615;Node_2;1021;316.472;39.0
Zone_865;50780615;50781636;Node_2;1021;315.794;44.5
Zone_866;50781636;50782657;Node_2;1021;315.062;33.2
Zone_867;50782657;50783678;Node_2;1021;315.543;34.7
Zone_868;50783678;50784699;Node_2;1021;315.312;34.1
Zone_869;50784699;50785720;Node_2;1021;316.42;34.0
Zone_870;50785720;50786741;Node_2;1021;316.326;38.6
Zone_871;50786741;50787762;Node_2;1021;316.409;36.1
Zone_872;50787762;50788783;Node_2;1021;313.464;36.2
Zone_873;50788783;50789804;Node_2;1021;312.633;40.8
Zone_874;50789804;50790825;Node_2;1021;313.686;40.1
Zone_875;50790825;50791846;Node_2;1021;314.511;37.4
Zone_876;50791846;50792867;Node_2;1021;316.042;37.0
Zone_877;50792867;50793888;Node_2;1021;315.511;37.6
Zone_878;50793888;50794909;Node_2;1021;315.872;40.5
Zone_879;50794909;50795930;Node_2;1021;315.337;41.9
Zone_880;50795930;50796951;Node_2;1021;313.846;44.5
Zone_881;50796951;50797972;Node_2;1021;316.072;41.8
Zone_882;50797972;50798993;Node_2;1021;315.136;32.7
Zone_883;50798993;50800014;Node_2;1021;315.133;35.4
Zone_884;50800014;50801035;Node_2;1021;315.422;34.5
Zone_885;50801035;50802056;Node_2;1021;315.255;30.9
Zone_886;50802056;50803077;Node_2;1021;314.86;40.4
Zone_887;50803077;50804098;Node_2;1021;316.039;34.1
Zone_888;50804098;50805119;Node_2;1021;316.443;32.3
Zone_889;50805119;50806140;Node_2;1021;315.817;32.7
Zone_890;50806140;50807161;Node_2;1021;315.508;40.2
Zone_891;50807161;50808182;Node_2;1021;316.31;39.0
Zone_892;50808182;50809203;Node_2;1021;315.064;34.7
Zone_893;50809203;50810224;Node_2;1021;315.856;39.3
Zone_894;50810224;50811245;Node_2;1021;315.864;43.7
Zone_895;50811245;50812266;Node_2;1021;315.749;37.9
Zone_896;50812266;50813287;Node_2;1021;315.987;36.5
Zone_897;50813287;50814308;Node_2;1021;314.368;34.6
Zone_898;50814308;50815329;Node_2;1021;314.96;34.6
Zone_899;50815329;50816350;Node_2;1021;315.169;43.5
Zone_900;50816350;50817371;Node_2;1021;315.087;38.9
Zone_901;50817371;50818392;Node_2;1021;316.757;30.8
Zone_902;50818392;50819413;Node_2;1021;315.982;38.5
Zone_903;50819413;50820434;Node_2;1021;315.475;33.6
Zone_904;50820434;50821455;Node_2;1021;314.84;36.0
Zone_905;50821455;50822476;Node_2;1021;315.3;33.6
Zone_906;50822476;50823497;Node_2;1021;314.915;43.0
Zone_907;50823497;50824518;Node_2;1021;315.031;30.2
Zone_908;50824518;50825539;Node_2;1021;316.876;32.2
Zone_909;50825539;50826560;Node_2;1021;316.251;34.3
Zone_910;50826560;50827581;Node_2;1021;315.806;46.2
Zone_911;50827581;50828602;Node_2;1021;315.092;36.8
Zone_912;50828602;50829623;Node_2;1021;316.149;36.9
Zone_913;50829623;50830644;Node_2;1021;314.727;40.3
Zone_914;50830644;50831665;Node_2;1021;314.617;33.4
Zone_915;50831665;50832686;Node_2;1021;315.631;39.6
Zone_916;50832686;50833707;Node_2;1021;314.019;41.8
Zone_917;50833707;50834728;Node_2;1021;314.136;42.1
Zone_918;50834728;50835749;Node_2;1021;316.775;35.9
Zone_919;50835749;50836770;Node_2;1021;315.443;34.6
Zone_920;50836770;50837791;Node_2;1021;314.35;37.5
Zone_921;50837791;50838812;Node_2;1021;314.843;31.8
Zone_922;50838812;50839833;Node_2;1021;315.054;33.5
Zone_923;50839833;50840854;Node_2;1021;315.172;29.8
Zone_924;50840854;50841875;Node_2;1021;315.929;30.9
Zone_925;50841875;50842896;Node_2;1021;313.376;35.6
Zone_926;50842896;50843917;Node_2;1021;314.2;34.3
Zone_927;50843917;50844938;Node_2;1021;315.889;36.9
Zone_928;50844938;50845959;Node_2;1021;314.197;44.8
Zone_929;50845959;50846980;Node_2;1021;316.069;45.7
Zone_930;50846980;50848001;Node_2;1021;315.957;33.3
Zone_931;50848001;50849022;Node_2;1021;315.824;33.0
Zone_932;50849022;50850043;Node_2;1021;315.311;36.5
Zone_933;50850043;50851064;Node_2;1021;316.82;29.9
Zone_934;50851064;50852085;Node_2;1021;314.97;36.4
Zone_935;50852085;50853106;Node_2;1021;316.188;34.3
Zone_936;50853106;50854127;Node_2;1021;315.615;33.0
Zone_937;50854127;50855148;Node_2;1021;315.72;36.1
Zone_938;50855148;50856169;Node_2;1021;315.452;32.8
Zone_939;50856169;50857190;Node_2;1021;315.204;30.8
Zone_940;50857190;50858211;Node_2;1021;315.141;30.3
Zone_941;50858211;50859232;Node_2;1021;314.82;34.3
Zone_942;50859232;50860253;Node_2;1021;315.352;35.0
Zone_943;50860253;50861274;Node_2;1021;315.363;35.5
Zone_944;50861274;50862295;Node_2;1021;316.275;36.6
Zone_945;50862295;50863316;Node_2;1021;316.161;34.5
Zone_946;50863316;50864337;Node_2;1021;315.168;36.2
Zone_947;50864337;50865358;Node_2;1021;315.62;39.0
Zone_948;50865358;50866379;Node_2;1021;316.132;38.5
Zone_949;50866379;50867400;Node_2;1021;315.329;35.1
Zone_950;50867400;50868421;Node_2;1021;316.17;35.7
Zone_951;50868421;50869442;Node_2;1021;313.897;31.1
Zone_952;50869442;50870463;Node_2;1021;314.389;36.8
Zone_953;50870463;50871484;Node_2;1021;315.834;37.3
Zone_954;50871484;50872505;Node_2;1021;316.307;41.0
Zone_955;50872505;50873526;Node_2;1021;315.391;42.7
Zone_956;50873526;50874547;Node_2;1021;314.127;40.0
Zone_957;50874547;50875568;Node_2;1021;313.549;36.3
Zone_958;50875568;50876589;Node_2;1021;314.953;39.4
Zone_959;50876589;50877610;Node_2;1021;315.64;39.3
Zone_960;50877610;50878631;Node_2;1021;314.066;36.3
Zone_961;50878631;50879652;Node_2;1021;315.916;37.8
Zone_962;50879652;50880673;Node_2;1021;316.01;39.8
Zone_963;50880673;50881694;Node_2;1021;315.48;36.5
Zone_964;50881694;50882715;Node_2;1021;316.009;34.7
Zone_965;50882715;50883736;Node_2;1021;315.208;39.8
Zone_966;50883736;50884757;Node_2;1021;316.336;42.8
Zone_967;50884757;50885778;Node_2;1021;313.663;34.9
Zone_968;50885778;50886799;Node_2;1021;313.668;36.3
Zone_969;50886799;50887820;Node_2;1021;315.061;39.8
Zone_970;50887820;50888841;Node_2;1021;315.495;39.1
Zone_971;50888841;50889862;Node_2;1021;315.187;37.7
Zone_972;50889862;50890883;Node_2;1021;314.767;40.4
Zone_973;50890883;50891904;Node_2;1021;314.251;43.1
Zone_974;50891904;50892925;Node_2;1021;313.928;46.6
Zone_975;50892925;50893946;Node_2;1021;314.279;43.3
Zone_976;50893946;50894967;Node_2;1021;315.927;43.5
Zone_977;50894967;50895988;Node_2;1021;315.479;33.4
Zone_978;50895988;50897009;Node_2;1021;316.487;37.3
Zone_979;50897009;50898030;Node_2;1021;314.591;34.4
Zone_980;50898030;50899051;Node_2;1021;314.485;34.8
Zone_981;50899051;50900072;Node_2;1021;313.605;38.2
Zone_982;50900072;50901093;Node_2;1021;314.996;30.2
Zone_983;50901093;50902114;Node_2;1021;315.679;40.2
Zone_984;50902114;50903135;Node_2;1021;314.338;32.0
Zone_985;50903135;50904156;Node_2;1021;314.523;33.9
Zone_986;50904156;50905177;Node_2;1021;315.094;35.8
Zone_987;50905177;50906198;Node_2;1021;314.747;38.7
Zone_988;50906198;50907219;Node_2;1021;315.457;39.5
Zone_989;50907219;50908240;Node_2;1021;314.902;38.0
Zone_990;50908240;50909261;Node_2;1021;315.151;39.1
Zone_991;50909261;50910282;Node_2;1021;314.294;43.3
Zone_992;50910282;50911303;Node_2;1021;314.077;53.0
Zone_993;50911303;50912324;Node_2;1021;315.649;48.3
Zone_994;50912324;50913345;Node_2;1021;314.633;34.6
Zone_995;50913345;50914366;Node_2;1021;315.583;34.3
Zone_996;50914366;50915387;Node_2;1021;313.715;40.0
Zone_997;50915387;50916408;Node_2;1021;315.452;37.9
Zone_998;50916408;50917429;Node_2;1021;316.205;36.4
Zone_999;50917429;50918450;Node_2;1021;316.074;38.5
Zone_1000;50918450;50919471;Node_2;1021;315.193;32.9
Zone_1001;50919471;50920492;Node_2;1021;316.026;47.8
Zone_1002;50920492;50921513;Node_2;1021;314.854;39.2
Zone_1003;50921513;50922534;Node_2;1021;317.079;48.3
Zone_1004;50922534;50923555;Node_2;1021;316.317;40.4
Zone_1005;50923555;50924576;Node_2;1021;314.997;33.4
Zone_1006;50924576;50925597;Node_2;1021;316.023;38.2
Zone_1007;50925597;50926618;Node_2;1021;317.076;38.3
Zone_1008;50926618;50927639;Node_2;1021;316.525;38.3
Zone_1009;50927639;50928660;Node_2;1021;315.441;39.3
Zone_1010;50928660;50929681;Node_2;1021;316.089;37.1
Zone_1011;50929681;50930702;Node_2;1021;315.884;36.7
Zone_1012;50930702;50931723;Node_2;1021;315.241;37.4
Zone_1013;50931723;50932744;Node_2;1021;314.979;47.7
Zone_1014;50932744;50933765;Node_2;1021;313.106;47.1
Zone_1015;50933765;50934786;Node_2;1021;314.746;39.1
Zone_1016;50934786;50935807;Node_2;1021;314.16;37.5
Zone_1017;50935807;50936828;Node_2;1021;316.86;36.9
Zone_1018;50936828;50937849;Node_2;1021;316.255;36.5
Zone_1019;50937849;50938870;Node_2;1021;314.346;37.9
Zone_1020;50938870;50939891;Node_2;1021;315.602;35.6
Zone_1021;50939891;50940912;Node_2;1021;314.376;38.8
Zone_1022;50940912;50941933;Node_2;1021;314.25;42.2
Zone_1023;50941933;50942954;Node_2;1021;316.135;41.1
Zone_1024;50942954;50943975;Node_2;1021;315.104;39.9
Zone_1025;50943975;50944996;Node_2;1021;315.326;43.9
Zone_1026;50944996;50946017;Node_2;1021;316.196;43.6
Zone_1027;50946017;50947038;Node_2;1021;314.622;42.4
Zone_1028;50947038;50948059;Node_2;1021;314.517;33.9
Zone_1029;50948059;50949080;Node_2;1021;315.552;43.7
Zone_1030;50949080;50950101;Node_2;1021;314.519;43.1
Zone_1031;50950101;50951122;Node_2;1021;314.785;41.9
Zone_1032;50951122;50952143;Node_2;1021;314.987;39.5
Zone_1033;50952143;50953164;Node_2;1021;315.023;61.2
Zone_1034;50953164;50954185;Node_2;1021;315.239;44.7
Zone_1035;50954185;50955206;Node_2;1021;315.253;43.7
Zone_1036;50955206;50956227;Node_2;1021;316.338;34.8
Zone_1037;50956227;50957248;Node_2;1021;314.823;36.0
Zone_1038;50957248;50958269;Node_2;1021;314.73;39.8
Zone_1039;50958269;50959290;Node_2;1021;315.967;41.7
Zone_1040;50959290;50960311;Node_2;1021;313.782;61.0
Zone_1041;50960311;50961332;Node_2;1021;314.694;48.0
Zone_1042;50961332;50962353;Node_2;1021;315.804;41.6
Zone_1043;50962353;50963374;Node_2;1021;314.55;33.2
Zone_1044;50963374;50964395;Node_2;1021;314.321;32.8
Zone_1045;50964395;50965416;Node_2;1021;316.249;43.1
Zone_1046;50965416;50966437;Node_2;1021;315.236;42.4
Zone_1047;50966437;50967458;Node_2;1021;314.586;31.9
Zone_1048;50967458;50968479;Node_2;1021;314.797;50.0
Zone_1049;50968479;50969500;Node_2;1021;317.565;65.2
Zone_1050;50969500;50970521;Node_2;1021;315.294;56.0
Zone_1051;50970521;50971542;Node_2;1021;315.814;36.0
Zone_1052;50971542;50972563;Node_2;1021;314.732;27.6
Zone_1053;50972563;50973584;Node_2;1021;315.425;29.1
Zone_1054;50973584;50974605;Node_2;1021;314.917;41.8
Zone_1055;50974605;50975626;Node_2;1021;314.296;29.9
Zone_1056;50975626;50976647;Node_2;1021;316.607;36.3
Zone_1057;50976647;50977668;Node_2;1021;314.795;51.7
Zone_1058;50977668;50978689;Node_2;1021;315.554;69.0
Zone_1059;50978689;50979710;Node_2;1021;314.888;36.9
Zone_1060;50979710;50980731;Node_2;1021;314.638;29.8
Zone_1061;50980731;50981752;Node_2;1021;315.881;26.8
Zone_1062;50981752;50982773;Node_2;1021;315.587;31.5
Zone_1063;50982773;50983794;Node_2;1021;316.002;31.8
Zone_1064;50983794;50984815;Node_2;1021;315.926;31.4
Zone_1065;50984815;50985836;Node_2;1021;315.341;38.0
Zone_1066;50985836;50986857;Node_2;1021;316.409;33.2
Zone_1067;50986857;50987878;Node_2;1021;314.977;45.2
Zone_1068;50987878;50988899;Node_2;1021;315.446;33.9
Zone_1069;50988899;50989920;Node_2;1021;313.279;41.5
Zone_1070;50989920;50990941;Node_2;1021;314.616;41.8
Zone_1071;50990941;50991962;Node_2;1021;314.055;37.7
Zone_1072;50991962;50992983;Node_2;1021;314.469;38.3
Zone_1073;50992983;50994004;Node_2;1021;316.092;39.2
Zone_1074;50994004;50995025;Node_2;1021;315.63;37.4
Zone_1075;50995025;50996046;Node_2;1021;316.146;33.9
Zone_1076;50996046;50997067;Node_2;1021;317.248;38.9
Zone_1077;50997067;50998088;Node_2;1021;316.53;36.9
Zone_1078;50998088;50999109;Node_2;1021;316.721;43.1
Zone_1079;50999109;51000130;Node_2;1021;317.014;37.0
Zone_1080;51000130;51001151;Node_2;1021;314.889;38.0
Zone_1081;51001151;51002172;Node_2;1021;314.506;32.7
Zone_1082;51002172;51003193;Node_2;1021;315.277;43.7
Zone_1083;51003193;51004214;Node_2;1021;317.959;40.4
Zone_1084;51004214;51005235;Node_2;1021;317.886;41.0
Zone_1085;51005235;51006256;Node_2;1021;315.654;53.6
Zone_1086;51006256;51007277;Node_2;1021;316.76;40.4
Zone_1087;51007277;51008298;Node_2;1021;315.74;37.1
Zone_1088;51008298;51009319;Node_2;1021;316.568;38.5
Zone_1089;51009319;51010340;Node_2;1021;316.48;39.9
Zone_1090;51010340;51011361;Node_2;1021;316.666;35.8
Zone_1091;51011361;51012382;Node_2;1021;316.438;38.7
Zone_1092;51012382;51013403;Node_2;1021;315.119;44.3
Zone_1093;51013403;51014424;Node_2;1021;317.101;39.6
Zone_1094;51014424;51015445;Node_2;1021;317.853;37.0
Zone_1095;51015445;51016466;Node_2;1021;316.276;36.3
Zone_1096;51016466;51017487;Node_2;1021;316.314;35.9
Zone_1097;51017487;51018508;Node_2;1021;315.29;31.8
Zone_1098;51018508;51019529;Node_2;1021;315.015;32.2
Zone_1099;51019529;51020550;Node_2;1021;315.526;28.2
Zone_1100;51020550;51021571;Node_2;1021;313.617;31.9
Zone_1101;51021571;51022592;Node_2;1021;314.417;40.1
Zone_1102;51022592;51023613;Node_2;1021;314.702;40.9
Zone_1103;51023613;51024634;Node_2;1021;315.093;37.8
Zone_1104;51024634;51025655;Node_2;1021;317.13;35.0
Zone_1105;51025655;51026676;Node_2;1021;315.907;31.4
Zone_1106;51026676;51027697;Node_2;1021;315.785;39.3
Zone_1107;51027697;51028718;Node_2;1021;316.593;33.5
Zone_1108;51028718;51029739;Node_2;1021;314.68;40.3
Zone_1109;51029739;51030760;Node_2;1021;314.667;40.4
Zone_1110;51030760;51031781;Node_2;1021;316.271;40.0
Zone_1111;51031781;51032802;Node_2;1021;315.089;44.6
Zone_1112;51032802;51033823;Node_2;1021;315.211;43.5
Zone_1113;51033823;51034844;Node_2;1021;315.549;42.1
Zone_1114;51034844;51035865;Node_2;1021;315.875;42.0
Zone_1115;51035865;51036886;Node_2;1021;315.062;45.2
Zone_1116;51036886;51037907;Node_2;1021;315.684;35.8
Zone_1117;51037907;51038928;Node_2;1021;315.492;35.8
Zone_1118;51038928;51039949;Node_2;1021;316.522;37.4
Zone_1119;51039949;51040970;Node_2;1021;315.769;38.8
Zone_1120;51040970;51041991;Node_2;1021;316.137;35.3
Zone_1121;51041991;51043012;Node_2;1021;317.106;46.0
Zone_1122;51043012;51044033;Node_2;1021;316.747;35.8
Zone_1123;51044033;51045054;Node_2;1021;315.366;38.6
Zone_1124;51045054;51046075;Node_2;1021;315.819;37.6
Zone_1125;51046075;51047096;Node_2;1021;315.247;40.4
Zone_1126;51047096;51048117;Node_2;1021;315.119;40.4
Zone_1127;51048117;51049138;Node_2;1021;314.9;34.1
Zone_1128;51049138;51050159;Node_2;1021;314.944;32.0
Zone_1129;51050159;51051180;Node_2;1021;313.622;40.4
Zone_1130;51051180;51052201;Node_2;1021;314.846;39.4
Zone_1131;51052201;51053222;Node_2;1021;314.706;39.4
Zone_1132;51053222;51054243;Node_2;1021;315.665;33.4
Zone_1133;51054243;51055264;Node_2;1021;312.652;42.2
Zone_1134;51055264;51056285;Node_2;1021;313.555;37.8
Zone_1135;51056285;51057306;Node_2;1021;313.899;32.3
Zone_1136;51057306;51058327;Node_2;1021;313.394;37.2
Zone_1137;51058327;51059348;Node_2;1021;314.867;50.7
Zone_1138;51059348;51060369;Node_2;1021;315.276;55.2
Zone_1139;51060369;51061390;Node_2;1021;314.845;51.2
Zone_1140;51061390;51062411;Node_2;1021;315.257;36.1
Zone_1141;51062411;51063432;Node_2;1021;313.967;34.2
Zone_1142;51063432;51064453;Node_2;1021;314.931;42.6
Zone_1143;51064453;51065474;Node_2;1021;314.804;41.9
Zone_1144;51065474;51066495;Node_2;1021;314.911;43.0
Zone_1145;51066495;51067516;Node_2;1021;314.209;50.1
Zone_1146;51067516;51068537;Node_2;1021;314.271;44.9
Zone_1147;51068537;51069558;Node_2;1021;312.548;45.9
Zone_1148;51069558;51070579;Node_2;1021;314.853;38.2
Zone_1149;51070579;51071600;Node_2;1021;314.621;36.8
Zone_1150;51071600;51072621;Node_2;1021;314.701;50.5
Zone_1151;51072621;51073642;Node_2;1021;315.771;36.5
Zone_1152;51073642;51074663;Node_3;1021;316.522;38.3
Zone_1153;51074663;51075684;Node_3;1021;316.888;33.6
Zone_1154;51075684;51076705;Node_3;1021;316.004;27.2
Zone_1155;51076705;51077726;Node_3;1021;315.559;29.9
Zone_1156;51077726;51078747;Node_3;1021;314.251;44.1
Zone_1157;51078747;51079768;Node_3;1021;314.407;38.3
Zone_1158;51079768;51080789;Node_3;1021;314.342;44.0
Zone_1159;51080789;51081810;Node_3;1021;316.36;37.6
Zone_1160;51081810;51082831;Node_3;1021;313.688;41.2
Zone_1161;51082831;51083852;Node_3;1021;315.165;36.5
Zone_1162;51083852;51084873;Node_3;1021;314.509;30.7
Zone_1163;51084873;51085894;Node_3;1021;314.941;39.0
Zone_1164;51085894;51086915;Node_3;1021;317.181;55.0
Zone_1165;51086915;51087936;Node_3;1021;315.428;52.9
Zone_1166;51087936;51088957;Node_3;1021;315.497;37.1
Zone_1167;51088957;51089978;Node_3;1021;315.953;36.8
Zone_1168;51089978;51090999;Node_3;1021;317.742;43.7
Zone_1169;51090999;51092020;Node_3;1021;315.444;29.3
Zone_1170;51092020;51093041;Node_3;1021;316.148;33.2
Zone_1171;51093041;51094062;Node_3;1021;316.09;35.9
Zone_1172;51094062;51095083;Node_3;1021;316.073;51.2
Zone_1173;51095083;51096104;Node_3;1021;316.028;49.3
Zone_1174;51096104;51097125;Node_3;1021;317.452;32.9
Zone_1175;51097125;51098146;Node_3;1021;317.18;38.5
Zone_1176;51098146;51099167;Node_3;1021;317.114;37.2
Zone_1177;51099167;51100188;Node_3;1021;316.76;41.7
Zone_1178;51100188;51101209;Node_3;1021;316.477;39.7
Zone_1179;51101209;51102230;Node_3;1021;316.086;38.0
Zone_1180;51102230;51103251;Node_3;1021;315.12;30.8
Zone_1181;51103251;51104272;Node_3;1021;314.56;40.7
Zone_1182;51104272;51105293;Node_3;1021;315.668;37.6
Zone_1183;51105293;51106314;Node_3;1021;316.072;30.4
Zone_1184;51106314;51107335;Node_3;1021;315.225;43.6
Zone_1185;51107335;51108356;Node_3;1021;314.723;30.2
Zone_1186;51108356;51109377;Node_3;1021;313.325;35.4
Zone_1187;51109377;51110398;Node_3;1021;314.592;31.8
Zone_1188;51110398;51111419;Node_3;1021;315.069;36.0
Zone_1189;51111419;51112440;Node_3;1021;314.757;43.9
Zone_1190;51112440;51113461;Node_3;1021;315.505;39.1
Zone_1191;51113461;51114482;Node_3;1021;316.006;39.7
Zone_1192;51114482;51115503;Node_3;1021;315.376;42.1
Zone_1193;51115503;51116524;Node_3;1021;315.106;39.5
Zone_1194;51116524;51117545;Node_3;1021;312.952;39.1
Zone_1195;51117545;51118566;Node_3;1021;314.026;35.3
Zone_1196;51118566;51119587;Node_3;1021;316.054;33.6
Zone_1197;51119587;51120608;Node_3;1021;316.756;39.3
Zone_1198;51120608;51121629;Node_3;1021;314.65;33.7
Zone_1199;51121629;51122650;Node_3;1021;314.063;32.8
Zone_1200;51122650;51123671;Node_3;1021;314.659;38.4
Zone_1201;51123671;51124692;Node_3;1021;315.12;41.2
Zone_1202;51124692;51125713;Node_3;1021;315.889;40.9
Zone_1203;51125713;51126734;Node_3;1021;315.481;42.7
Zone_1204;51126734;51127755;Node_3;1021;314.241;37.0
Zone_1205;51127755;51128776;Node_3;1021;315.383;43.1
Zone_1206;51128776;51129797;Node_3;1021;314.482;46.3
Zone_1207;51129797;51130818;Node_3;1021;314.261;36.5
Zone_1208;51130818;51131839;Node_3;1021;315.152;40.9
Zone_1209;51131839;51132860;Node_3;1021;316.467;40.5
Zone_1210;51132860;51133881;Node_3;1021;315.393;38.3
Zone_1211;51133881;51134902;Node_3;1021;316.201;37.3
Zone_1212;51134902;51135923;Node_3;1021;315.458;43.3
Zone_1213;51135923;51136944;Node_3;1021;315.45;36.4
Zone_1214;51136944;51137965;Node_3;1021;316.334;39.6
Zone_1215;51137965;51138986;Node_3;1021;314.607;44.6
Zone_1216;51138986;51140007;Node_3;1021;314.186;37.4
Zone_1217;51140007;51141028;Node_3;1021;314.513;32.2
Zone_1218;51141028;51142049;Node_3;1021;316.215;41.8
Zone_1219;51142049;51143070;Node_3;1021;314.081;38.2
Zone_1220;51143070;51144091;Node_3;1021;314.544;35.6
Zone_1221;51144091;51145112;Node_3;1021;315.252;42.5
Zone_1222;51145112;51146133;Node_3;1021;315.537;30.1
Zone_1223;51146133;51147154;Node_3;1021;316.556;33.1
Zone_1224;51147154;51148175;Node_3;1021;314.776;32.3
Zone_1225;51148175;51149196;Node_3;1021;315.133;43.2
Zone_1226;51149196;51150217;Node_3;1021;314.558;36.0
Zone_1227;51150217;51151238;Node_3;1021;315.269;41.6
Zone_1228;51151238;51152259;Node_3;1021;315.75;42.9
Zone_1229;51152259;51153280;Node_3;1021;314.053;44.7
Zone_1230;51153280;51154301;Node_3;1021;314.464;49.2
Zone_1231;51154301;51155322;Node_3;1021;317.099;38.7
Zone_1232;51155322;51156343;Node_3;1021;316.693;37.0
Zone_1233;51156343;51157364;Node_3;1021;316.716;37.7
Zone_1234;51157364;51158385;Node_3;1021;316.155;50.8
Zone_1235;51158385;51159406;Node_3;1021;314.873;35.0
Zone_1236;51159406;51160427;Node_3;1021;314.077;34.7
Zone_1237;51160427;51161448;Node_3;1021;315.193;40.3
Zone_1238;51161448;51162469;Node_3;1021;315.866;42.9
Zone_1239;51162469;51163490;Node_3;1021;316.315;46.9
Zone_1240;51163490;51164511;Node_3;1021;316.275;37.7
Zone_1241;51164511;51165532;Node_3;1021;315.775;38.1
Zone_1242;51165532;51166553;Node_3;1021;315.289;41.3
Zone_1243;51166553;51167574;Node_3;1021;314.223;41.2
Zone_1244;51167574;51168595;Node_3;1021;315.159;42.1
Zone_1245;51168595;51169616;Node_3;1021;314.35;40.4
Zone_1246;51169616;51170637;Node_3;1021;314.724;36.6
Zone_1247;51170637;51171658;Node_3;1021;315.593;40.3
Zone_1248;51171658;51172679;Node_3;1021;315.635;43.9
Zone_1249;51172679;51173700;Node_3;1021;315.687;35.4
Zone_1250;51173700;51174721;Node_3;1021;315.148;38.7
Zone_1251;51174721;51175742;Node_3;1021;313.746;44.1
Zone_1252;51175742;51176763;Node_3;1021;313.551;38.8
Zone_1253;51176763;51177784;Node_3;1021;315.02;41.3
Zone_1254;51177784;51178805;Node_3;1021;314.939;47.1
Zone_1255;51178805;51179826;Node_3;1021;316.592;41.7
Zone_1256;51179826;51180847;Node_3;1021;314.602;38.7
Zone_1257;51180847;51181868;Node_3;1021;315.861;37.8
Zone_1258;51181868;51182889;Node_3;1021;316.717;44.2
Zone_1259;51182889;51183910;Node_3;1021;315.906;39.0
Zone_1260;51183910;51184931;Node_3;1021;316.093;41.9
Zone_1261;51184931;51185952;Node_3;1021;316.126;41.9
Zone_1262;51185952;51186973;Node_3;1021;316.029;47.6
Zone_1263;51186973;51187994;Node_3;1021;316.862;41.5
Zone_1264;51187994;51189015;Node_3;1021;316.4;41.6
Zone_1265;51189015;51190036;Node_3;1021;314.793;34.7
Zone_1266;51190036;51191057;Node_3;1021;315.498;42.4
Zone_1267;51191057;51192078;Node_3;1021;312.674;41.2
Zone_1268;51192078;51193099;Node_3;1021;312.814;37.3
Zone_1269;51193099;51194120;Node_3;1021;313.121;40.2
Zone_1270;51194120;51195141;Node_3;1021;315.009;49.1
Zone_1271;51195141;51196162;Node_3;1021;315.389;45.1
Zone_1272;51196162;51197183;Node_3;1021;315.238;41.8
Zone_1273;51197183;51198204;Node_3;1021;316.434;44.1
Zone_1274;51198204;51199225;Node_3;1021;313.949;41.3
Zone_1275;51199225;51200246;Node_3;1021;315.934;45.2
Zone_1276;51200246;51201267;Node_3;1021;316.258;46.8
Zone_1277;51201267;51202288;Node_3;1021;313.613;45.4
Zone_1278;51202288;51203309;Node_3;1021;313.739;41.3
Zone_1279;51203309;51204330;Node_3;1021;316.654;39.7
Zone_1280;51204330;51205351;Node_3;1021;316.009;46.6
Zone_1281;51205351;51206372;Node_3;1021;316.349;44.3
Zone_1282;51206372;51207393;Node_3;1021;315.198;46.1
Zone_1283;51207393;51208414;Node_3;1021;317.079;42.7
Zone_1284;51208414;51209435;Node_3;1021;318.095;35.9
Zone_1285;51209435;51210456;Node_3;1021;315.25;41.6
Zone_1286;51210456;51211477;Node_3;1021;315.661;44.7
Zone_1287;51211477;51212498;Node_3;1021;316.692;45.9
Zone_1288;51212498;51213519;Node_3;1021;315.543;44.8
Zone_1289;51213519;51214540;Node_3;1021;316.699;45.8
Zone_1290;51214540;51215561;Node_3;1021;313.481;41.5
Zone_1291;51215561;51216582;Node_3;1021;312.955;45.2
Zone_1292;51216582;51217603;Node_3;1021;315.303;38.4
Zone_1293;51217603;51218624;Node_3;1021;313.887;46.3
Zone_1294;51218624;51219645;Node_3;1021;314.792;45.3
Zone_1295;51219645;51220666;Node_3;1021;316.241;49.0
Zone_1296;51220666;51221687;Node_3;1021;313.285;44.3
Zone_1297;51221687;51222708;Node_3;1021;314.098;45.9
Zone_1298;51222708;51223729;Node_3;1021;315.987;44.1
Zone_1299;51223729;51224750;Node_3;1021;314.675;40.4
Zone_1300;51224750;51225771;Node_3;1021;313.806;41.6
Zone_1301;51225771;51226792;Node_3;1021;315.477;40.5
Zone_1302;51226792;51227813;Node_3;1021;316.308;43.6
Zone_1303;51227813;51228834;Node_3;1021;316.276;44.7
Zone_1304;51228834;51229855;Node_3;1021;315.456;48.0
Zone_1305;51229855;51230876;Node_3;1021;314.76;43.6
Zone_1306;51230876;51231897;Node_3;1021;316.536;37.8
Zone_1307;51231897;51232918;Node_3;1021;316.064;39.1
Zone_1308;51232918;51233939;Node_3;1021;315.675;48.0
Zone_1309;51233939;51234960;Node_3;1021;313.369;41.5
Zone_1310;51234960;51235981;Node_3;1021;317.693;45.1
Zone_1311;51235981;51237002;Node_3;1021;316.324;69.8
Zone_1312;51237002;51238023;Node_3;1021;314.546;41.3
Zone_1313;51238023;51239044;Node_3;1021;313.701;45.2
Zone_1314;51239044;51240065;Node_3;1021;314.712;37.2
Zone_1315;51240065;51241086;Node_3;1021;313.421;43.8
Zone_1316;51241086;51242107;Node_3;1021;316.333;40.8
Zone_1317;51242107;51243128;Node_3;1021;314.83;36.5
Zone_1318;51243128;51244149;Node_3;1021;313.037;40.7
Zone_1319;51244149;51245170;Node_3;1021;315.204;41.1
Zone_1320;51245170;51246191;Node_3;1021;314.755;48.9
Zone_1321;51246191;51247212;Node_3;1021;317.898;44.6
Zone_1322;51247212;51248233;Node_3;1021;315.566;38.1
Zone_1323;51248233;51249254;Node_3;1021;316.616;39.9
Zone_1324;51249254;51250275;Node_3;1021;314.341;36.2
Zone_1325;51250275;51251296;Node_3;1021;316.23;49.1
Zone_1326;51251296;51252317;Node_3;1021;315.553;45.1
Zone_1327;51252317;51253338;Node_3;1021;316.355;48.0
Zone_1328;51253338;51254359;Node_3;1021;316.323;37.4
Zone_1329;51254359;51255380;Node_3;1021;314.41;42.4
Zone_1330;51255380;51256401;Node_3;1021;314.544;38.9
Zone_1331;51256401;51257422;Node_3;1021;315.13;43.6
Zone_1332;51257422;51258443;Node_3;1021;314.682;44.1
Zone_1333;51258443;51259464;Node_3;1021;314.945;39.5
Zone_1334;51259464;51260485;Node_3;1021;315.084;32.1
Zone_1335;51260485;51261506;Node_3;1021;315.009;35.0
Zone_1336;51261506;51262527;Node_3;1021;314.518;46.8
Zone_1337;51262527;51263548;Node_3;1021;315.352;38.6
Zone_1338;51263548;51264569;Node_3;1021;316.348;40.1
Zone_1339;51264569;51265590;Node_3;1021;314.615;42.2
Zone_1340;51265590;51266611;Node_3;1021;315.884;40.3
Zone_1341;51266611;51267632;Node_3;1021;315.785;43.9
Zone_1342;51267632;51268653;Node_3;1021;314.909;38.2
Zone_1343;51268653;51269674;Node_3;1021;316.606;40.7
Zone_1344;51269674;51270695;Node_3;1021;315.626;38.9
Zone_1345;51270695;51271716;Node_3;1021;315.674;38.0
Zone_1346;51271716;51272737;Node_3;1021;315.649;32.5
Zone_1347;51272737;51273758;Node_3;1021;315.571;29.2
Zone_1348;51273758;51274779;Node_3;1021;314.998;45.2
Zone_1349;51274779;51275800;Node_3;1021;315.64;40.1
Zone_1350;51275800;51276821;Node_3;1021;314.557;42.3
Zone_1351;51276821;51277842;Node_3;1021;315.48;45.9
Zone_1352;51277842;51278863;Node_3;1021;315.359;46.5
Zone_1353;51278863;51279884;Node_3;1021;315.567;42.8
Zone_1354;51279884;51280905;Node_3;1021;314.297;46.2
Zone_1355;51280905;51281926;Node_3;1021;315.258;47.8
Zone_1356;51281926;51282947;Node_3;1021;315.598;45.3
Zone_1357;51282947;51283968;Node_3;1021;314.592;44.8
Zone_1358;51283968;51284989;Node_3;1021;315.749;45.1
Zone_1359;51284989;51286010;Node_3;1021;316.307;45.0
Zone_1360;51286010;51287031;Node_3;1021;315.123;42.9
Zone_1361;51287031;51288052;Node_3;1021;315.354;41.1
Zone_1362;51288052;51289073;Node_3;1021;315.562;52.4
Zone_1363;51289073;51290094;Node_3;1021;313.205;51.7
Zone_1364;51290094;51291115;Node_3;1021;315.247;49.2
Zone_1365;51291115;51292136;Node_3;1021;316.405;47.2
Zone_1366;51292136;51293157;Node_3;1021;314.16;38.9
Zone_1367;51293157;51294178;Node_3;1021;315.51;44.9
Zone_1368;51294178;51295199;Node_3;1021;314.315;57.4
Zone_1369;51295199;51296220;Node_3;1021;315.744;52.8
Zone_1370;51296220;51297241;Node_3;1021;315.39;59.9
Zone_1371;51297241;51298262;Node_3;1021;311.924;56.7
Zone_1372;51298262;51299283;Node_3;1021;313.611;54.3
Zone_1373;51299283;51300304;Node_3;1021;316.262;57.5
Zone_1374;51300304;51301325;Node_3;1021;315.582;46.6
Zone_1375;51301325;51302346;Node_3;1021;313.34;56.5
Zone_1376;51302346;51303367;Node_3;1021;315.648;59.7
Zone_1377;51303367;51304388;Node_3;1021;315.216;53.4
Zone_1378;51304388;51305409;Node_3;1021;315.688;56.0
Zone_1379;51305409;51306430;Node_3;1021;314.682;56.1
Zone_1380;51306430;51307451;Node_3;1021;315.942;52.0
Zone_1381;51307451;51308472;Node_3;1021;314.076;45.5
Zone_1382;51308472;51309493;Node_3;1021;316.55;53.2
Zone_1383;51309493;51310514;Node_3;1021;316.9;46.1
Zone_1384;51310514;51311535;Node_3;1021;315.191;49.2
Zone_1385;51311535;51312556;Node_3;1021;314.517;54.8
Zone_1386;51312556;51313577;Node_3;1021;313.225;58.3
Zone_1387;51313577;51314598;Node_3;1021;314.842;52.2
Zone_1388;51314598;51315619;Node_3;1021;313.227;56.4
Zone_1389;51315619;51316640;Node_3;1021;312.338;54.8
Zone_1390;51316640;51317661;Node_3;1021;315.803;52.9
Zone_1391;51317661;51318682;Node_3;1021;317.099;56.0
Zone_1392;51318682;51319703;Node_3;1021;316.635;40.8
Zone_1393;51319703;51320724;Node_3;1021;314.79;45.2
Zone_1394;51320724;51321745;Node_3;1021;315.933;46.4
Zone_1395;51321745;51322766;Node_3;1021;315.047;51.9
Zone_1396;51322766;51323787;Node_3;1021;311.982;43.3
Zone_1397;51323787;51324808;Node_3;1021;314.647;44.5
Zone_1398;51324808;51325829;Node_3;1021;314.547;49.4
Zone_1399;51325829;51326850;Node_3;1021;315.918;55.4
Zone_1400;51326850;51327871;Node_3;1021;315.893;51.5
Zone_1401;51327871;51328892;Node_3;1021;316.273;41.1
Zone_1402;51328892;51329913;Node_3;1021;315.947;57.5
Zone_1403;51329913;51330934;Node_3;1021;314.687;71.5
Zone_1404;51330934;51331955;Node_3;1021;315.714;52.4
Zone_1405;51331955;51332976;Node_3;1021;315.372;44.3
Zone_1406;51332976;51333997;Node_3;1021;315.085;45.5
Zone_1407;51333997;51335018;Node_3;1021;315.997;51.6
Zone_1408;51335018;51336039;Node_3;1021;315.135;50.1
Zone_1409;51336039;51337060;Node_3;1021;315.611;50.5
Zone_1410;51337060;51338081;Node_3;1021;312.543;48.8
Zone_1411;51338081;51339102;Node_3;1021;315.826;46.3
Zone_1412;51339102;51340123;Node_3;1021;316.836;48.7
Zone_1413;51340123;51341144;Node_3;1021;315.589;51.0
Zone_1414;51341144;51342165;Node_3;1021;314.435;48.1
Zone_1415;51342165;51343186;Node_3;1021;314.257;53.4
Zone_1416;51343186;51344207;Node_3;1021;316.486;49.0
Zone_1417;51344207;51345228;Node_3;1021;315.424;66.3
Zone_1418;51345228;51346249;Node_3;1021;315.785;55.5
Zone_1419;51346249;51347270;Node_3;1021;314.33;45.6
Zone_1420;51347270;51348291;Node_3;1021;314.265;42.2
Zone_1421;51348291;51349312;Node_3;1021;315.589;45.9
Zone_1422;51349312;51350333;Node_3;1021;314.859;39.8
Zone_1423;51350333;51351354;Node_3;1021;314.782;47.2
Zone_1424;51351354;51352375;Node_3;1021;313.472;42.8
Zone_1425;51352375;51353396;Node_3;1021;314.977;35.7
Zone_1426;51353396;51354417;Node_3;1021;313.701;47.6
Zone_1427;51354417;51355438;Node_3;1021;315.572;30.7
Zone_1428;51355438;51356459;Node_3;1021;315.243;33.0
Zone_1429;51356459;51357480;Node_3;1021;315.862;35.9
Zone_1430;51357480;51358501;Node_3;1021;315.2;39.6
Zone_1431;51358501;51359522;Node_3;1021;315.261;44.9
Zone_1432;51359522;51360543;Node_3;1021;315.392;43.6
Zone_1433;51360543;51361564;Node_3;1021;315.2;34.7
Zone_1434;51361564;51362585;Node_3;1021;314.746;33.5
Zone_1435;51362585;51363606;Node_3;1021;315.317;36.0
Zone_1436;51363606;51364627;Node_3;1021;315.883;36.7
Zone_1437;51364627;51365648;Node_3;1021;314.669;43.1
Zone_1438;51365648;51366669;Node_3;1021;315.246;37.5
Zone_1439;51366669;51367690;Node_3;1021;315.768;40.9
Zone_1440;51367690;51368711;Node_3;1021;316.376;45.3
Zone_1441;51368711;51369732;Node_3;1021;315.147;40.9
Zone_1442;51369732;51370753;Node_3;1021;314.897;36.2
Zone_1443;51370753;51371774;Node_3;1021;315.612;39.8
Zone_1444;51371774;51372795;Node_3;1021;315.576;42.4
Zone_1445;51372795;51373816;Node_3;1021;316.164;42.1
Zone_1446;51373816;51374837;Node_3;1021;316.19;43.9
Zone_1447;51374837;51375858;Node_3;1021;314.793;39.6
Zone_1448;51375858;51376879;Node_3;1021;316.062;41.3
Zone_1449;51376879;51377900;Node_3;1021;316.823;43.4
Zone_1450;51377900;51378921;Node_3;1021;315.265;40.8
Zone_1451;51378921;51379942;Node_3;1021;316.093;46.0
Zone_1452;51379942;51380963;Node_3;1021;317.262;36.2
Zone_1453;51380963;51381984;Node_3;1021;315.947;38.4
Zone_1454;51381984;51383005;Node_3;1021;315.145;37.9
Zone_1455;51383005;51384026;Node_3;1021;315.626;38.5
Zone_1456;51384026;51385047;Node_3;1021;314.912;38.1
Zone_1457;51385047;51386068;Node_3;1021;316.818;32.2
Zone_1458;51386068;51387089;Node_3;1021;316.95;40.7
Zone_1459;51387089;51388110;Node_3;1021;315.499;39.2
Zone_1460;51388110;51389131;Node_3;1021;315.4;38.6
Zone_1461;51389131;51390152;Node_3;1021;315.221;38.7
Zone_1462;51390152;51391173;Node_3;1021;315.638;38.5
Zone_1463;51391173;51392194;Node_3;1021;318.381;39.6
Zone_1464;51392194;51393215;Node_3;1021;313.328;33.0
Zone_1465;51393215;51394236;Node_3;1021;314.688;36.4
Zone_1466;51394236;51395257;Node_3;1021;314.365;35.7
Zone_1467;51395257;51396278;Node_3;1021;315.039;31.0
Zone_1468;51396278;51397299;Node_3;1021;315.399;41.0
Zone_1469;51397299;51398320;Node_3;1021;315.483;38.5
Zone_1470;51398320;51399341;Node_3;1021;315.603;35.9
Zone_1471;51399341;51400362;Node_3;1021;315.675;41.3
Zone_1472;51400362;51401383;Node_3;1021;316.004;37.6
Zone_1473;51401383;51402404;Node_3;1021;316.148;44.2
Zone_1474;51402404;51403425;Node_3;1021;314.993;38.0
Zone_1475;51403425;51404446;Node_3;1021;314.7;42.7
Zone_1476;51404446;51405467;Node_3;1021;313.466;38.6
Zone_1477;51405467;51406488;Node_3;1021;315.913;43.4
Zone_1478;51406488;51407509;Node_3;1021;315.602;39.7
Zone_1479;51407509;51408530;Node_3;1021;315.677;35.1
Zone_1480;51408530;51409551;Node_3;1021;314.65;49.1
Zone_1481;51409551;51410572;Node_3;1021;315.684;40.2
Zone_1482;51410572;51411593;Node_3;1021;316.038;34.1
Zone_1483;51411593;51412614;Node_3;1021;315.495;38.7
Zone_1484;51412614;51413635;Node_3;1021;312.721;35.5
Zone_1485;51413635;51414656;Node_3;1021;314.983;41.0
Zone_1486;51414656;51415677;Node_3;1021;314.841;32.1
Zone_1487;51415677;51416698;Node_3;1021;314.905;38.1
Zone_1488;51416698;51417719;Node_3;1021;315.4;31.4
Zone_1489;51417719;51418740;Node_3;1021;318.354;40.3
Zone_1490;51418740;51419761;Node_3;1021;315.227;32.9
Zone_1491;51419761;51420782;Node_3;1021;314.428;33.5
Zone_1492;51420782;51421803;Node_3;1021;313.861;35.0
Zone_1493;51421803;51422824;Node_3;1021;315.05;34.2
Zone_1494;51422824;51423845;Node_3;1021;315.141;40.8
Zone_1495;51423845;51424866;Node_3;1021;315.871;35.8
Zone_1496;51424866;51425887;Node_3;1021;314.637;35.1
Zone_1497;51425887;51426908;Node_3;1021;314.21;37.2
Zone_1498;51426908;51427929;Node_3;1021;315.565;37.0
Zone_1499;51427929;51428950;Node_3;1021;316.988;38.7
Zone_1500;51428950;51429971;Node_3;1021;315.173;40.3
Zone_1501;51429971;51430992;Node_3;1021;316.075;44.8
Zone_1502;51430992;51432013;Node_3;1021;315.363;36.4
Zone_1503;51432013;51433034;Node_3;1021;315.447;35.3
Zone_1504;51433034;51434055;Node_3;1021;315.743;37.4
Zone_1505;51434055;51435076;Node_3;1021;316.407;39.5
Zone_1506;51435076;51436097;Node_3;1021;315.613;38.7
Zone_1507;51436097;51437118;Node_3;1021;317.961;35.6
Zone_1508;51437118;51438139;Node_3;1021;314.618;34.5
Zone_1509;51438139;51439160;Node_3;1021;315.377;31.4
Zone_1510;51439160;51440181;Node_3;1021;315.314;32.6
Zone_1511;51440181;51441202;Node_3;1021;315.185;31.7
Zone_1512;51441202;51442223;Node_3;1021;314.445;32.7
Zone_1513;51442223;51443244;Node_3;1021;315.897;32.5
Zone_1514;51443244;51444265;Node_3;1021;314.661;37.1
Zone_1515;51444265;51445286;Node_3;1021;315.224;35.8
Zone_1516;51445286;51446307;Node_3;1021;314.746;36.0
Zone_1517;51446307;51447328;Node_3;1021;314.286;38.2
Zone_1518;51447328;51448349;Node_3;1021;315.887;35.8
Zone_1519;51448349;51449370;Node_3;1021;315.379;35.2
Zone_1520;51449370;51450391;Node_3;1021;317.285;46.7
Zone_1521;51450391;51451412;Node_3;1021;316.198;38.8
Zone_1522;51451412;51452433;Node_3;1021;314.958;39.2
Zone_1523;51452433;51453454;Node_3;1021;314.366;37.5
Zone_1524;51453454;51454475;Node_3;1021;316.111;35.2
Zone_1525;51454475;51455496;Node_3;1021;315.741;39.5
Zone_1526;51455496;51456517;Node_3;1021;315.251;31.7
Zone_1527;51456517;51457538;Node_3;1021;316.57;36.3
Zone_1528;51457538;51458559;Node_3;1021;316.448;32.9
Zone_1529;51458559;51459580;Node_3;1021;315.895;41.5
Zone_1530;51459580;51460601;Node_3;1021;316.299;28.2
Zone_1531;51460601;51461622;Node_3;1021;316.555;42.2
Zone_1532;51461622;51462643;Node_3;1021;317.098;40.3
Zone_1533;51462643;51463664;Node_3;1021;316.075;36.5
Zone_1534;51463664;51464685;Node_3;1021;314.442;35.9
Zone_1535;51464685;51465706;Node_3;1021;315.192;36.1
Zone_1536;51465706;51466727;Node_4;1021;316.89;37.5
Zone_1537;51466727;51467748;Node_4;1021;315.788;35.7
Zone_1538;51467748;51468769;Node_4;1021;315.101;39.3
Zone_1539;51468769;51469790;Node_4;1021;314.979;37.7
Zone_1540;51469790;51470811;Node_4;1021;314.684;40.5
Zone_1541;51470811;51471832;Node_4;1021;313.979;36.2
Zone_1542;51471832;51472853;Node_4;1021;314.402;36.5
Zone_1543;51472853;51473874;Node_4;1021;315.371;35.7
Zone_1544;51473874;51474895;Node_4;1021;314.431;36.4
Zone_1545;51474895;51475916;Node_4;1021;314.801;38.9
Zone_1546;51475916;51476937;Node_4;1021;315.101;37.8
Zone_1547;51476937;51477958;Node_4;1021;315.426;38.0
Zone_1548;51477958;51478979;Node_4;1021;314.904;40.6
Zone_1549;51478979;51480000;Node_4;1021;314.456;39.5
Zone_1550;51480000;51481021;Node_4;1021;315.319;37.7
Zone_1551;51481021;51482042;Node_4;1021;315.513;35.2
Zone_1552;51482042;51483063;Node_4;1021;316.897;44.6
Zone_1553;51483063;51484084;Node_4;1021;316.553;45.6
Zone_1554;51484084;51485105;Node_4;1021;315.376;38.1
Zone_1555;51485105;51486126;Node_4;1021;315.212;40.2
Zone_1556;51486126;51487147;Node_4;1021;315.7;42.1
Zone_1557;51487147;51488168;Node_4;1021;315.722;29.2
Zone_1558;51488168;51489189;Node_4;1021;314.42;35.1
Zone_1559;51489189;51490210;Node_4;1021;315.357;38.6
Zone_1560;51490210;51491231;Node_4;1021;316.46;39.5
Zone_1561;51491231;51492252;Node_4;1021;315.48;42.2
Zone_1562;51492252;51493273;Node_4;1021;315.644;40.3
Zone_1563;51493273;51494294;Node_4;1021;313.798;47.3
Zone_1564;51494294;51495315;Node_4;1021;313.662;39.0
Zone_1565;51495315;51496336;Node_4;1021;315.118;29.8
Zone_1566;51496336;51497357;Node_4;1021;314.122;30.9
Zone_1567;51497357;51498378;Node_4;1021;315.47;39.2
Zone_1568;51498378;51499399;Node_4;1021;314.241;36.1
Zone_1569;51499399;51500420;Node_4;1021;313.673;33.4
Zone_1570;51500420;51501441;Node_4;1021;315.944;46.4
Zone_1571;51501441;51502462;Node_4;1021;314.934;44.5
Zone_1572;51502462;51503483;Node_4;1021;316.425;39.3
Zone_1573;51503483;51504504;Node_4;1021;316.205;39.4
Zone_1574;51504504;51505525;Node_4;1021;316.361;38.3
Zone_1575;51505525;51506546;Node_4;1021;315.361;35.4
Zone_1576;51506546;51507567;Node_4;1021;315.759;36.8
Zone_1577;51507567;51508588;Node_4;1021;318.428;38.8
Zone_1578;51508588;51509609;Node_4;1021;313.954;31.8
Zone_1579;51509609;51510630;Node_4;1021;315.022;35.8
Zone_1580;51510630;51511651;Node_4;1021;316.394;45.5
Zone_1581;51511651;51512672;Node_4;1021;315.599;32.9
Zone_1582;51512672;51513693;Node_4;1021;314.941;35.7
Zone_1583;51513693;51514714;Node_4;1021;314.63;30.8
Zone_1584;51514714;51515735;Node_4;1021;315.144;33.6
Zone_1585;51515735;51516756;Node_4;1021;315.814;34.4
Zone_1586;51516756;51517777;Node_4;1021;315.81;37.2
Zone_1587;51517777;51518798;Node_4;1021;317.635;55.9
Zone_1588;51518798;51519819;Node_4;1021;316.493;64.9
Zone_1589;51519819;51520840;Node_4;1021;312.913;42.5
Zone_1590;51520840;51521861;Node_4;1021;315.252;39.9
Zone_1591;51521861;51522882;Node_4;1021;315.747;38.5
Zone_1592;51522882;51523903;Node_4;1021;314.489;39.2
Zone_1593;51523903;51524924;Node_4;1021;315.816;39.0
Zone_1594;51524924;51525945;Node_4;1021;314.2;41.1
Zone_1595;51525945;51526966;Node_4;1021;315.635;44.3
Zone_1596;51526966;51527987;Node_4;1021;316.05;43.9
Zone_1597;51527987;51529008;Node_4;1021;316.52;42.6
Zone_1598;51529008;51530029;Node_4;1021;315.565;40.5
Zone_1599;51530029;51531050;Node_4;1021;316.88;46.6
Zone_1600;51531050;51532071;Node_4;1021;318.396;42.2
Zone_1601;51532071;51533092;Node_4;1021;320.07;38.6
Zone_1602;51533092;51534113;Node_4;1021;317.55;44.7
Zone_1603;51534113;51535134;Node_4;1021;314.683;41.8
Zone_1604;51535134;51536155;Node_4;1021;314.189;40.9
Zone_1605;51536155;51537176;Node_4;1021;314.209;39.6
Zone_1606;51537176;51538197;Node_4;1021;314.283;41.1
Zone_1607;51538197;51539218;Node_4;1021;313.038;35.7
Zone_1608;51539218;51540239;Node_4;1021;311.943;39.9
Zone_1609;51540239;51541260;Node_4;1021;315.894;48.2
Zone_1610;51541260;51542281;Node_4;1021;314.301;44.4
Zone_1611;51542281;51543302;Node_4;1021;315.181;39.2
Zone_1612;51543302;51544323;Node_4;1021;315.008;46.3
Zone_1613;51544323;51545344;Node_4;1021;315.537;38.0
Zone_1614;51545344;51546365;Node_4;1021;315.665;41.7
Zone_1615;51546365;51547386;Node_4;1021;317.103;40.8
Zone_1616;51547386;51548407;Node_4;1021;316.407;35.4
Zone_1617;51548407;51549428;Node_4;1021;313.909;42.9
Zone_1618;51549428;51550449;Node_4;1021;316.255;41.6
Zone_1619;51550449;51551470;Node_4;1021;313.066;41.5
Zone_1620;51551470;51552491;Node_4;1021;314.998;38.9
Zone_1621;51552491;51553512;Node_4;1021;314.515;45.1
Zone_1622;51553512;51554533;Node_4;1021;315.406;43.0
Zone_1623;51554533;51555554;Node_4;1021;316.126;43.9
Zone_1624;51555554;51556575;Node_4;1021;315.908;40.5
Zone_1625;51556575;51557596;Node_4;1021;315.241;37.2
Zone_1626;51557596;51558617;Node_4;1021;315.018;45.4
Zone_1627;51558617;51559638;Node_4;1021;315.922;45.1
Zone_1628;51559638;51560659;Node_4;1021;315.665;40.2
Zone_1629;51560659;51561680;Node_4;1021;315.97;41.4
Zone_1630;51561680;51562701;Node_4;1021;315.056;44.5
Zone_1631;51562701;51563722;Node_4;1021;314.681;48.4
Zone_1632;51563722;51564743;Node_4;1021;315.073;47.5
Zone_1633;51564743;51565764;Node_4;1021;312.706;47.2
Zone_1634;51565764;51566785;Node_4;1021;312.967;45.8
Zone_1635;51566785;51567806;Node_4;1021;313.494;45.2
Zone_1636;51567806;51568827;Node_4;1021;315.068;45.7
Zone_1637;51568827;51569848;Node_4;1021;314.402;45.5
Zone_1638;51569848;51570869;Node_4;1021;314.454;42.1
Zone_1639;51570869;51571890;Node_4;1021;315.196;47.0
Zone_1640;51571890;51572911;Node_4;1021;315.421;41.1
Zone_1641;51572911;51573932;Node_4;1021;317.155;47.8
Zone_1642;51573932;51574953;Node_4;1021;315.79;39.8
Zone_1643;51574953;51575974;Node_4;1021;313.858;45.2
Zone_1644;51575974;51576995;Node_4;1021;314.565;43.9
Zone_1645;51576995;51578016;Node_4;1021;314.282;44.7
Zone_1646;51578016;51579037;Node_4;1021;315.721;38.3
Zone_1647;51579037;51580058;Node_4;1021;315.375;39.6
Zone_1648;51580058;51581079;Node_4;1021;314.864;36.3
Zone_1649;51581079;51582100;Node_4;1021;314.345;41.4
Zone_1650;51582100;51583121;Node_4;1021;315.334;44.1
Zone_1651;51583121;51584142;Node_4;1021;314.628;46.4
Zone_1652;51584142;51585163;Node_4;1021;315.801;46.8
Zone_1653;51585163;51586184;Node_4;1021;316.753;45.1
Zone_1654;51586184;51587205;Node_4;1021;314.476;40.6
Zone_1655;51587205;51588226;Node_4;1021;313.405;46.6
Zone_1656;51588226;51589247;Node_4;1021;316.174;45.9
Zone_1657;51589247;51590268;Node_4;1021;317.381;42.8
Zone_1658;51590268;51591289;Node_4;1021;315.828;49.1
Zone_1659;51591289;51592310;Node_4;1021;314.953;48.0
Zone_1660;51592310;51593331;Node_4;1021;315.817;46.3
Zone_1661;51593331;51594352;Node_4;1021;313.538;46.7
Zone_1662;51594352;51595373;Node_4;1021;315.197;52.6
Zone_1663;51595373;51596394;Node_4;1021;316.352;47.3
Zone_1664;51596394;51597415;Node_4;1021;317.644;45.5
Zone_1665;51597415;51598436;Node_4;1021;316.933;41.3
Zone_1666;51598436;51599457;Node_4;1021;316.294;46.8
Zone_1667;51599457;51600478;Node_4;1021;315.175;36.3
Zone_1668;51600478;51601499;Node_4;1021;315.638;38.6
Zone_1669;51601499;51602520;Node_4;1021;313.7;45.7
Zone_1670;51602520;51603541;Node_4;1021;316.074;42.9
Zone_1671;51603541;51604562;Node_4;1021;316.619;44.9
Zone_1672;51604562;51605583;Node_4;1021;315.737;43.0
Zone_1673;51605583;51606604;Node_4;1021;317.831;45.2
Zone_1674;51606604;51607625;Node_4;1021;315.286;44.8
Zone_1675;51607625;51608646;Node_4;1021;314.519;46.1
Zone_1676;51608646;51609667;Node_4;1021;312.315;44.8
Zone_1677;51609667;51610688;Node_4;1021;315.126;46.1
Zone_1678;51610688;51611709;Node_4;1021;315.708;39.9
Zone_1679;51611709;51612730;Node_4;1021;315.024;41.2
Zone_1680;51612730;51613751;Node_4;1021;315.992;36.4
Zone_1681;51613751;51614772;Node_4;1021;313.892;43.3
Zone_1682;51614772;51615793;Node_4;1021;314.065;42.8
Zone_1683;51615793;51616814;Node_4;1021;313.824;42.5
Zone_1684;51616814;51617835;Node_4;1021;316.231;55.2
Zone_1685;51617835;51618856;Node_4;1021;315.913;44.4
Zone_1686;51618856;51619877;Node_4;1021;315.635;35.0
Zone_1687;51619877;51620898;Node_4;1021;318.317;38.3
Zone_1688;51620898;51621919;Node_4;1021;314.649;39.9
Zone_1689;51621919;51622940;Node_4;1021;317.315;40.6
Zone_1690;51622940;51623961;Node_4;1021;317.776;36.0
Zone_1691;51623961;51624982;Node_4;1021;315.138;42.1
Zone_1692;51624982;51626003;Node_4;1021;315.312;36.4
Zone_1693;51626003;51627024;Node_4;1021;313.58;39.0
Zone_1694;51627024;51628045;Node_4;1021;314.002;38.6
Zone_1695;51628045;51629066;Node_4;1021;314.914;40.8
Zone_1696;51629066;51630087;Node_4;1021;316.436;43.2
Zone_1697;51630087;51631108;Node_4;1021;316.131;35.6
Zone_1698;51631108;51632129;Node_4;1021;316.04;43.9
Zone_1699;51632129;51633150;Node_4;1021;315.703;35.2
Zone_1700;51633150;51634171;Node_4;1021;315.649;45.8
Zone_1701;51634171;51635192;Node_4;1021;317.58;42.7
Zone_1702;51635192;51636213;Node_4;1021;314.779;37.9
Zone_1703;51636213;51637234;Node_4;1021;314.474;44.8
Zone_1704;51637234;51638255;Node_4;1021;315.783;36.6
Zone_1705;51638255;51639276;Node_4;1021;315.974;41.4
Zone_1706;51639276;51640297;Node_4;1021;315.684;39.4
Zone_1707;51640297;51641318;Node_4;1021;315.984;37.5
Zone_1708;51641318;51642339;Node_4;1021;315.623;34.6
Zone_1709;51642339;51643360;Node_4;1021;315.947;39.8
Zone_1710;51643360;51644381;Node_4;1021;318.796;44.5
Zone_1711;51644381;51645402;Node_4;1021;314.111;44.6
Zone_1712;51645402;51646423;Node_4;1021;314.839;32.1
Zone_1713;51646423;51647444;Node_4;1021;314.845;36.6
Zone_1714;51647444;51648465;Node_4;1021;315.182;40.1
Zone_1715;51648465;51649486;Node_4;1021;314.533;43.5
Zone_1716;51649486;51650507;Node_4;1021;314.3;37.7
Zone_1717;51650507;51651528;Node_4;1021;316.391;41.6
Zone_1718;51651528;51652549;Node_4;1021;316.337;34.1
Zone_1719;51652549;51653570;Node_4;1021;315.014;35.2
Zone_1720;51653570;51654591;Node_4;1021;315.654;38.7
Zone_1721;51654591;51655612;Node_4;1021;316.044;39.5
Zone_1722;51655612;51656633;Node_4;1021;314.638;39.1
Zone_1723;51656633;51657654;Node_4;1021;314.635;40.7
Zone_1724;51657654;51658675;Node_4;1021;316.16;39.9
Zone_1725;51658675;51659696;Node_4;1021;316.253;29.1
Zone_1726;51659696;51660717;Node_4;1021;317.189;31.4
Zone_1727;51660717;51661738;Node_4;1021;315.735;37.8
Zone_1728;51661738;51662759;Node_4;1021;318.806;39.2
Zone_1729;51662759;51663780;Node_4;1021;315.677;40.0
Zone_1730;51663780;51664801;Node_4;1021;316.695;37.3
Zone_1731;51664801;51665822;Node_4;1021;316.295;41.3
Zone_1732;51665822;51666843;Node_4;1021;316.923;43.2
Zone_1733;51666843;51667864;Node_4;1021;316.016;39.1
Zone_1734;51667864;51668885;Node_4;1021;315.637;42.6
Zone_1735;51668885;51669906;Node_4;1021;316.252;43.9
Zone_1736;51669906;51670927;Node_4;1021;315.326;32.9
Zone_1737;51670927;51671948;Node_4;1021;316.378;34.3
Zone_1738;51671948;51672969;Node_4;1021;317.285;39.4
Zone_1739;51672969;51673990;Node_4;1021;318.91;41.2
Zone_1740;51673990;51675011;Node_4;1021;315.205;40.3
Zone_1741;51675011;51676032;Node_4;1021;316.421;34.3
Zone_1742;51676032;51677053;Node_4;1021;316.465;39.4
Zone_1743;51677053;51678074;Node_4;1021;315.523;44.9
Zone_1744;51678074;51679095;Node_4;1021;316.073;38.3
Zone_1745;51679095;51680116;Node_4;1021;315.377;34.8
Zone_1746;51680116;51681137;Node_4;1021;315.267;38.4
Zone_1747;51681137;51682158;Node_4;1021;315.393;38.1
Zone_1748;51682158;51683179;Node_4;1021;315.183;45.4
Zone_1749;51683179;51684200;Node_4;1021;315.606;47.5
Zone_1750;51684200;51685221;Node_4;1021;314.763;40.6
Zone_1751;51685221;51686242;Node_4;1021;315.274;41.5
Zone_1752;51686242;51687263;Node_4;1021;315.707;42.8
Zone_1753;51687263;51688284;Node_4;1021;318.095;40.1
Zone_1754;51688284;51689305;Node_4;1021;316.46;36.3
Zone_1755;51689305;51690326;Node_4;1021;313.515;32.7
Zone_1756;51690326;51691347;Node_4;1021;316.323;36.3
Zone_1757;51691347;51692368;Node_4;1021;314.972;41.5
Zone_1758;51692368;51693389;Node_4;1021;314.837;43.6
Zone_1759;51693389;51694410;Node_4;1021;315.783;33.5
Zone_1760;51694410;51695431;Node_4;1021;315.492;33.1
Zone_1761;51695431;51696452;Node_4;1021;316.417;37.4
Zone_1762;51696452;51697473;Node_4;1021;314.956;38.5
Zone_1763;51697473;51698494;Node_4;1021;316.396;33.8
Zone_1764;51698494;51699515;Node_4;1021;314.831;35.6
Zone_1765;51699515;51700536;Node_4;1021;313.371;38.4
Zone_1766;51700536;51701557;Node_4;1021;314.048;38.3
Zone_1767;51701557;51702578;Node_4;1021;314.593;38.8
Zone_1768;51702578;51703599;Node_4;1021;315.539;38.0
Zone_1769;51703599;51704620;Node_4;1021;315.714;40.1
Zone_1770;51704620;51705641;Node_4;1021;314.276;39.5
Zone_1771;51705641;51706662;Node_4;1021;314.564;33.4
Zone_1772;51706662;51707683;Node_4;1021;315.639;44.3
Zone_1773;51707683;51708704;Node_4;1021;315.073;39.3
Zone_1774;51708704;51709725;Node_4;1021;314.829;48.3
Zone_1775;51709725;51710746;Node_4;1021;315.58;40.7
Zone_1776;51710746;51711767;Node_4;1021;314.401;58.7
Zone_1777;51711767;51712788;Node_4;1021;316.567;53.2
Zone_1778;51712788;51713809;Node_4;1021;314.518;41.4
Zone_1779;51713809;51714830;Node_4;1021;315.265;33.1
Zone_1780;51714830;51715851;Node_4;1021;315.062;38.8
Zone_1781;51715851;51716872;Node_4;1021;315.391;36.1
Zone_1782;51716872;51717893;Node_4;1021;313.658;40.5
Zone_1783;51717893;51718914;Node_4;1021;315.52;35.3
Zone_1784;51718914;51719935;Node_4;1021;315.151;35.1
Zone_1785;51719935;51720956;Node_4;1021;314.924;41.4
Zone_1786;51720956;51721977;Node_4;1021;315.97;36.5
Zone_1787;51721977;51722998;Node_4;1021;315.756;35.7
Zone_1788;51722998;51724019;Node_4;1021;313.374;41.9
Zone_1789;51724019;51725040;Node_4;1021;313.74;45.1
Zone_1790;51725040;51726061;Node_4;1021;314.132;38.0
Zone_1791;51726061;51727082;Node_4;1021;315.651;33.0
Zone_1792;51727082;51728103;Node_4;1021;317.31;35.7
Zone_1793;51728103;51729124;Node_4;1021;317.383;44.9
Zone_1794;51729124;51730145;Node_4;1021;314.971;66.6
Zone_1795;51730145;51731166;Node_4;1021;316.088;37.5
Zone_1796;51731166;51732187;Node_4;1021;316.578;46.7
Zone_1797;51732187;51733208;Node_4;1021;313.947;39.4
Zone_1798;51733208;51734229;Node_4;1021;316.793;43.8
Zone_1799;51734229;51735250;Node_4;1021;314.277;41.7
Zone_1800;51735250;51736271;Node_4;1021;314.15;35.7
Zone_1801;51736271;51737292;Node_4;1021;315.613;33.2
Zone_1802;51737292;51738313;Node_4;1021;316.175;32.9
Zone_1803;51738313;51739334;Node_4;1021;314.831;32.1
Zone_1804;51739334;51740355;Node_4;1021;314.667;32.7
Zone_1805;51740355;51741376;Node_4;1021;314.327;30.8
Zone_1806;51741376;51742397;Node_4;1021;313.53;39.9
Zone_1807;51742397;51743418;Node_4;1021;317.009;37.6
Zone_1808;51743418;51744439;Node_4;1021;315.491;29.4
Zone_1809;51744439;51745460;Node_4;1021;318.311;37.8
Zone_1810;51745460;51746481;Node_4;1021;315.667;36.5
Zone_1811;51746481;51747502;Node_4;1021;315.114;36.4
Zone_1812;51747502;51748523;Node_4;1021;314.592;35.4
Zone_1813;51748523;51749544;Node_4;1021;315.485;41.6
Zone_1814;51749544;51750565;Node_4;1021;315.718;35.6
Zone_1815;51750565;51751586;Node_4;1021;315.456;36.5
Zone_1816;51751586;51752607;Node_4;1021;313.917;40.4
Zone_1817;51752607;51753628;Node_4;1021;315.387;38.1
Zone_1818;51753628;51754649;Node_4;1021;316.228;38.3
Zone_1819;51754649;51755670;Node_4;1021;314.635;38.4
Zone_1820;51755670;51756691;Node_4;1021;314.974;35.2
Zone_1821;51756691;51757712;Node_4;1021;315.454;30.3
Zone_1822;51757712;51758733;Node_4;1021;315.942;35.5
Zone_1823;51758733;51759754;Node_4;1021;315.312;33.1
Zone_1824;51759754;51760775;Node_4;1021;315.061;37.4
Zone_1825;51760775;51761796;Node_4;1021;316.455;34.6
Zone_1826;51761796;51762817;Node_4;1021;315.065;38.0
Zone_1827;51762817;51763838;Node_4;1021;314.712;38.6
Zone_1828;51763838;51764859;Node_4;1021;314.315;33.5
Zone_1829;51764859;51765880;Node_4;1021;314.161;36.4
Zone_1830;51765880;51766901;Node_4;1021;316.104;38.7
Zone_1831;51766901;51767922;Node_4;1021;317.11;38.3
Zone_1832;51767922;51768943;Node_4;1021;313.921;47.9
Zone_1833;51768943;51769964;Node_4;1021;315.088;34.7
Zone_1834;51769964;51770985;Node_4;1021;314.515;42.7
Zone_1835;51770985;51772006;Node_4;1021;316.292;34.6
Zone_1836;51772006;51773027;Node_4;1021;316.288;40.4
Zone_1837;51773027;51774048;Node_4;1021;315.683;39.6
Zone_1838;51774048;51775069;Node_4;1021;315.083;34.5
Zone_1839;51775069;51776090;Node_4;1021;313.33;41.4
Zone_1840;51776090;51777111;Node_4;1021;315.945;35.5
Zone_1841;51777111;51778132;Node_4;1021;316.354;37.1
Zone_1842;51778132;51779153;Node_4;1021;316.265;33.1
Zone_1843;51779153;51780174;Node_4;1021;316.428;39.8
Zone_1844;51780174;51781195;Node_4;1021;316.419;41.9
Zone_1845;51781195;51782216;Node_4;1021;318.56;37.4
Zone_1846;51782216;51783237;Node_4;1021;314.992;37.5
Zone_1847;51783237;51784258;Node_4;1021;315.982;45.4
Zone_1848;51784258;51785279;Node_4;1021;314.279;45.1
Zone_1849;51785279;51786300;Node_4;1021;314.223;41.7
Zone_1850;51786300;51787321;Node_4;1021;315.052;41.0
Zone_1851;51787321;51788342;Node_4;1021;315.436;38.8
Zone_1852;51788342;51789363;Node_4;1021;315.265;36.5
Zone_1853;51789363;51790384;Node_4;1021;314.772;41.0
Zone_1854;51790384;51791405;Node_4;1021;314.941;47.6
Zone_1855;51791405;51792426;Node_4;1021;314.057;46.9
Zone_1856;51792426;51793447;Node_4;1021;316.148;44.3
Zone_1857;51793447;51794468;Node_4;1021;315.563;45.6
Zone_1858;51794468;51795489;Node_4;1021;315.014;40.7
Zone_1859;51795489;51796510;Node_4;1021;314.04;47.2
Zone_1860;51796510;51797531;Node_4;1021;314.718;46.8
Zone_1861;51797531;51798552;Node_4;1021;314.123;42.8
Zone_1862;51798552;51799573;Node_4;1021;314.315;33.9
Zone_1863;51799573;51800594;Node_4;1021;314.733;44.5
Zone_1864;51800594;51801615;Node_4;1021;314.979;40.3
Zone_1865;51801615;51802636;Node_4;1021;314.159;36.9
Zone_1866;51802636;51803657;Node_4;1021;315.793;40.8
Zone_1867;51803657;51804678;Node_4;1021;314.271;37.0
Zone_1868;51804678;51805699;Node_4;1021;313.746;34.9
Zone_1869;51805699;51806720;Node_4;1021;316.296;37.4
Zone_1870;51806720;51807741;Node_4;1021;315.763;38.3
Zone_1871;51807741;51808762;Node_4;1021;314.417;39.2
Zone_1872;51808762;51809783;Node_4;1021;315.078;37.7
Zone_1873;51809783;51810804;Node_4;1021;314.575;33.9
Zone_1874;51810804;51811825;Node_4;1021;314.571;37.7
Zone_1875;51811825;51812846;Node_4;1021;314.573;41.4
Zone_1876;51812846;51813867;Node_4;1021;315.122;40.6
Zone_1877;51813867;51814888;Node_4;1021;315.524;37.5
Zone_1878;51814888;51815909;Node_4;1021;314.733;34.5
Zone_1879;51815909;51816930;Node_4;1021;315.004;30.3
Zone_1880;51816930;51817951;Node_4;1021;314.585;37.6
Zone_1881;51817951;51818972;Node_4;1021;316.429;33.1
Zone_1882;51818972;51819993;Node_4;1021;315.953;38.4
Zone_1883;51819993;51821014;Node_4;1021;314.697;31.1
Zone_1884;51821014;51822035;Node_4;1021;315.215;34.5
Zone_1885;51822035;51823056;Node_4;1021;315.928;31.3
Zone_1886;51823056;51824077;Node_4;1021;315.105;32.0
Zone_1887;51824077;51825098;Node_4;1021;314.579;39.8
Zone_1888;51825098;51826119;Node_4;1021;315.216;35.5
Zone_1889;51826119;51827140;Node_4;1021;315.407;33.4
Zone_1890;51827140;51828161;Node_4;1021;314.715;32.5
Zone_1891;51828161;51829182;Node_4;1021;314.154;31.7
Zone_1892;51829182;51830203;Node_4;1021;313.241;38.1
Zone_1893;51830203;51831224;Node_4;1021;314.963;35.2
Zone_1894;51831224;51832245;Node_4;1021;314.238;40.6
Zone_1895;51832245;51833266;Node_4;1021;314.906;32.5
Zone_1896;51833266;51834287;Node_4;1021;314.637;38.4
Zone_1897;51834287;51835308;Node_4;1021;314.517;38.6
Zone_1898;51835308;51836329;Node_4;1021;314.302;42.3
Zone_1899;51836329;51837350;Node_4;1021;315.779;35.7
Zone_1900;51837350;51838371;Node_4;1021;314.245;34.1
Zone_1901;51838371;51839392;Node_4;1021;314.752;33.4
Zone_1902;51839392;51840413;Node_4;1021;312.896;33.8
Zone_1903;51840413;51841434;Node_4;1021;314.099;38.1
Zone_1904;51841434;51842455;Node_4;1021;316.09;38.1
Zone_1905;51842455;51843476;Node_4;1021;316.004;39.4
Zone_1906;51843476;51844497;Node_4;1021;314.526;38.1
Zone_1907;51844497;51845518;Node_4;1021;316.378;50.0
Zone_1908;51845518;51846539;Node_4;1021;314.775;41.5
Zone_1909;51846539;51847560;Node_4;1021;315.763;53.7
Zone_1910;51847560;51848581;Node_4;1021;315.216;50.5
Zone_1911;51848581;51849602;Node_4;1021;315.529;40.3
Zone_1912;51849602;51850623;Node_4;1021;316.369;44.4
Zone_1913;51850623;51851644;Node_4;1021;315.143;43.2
Zone_1914;51851644;51852665;Node_4;1021;314.935;33.9
Zone_1915;51852665;51853686;Node_4;1021;315.536;41.4
Zone_1916;51853686;51854707;Node_4;1021;315.911;44.6
Zone_1917;51854707;51855728;Node_4;1021;314.816;37.1
Zone_1918;51855728;51856749;Node_4;1021;314.973;41.9
Zone_1919;51856749;51857770;Node_4;1021;315.572;40.9
Zone_1920;51857770;51858791;Node_5;1021;315.949;37.9
Zone_1921;51858791;51859812;Node_5;1021;315.408;37.9
Zone_1922;51859812;51860833;Node_5;1021;314.564;39.9
Zone_1923;51860833;51861854;Node_5;1021;314.245;43.5
Zone_1924;51861854;51862875;Node_5;1021;316.522;44.4
Zone_1925;51862875;51863896;Node_5;1021;316.078;40.1
Zone_1926;51863896;51864917;Node_5;1021;315.333;35.9
Zone_1927;51864917;51865938;Node_5;1021;315.395;38.6
Zone_1928;51865938;51866959;Node_5;1021;316.586;34.9
Zone_1929;51866959;51867980;Node_5;1021;316.927;37.2
Zone_1930;51867980;51869001;Node_5;1021;317.389;40.9
Zone_1931;51869001;51870022;Node_5;1021;313.517;35.7
Zone_1932;51870022;51871043;Node_5;1021;313.062;35.7
Zone_1933;51871043;51872064;Node_5;1021;313.814;43.7
Zone_1934;51872064;51873085;Node_5;1021;315.825;42.5
Zone_1935;51873085;51874106;Node_5;1021;314.016;43.5
Zone_1936;51874106;51875127;Node_5;1021;315.489;40.3
Zone_1937;51875127;51876148;Node_5;1021;314.273;39.1
Zone_1938;51876148;51877169;Node_5;1021;316.564;40.9
Zone_1939;51877169;51878190;Node_5;1021;314.071;43.2
Zone_1940;51878190;51879211;Node_5;1021;314.669;58.9
Zone_1941;51879211;51880232;Node_5;1021;315.995;46.4
Zone_1942;51880232;51881253;Node_5;1021;316.71;42.2
Zone_1943;51881253;51882274;Node_5;1021;316.468;44.4
Zone_1944;51882274;51883295;Node_5;1021;318.158;41.8
Zone_1945;51883295;51884316;Node_5;1021;316.327;42.9
Zone_1946;51884316;51885337;Node_5;1021;314.307;44.3
Zone_1947;51885337;51886358;Node_5;1021;315.043;43.4
Zone_1948;51886358;51887379;Node_5;1021;314.604;40.4
Zone_1949;51887379;51888400;Node_5;1021;316.775;44.5
Zone_1950;51888400;51889421;Node_5;1021;315.492;42.9
Zone_1951;51889421;51890442;Node_5;1021;316.64;41.1
Zone_1952;51890442;51891463;Node_5;1021;315.372;35.5
Zone_1953;51891463;51892484;Node_5;1021;314.507;44.2
Zone_1954;51892484;51893505;Node_5;1021;314.191;41.2
Zone_1955;51893505;51894526;Node_5;1021;315.468;36.4
Zone_1956;51894526;51895547;Node_5;1021;316.038;40.7
Zone_1957;51895547;51896568;Node_5;1021;314.058;43.1
Zone_1958;51896568;51897589;Node_5;1021;315.972;42.7
Zone_1959;51897589;51898610;Node_5;1021;316.067;39.3
Zone_1960;51898610;51899631;Node_5;1021;315.372;43.3
Zone_1961;51899631;51900652;Node_5;1021;315.633;44.0
Zone_1962;51900652;51901673;Node_5;1021;314.404;46.9
Zone_1963;51901673;51902694;Node_5;1021;316.521;43.9
Zone_1964;51902694;51903715;Node_5;1021;314.939;45.0
Zone_1965;51903715;51904736;Node_5;1021;316.13;41.4
Zone_1966;51904736;51905757;Node_5;1021;314.772;46.0
Zone_1967;51905757;51906778;Node_5;1021;313.494;46.8
Zone_1968;51906778;51907799;Node_5;1021;314.94;47.8
Zone_1969;51907799;51908820;Node_5;1021;314.927;43.6
Zone_1970;51908820;51909841;Node_5;1021;314.64;47.6
Zone_1971;51909841;51910862;Node_5;1021;314.576;45.6
Zone_1972;51910862;51911883;Node_5;1021;315.954;41.1
Zone_1973;51911883;51912904;Node_5;1021;316.902;39.1
Zone_1974;51912904;51913925;Node_5;1021;314.86;44.8
Zone_1975;51913925;51914946;Node_5;1021;315.71;42.1
Zone_1976;51914946;51915967;Node_5;1021;315.021;42.9
Zone_1977;51915967;51916988;Node_5;1021;315.895;43.2
Zone_1978;51916988;51918009;Node_5;1021;315.583;44.1
Zone_1979;51918009;51919030;Node_5;1021;316.057;41.3
Zone_1980;51919030;51920051;Node_5;1021;315.954;53.9
Zone_1981;51920051;51921072;Node_5;1021;314.034;45.8
Zone_1982;51921072;51922093;Node_5;1021;312.6;46.1
Zone_1983;51922093;51923114;Node_5;1021;315.213;46.4
Zone_1984;51923114;51924135;Node_5;1021;316.952;48.1
Zone_1985;51924135;51925156;Node_5;1021;315.939;46.9
Zone_1986;51925156;51926177;Node_5;1021;314.085;45.4
Zone_1987;51926177;51927198;Node_5;1021;315.901;41.9
Zone_1988;51927198;51928219;Node_5;1021;315.424;46.6
Zone_1989;51928219;51929240;Node_5;1021;314.025;46.9
Zone_1990;51929240;51930261;Node_5;1021;315.128;40.5
Zone_1991;51930261;51931282;Node_5;1021;315.215;42.8
Zone_1992;51931282;51932303;Node_5;1021;315.533;44.3
Zone_1993;51932303;51933324;Node_5;1021;314.652;36.6
Zone_1994;51933324;51934345;Node_5;1021;313.7;46.0
Zone_1995;51934345;51935366;Node_5;1021;314.684;45.0
Zone_1996;51935366;51936387;Node_5;1021;317.229;53.1
Zone_1997;51936387;51937408;Node_5;1021;313.456;48.1
Zone_1998;51937408;51938429;Node_5;1021;315.025;39.8
Zone_1999;51938429;51939450;Node_5;1021;315.34;37.4
Zone_2000;51939450;51940471;Node_5;1021;314.624;43.8
Zone_2001;51940471;51941492;Node_5;1021;317.938;42.1
Zone_2002;51941492;51942513;Node_5;1021;314.599;42.8
Zone_2003;51942513;51943534;Node_5;1021;314.691;41.8
Zone_2004;51943534;51944555;Node_5;1021;316.135;38.7
Zone_2005;51944555;51945576;Node_5;1021;315.878;39.3
Zone_2006;51945576;51946597;Node_5;1021;315.896;41.1
Zone_2007;51946597;51947618;Node_5;1021;315.49;43.3
Zone_2008;51947618;51948639;Node_5;1021;313.914;41.2
Zone_2009;51948639;51949660;Node_5;1021;314.006;49.6
Zone_2010;51949660;51950681;Node_5;1021;315.834;49.0
Zone_2011;51950681;51951702;Node_5;1021;315.283;44.9
Zone_2012;51951702;51952723;Node_5;1021;315.605;41.1
Zone_2013;51952723;51953744;Node_5;1021;314.685;45.1
Zone_2014;51953744;51954765;Node_5;1021;316.041;33.8
Zone_2015;51954765;51955786;Node_5;1021;314.795;47.5
Zone_2016;51955786;51956807;Node_5;1021;314.439;46.0
Zone_2017;51956807;51957828;Node_5;1021;314.942;41.7
Zone_2018;51957828;51958849;Node_5;1021;316.052;50.8
Zone_2019;51958849;51959870;Node_5;1021;317.537;48.5
Zone_2020;51959870;51960891;Node_5;1021;317.604;51.4
Zone_2021;51960891;51961912;Node_5;1021;315.14;43.6
Zone_2022;51961912;51962933;Node_5;1021;313.603;46.4
Zone_2023;51962933;51963954;Node_5;1021;311.29;43.1
Zone_2024;51963954;51964975;Node_5;1021;311.02;42.2
Zone_2025;51964975;51965996;Node_5;1021;316.934;41.1
Zone_2026;51965996;51967017;Node_5;1021;314.154;45.4
Zone_2027;51967017;51968038;Node_5;1021;315.955;43.4
Zone_2028;51968038;51969059;Node_5;1021;314.442;41.8
Zone_2029;51969059;51970080;Node_5;1021;315.622;45.6
Zone_2030;51970080;51971101;Node_5;1021;314.943;49.4
Zone_2031;51971101;51972122;Node_5;1021;314.796;45.5
Zone_2032;51972122;51973143;Node_5;1021;314.49;38.8
Zone_2033;51973143;51974164;Node_5;1021;314.186;36.8
Zone_2034;51974164;51975185;Node_5;1021;315.719;40.1
Zone_2035;51975185;51976206;Node_5;1021;315.089;43.2
Zone_2036;51976206;51977227;Node_5;1021;314.627;48.7
Zone_2037;51977227;51978248;Node_5;1021;314.501;45.5
Zone_2038;51978248;51979269;Node_5;1021;314.843;45.0
Zone_2039;51979269;51980290;Node_5;1021;315.026;48.2
Zone_2040;51980290;51981311;Node_5;1021;314.952;44.1
Zone_2041;51981311;51982332;Node_5;1021;315.047;35.4
Zone_2042;51982332;51983353;Node_5;1021;315.929;43.2
Zone_2043;51983353;51984374;Node_5;1021;316.223;43.1
Zone_2044;51984374;51985395;Node_5;1021;314.203;38.1
Zone_2045;51985395;51986416;Node_5;1021;315.382;44.3
Zone_2046;51986416;51987437;Node_5;1021;316.802;48.1
Zone_2047;51987437;51988458;Node_5;1021;314.213;40.8
Zone_2048;51988458;51989479;Node_5;1021;313.521;47.7
Zone_2049;51989479;51990500;Node_5;1021;307.737;67.7
Zone_2050;51990500;51991521;Node_5;1021;313.574;56.8
Zone_2051;51991521;51992542;Node_5;1021;313.344;50.1
Zone_2052;51992542;51993563;Node_5;1021;314.142;46.0
Zone_2053;51993563;51994584;Node_5;1021;318.299;49.0
Zone_2054;51994584;51995605;Node_5;1021;315.609;45.6
Zone_2055;51995605;51996626;Node_5;1021;316.413;47.2
Zone_2056;51996626;51997647;Node_5;1021;317.103;42.8
Zone_2057;51997647;51998668;Node_5;1021;313.25;46.5
Zone_2058;51998668;51999689;Node_5;1021;317.316;46.1
Zone_2059;51999689;52000710;Node_5;1021;315.696;45.2
Zone_2060;52000710;52001731;Node_5;1021;316.404;44.7
Zone_2061;52001731;52002752;Node_5;1021;316.349;42.8
Zone_2062;52002752;52003773;Node_5;1021;314.207;43.5
Zone_2063;52003773;52004794;Node_5;1021;315.764;45.8
Zone_2064;52004794;52005815;Node_5;1021;315.142;45.9
Zone_2065;52005815;52006836;Node_5;1021;315.459;47.5
Zone_2066;52006836;52007857;Node_5;1021;315.787;45.0
Zone_2067;52007857;52008878;Node_5;1021;316.022;40.5
Zone_2068;52008878;52009899;Node_5;1021;315.823;46.3
Zone_2069;52009899;52010920;Node_5;1021;315.781;47.3
Zone_2070;52010920;52011941;Node_5;1021;314.604;43.9
Zone_2071;52011941;52012962;Node_5;1021;314.821;45.0
Zone_2072;52012962;52013983;Node_5;1021;314.148;46.7
Zone_2073;52013983;52015004;Node_5;1021;313.837;37.6
Zone_2074;52015004;52016025;Node_5;1021;314.683;42.1
Zone_2075;52016025;52017046;Node_5;1021;316.076;45.7
Zone_2076;52017046;52018067;Node_5;1021;317.371;47.8
Zone_2077;52018067;52019088;Node_5;1021;316.892;44.6
Zone_2078;52019088;52020109;Node_5;1021;315.331;48.7
Zone_2079;52020109;52021130;Node_5;1021;316.099;40.4
Zone_2080;52021130;52022151;Node_5;1021;316.165;42.3
Zone_2081;52022151;52023172;Node_5;1021;313.8;46.5
Zone_2082;52023172;52024193;Node_5;1021;314.218;42.8
Zone_2083;52024193;52025214;Node_5;1021;312.719;41.7
Zone_2084;52025214;52026235;Node_5;1021;314.259;46.7
Zone_2085;52026235;52027256;Node_5;1021;315.536;42.1
Zone_2086;52027256;52028277;Node_5;1021;315.414;38.4
Zone_2087;52028277;52029298;Node_5;1021;315.333;36.6
Zone_2088;52029298;52030319;Node_5;1021;314.738;40.6
Zone_2089;52030319;52031340;Node_5;1021;313.344;40.5
Zone_2090;52031340;52032361;Node_5;1021;314.797;41.0
Zone_2091;52032361;52033382;Node_5;1021;315.409;56.1
Zone_2092;52033382;52034403;Node_5;1021;315.017;51.5
Zone_2093;52034403;52035424;Node_5;1021;314.992;40.5
Zone_2094;52035424;52036445;Node_5;1021;315.648;41.2
Zone_2095;52036445;52037466;Node_5;1021;314.452;41.4
Zone_2096;52037466;52038487;Node_5;1021;314.219;46.1
Zone_2097;52038487;52039508;Node_5;1021;314.198;40.1
Zone_2098;52039508;52040529;Node_5;1021;314.506;46.3
Zone_2099;52040529;52041550;Node_5;1021;316.152;45.6
Zone_2100;52041550;52042571;Node_5;1021;314.016;37.6
Zone_2101;52042571;52043592;Node_5;1021;313.32;45.4
Zone_2102;52043592;52044613;Node_5;1021;315.349;39.5
Zone_2103;52044613;52045634;Node_5;1021;316.896;40.5
Zone_2104;52045634;52046655;Node_5;1021;317.033;43.0
Zone_2105;52046655;52047676;Node_5;1021;317.641;41.5
Zone_2106;52047676;52048697;Node_5;1021;316.622;39.6
Zone_2107;52048697;52049718;Node_5;1021;315.589;41.8
Zone_2108;52049718;52050739;Node_5;1021;314.264;38.8
Zone_2109;52050739;52051760;Node_5;1021;315.256;43.0
Zone_2110;52051760;52052781;Node_5;1021;314.432;41.4
Zone_2111;52052781;52053802;Node_5;1021;315.971;45.8
Zone_2112;52053802;52054823;Node_5;1021;314.749;44.3
Zone_2113;52054823;52055844;Node_5;1021;316.427;54.3
Zone_2114;52055844;52056865;Node_5;1021;314.545;58.6
Zone_2115;52056865;52057886;Node_5;1021;314.461;41.9
Zone_2116;52057886;52058907;Node_5;1021;314.93;40.9
Zone_2117;52058907;52059928;Node_5;1021;315.737;34.7
Zone_2118;52059928;52060949;Node_5;1021;315.543;37.2
Zone_2119;52060949;52061970;Node_5;1021;316.433;45.4
Zone_2120;52061970;52062991;Node_5;1021;315.15;48.9
Zone_2121;52062991;52064012;Node_5;1021;314.421;42.5
Zone_2122;52064012;52065033;Node_5;1021;315.019;35.2
Zone_2123;52065033;52066054;Node_5;1021;315.324;43.5
Zone_2124;52066054;52067075;Node_5;1021;315.56;46.8
Zone_2125;52067075;52068096;Node_5;1021;315.362;35.9
Zone_2126;52068096;52069117;Node_5;1021;314.709;37.9
Zone_2127;52069117;52070138;Node_5;1021;315.955;36.8
Zone_2128;52070138;52071159;Node_5;1021;315.883;41.3
Zone_2129;52071159;52072180;Node_5;1021;314.873;39.6
Zone_2130;52072180;52073201;Node_5;1021;315.06;46.3
Zone_2131;52073201;52074222;Node_5;1021;316.201;43.7
Zone_2132;52074222;52075243;Node_5;1021;314.149;44.4
Zone_2133;52075243;52076264;Node_5;1021;315.67;43.9
Zone_2134;52076264;52077285;Node_5;1021;316.769;46.6
Zone_2135;52077285;52078306;Node_5;1021;316.142;45.6
Zone_2136;52078306;52079327;Node_5;1021;316.126;37.5
Zone_2137;52079327;52080348;Node_5;1021;314.375;38.5
Zone_2138;52080348;52081369;Node_5;1021;314.167;45.9
Zone_2139;52081369;52082390;Node_5;1021;315.178;37.4
Zone_2140;52082390;52083411;Node_5;1021;315.811;38.9
Zone_2141;52083411;52084432;Node_5;1021;315.634;43.1
Zone_2142;52084432;52085453;Node_5;1021;315.508;43.3
Zone_2143;52085453;52086474;Node_5;1021;316.049;35.3
Zone_2144;52086474;52087495;Node_5;1021;315.142;33.7
Zone_2145;52087495;52088516;Node_5;1021;314.171;36.6
Zone_2146;52088516;52089537;Node_5;1021;314.826;39.2
Zone_2147;52089537;52090558;Node_5;1021;315.06;35.6
Zone_2148;52090558;52091579;Node_5;1021;314.568;36.3
Zone_2149;52091579;52092600;Node_5;1021;316.567;48.6
Zone_2150;52092600;52093621;Node_5;1021;315.77;46.2
Zone_2151;52093621;52094642;Node_5;1021;316.34;48.9
Zone_2152;52094642;52095663;Node_5;1021;315.774;48.2
Zone_2153;52095663;52096684;Node_5;1021;317.318;50.2
Zone_2154;52096684;52097705;Node_5;1021;317.046;39.6
Zone_2155;52097705;52098726;Node_5;1021;317.116;40.5
Zone_2156;52098726;52099747;Node_5;1021;314.94;43.1
Zone_2157;52099747;52100768;Node_5;1021;314.95;46.9
Zone_2158;52100768;52101789;Node_5;1021;315.878;40.7
Zone_2159;52101789;52102810;Node_5;1021;313.766;41.6
Zone_2160;52102810;52103831;Node_5;1021;314.126;44.4
Zone_2161;52103831;52104852;Node_5;1021;313.138;46.6
Zone_2162;52104852;52105873;Node_5;1021;316.077;49.2
Zone_2163;52105873;52106894;Node_5;1021;315.096;40.0
Zone_2164;52106894;52107915;Node_5;1021;314.502;44.3
Zone_2165;52107915;52108936;Node_5;1021;313.605;47.9
Zone_2166;52108936;52109957;Node_5;1021;313.884;50.4
Zone_2167;52109957;52110978;Node_5;1021;315.519;45.5
Zone_2168;52110978;52111999;Node_5;1021;313.762;38.4
Zone_2169;52111999;52113020;Node_5;1021;313.072;42.8
Zone_2170;52113020;52114041;Node_5;1021;313.871;40.0
Zone_2171;52114041;52115062;Node_5;1021;315.004;39.2
Zone_2172;52115062;52116083;Node_5;1021;313.816;36.5
Zone_2173;52116083;52117104;Node_5;1021;313.431;45.5
Zone_2174;52117104;52118125;Node_5;1021;316.217;46.3
Zone_2175;52118125;52119146;Node_5;1021;316.329;45.9
Zone_2176;52119146;52120167;Node_5;1021;313.605;45.9
Zone_2177;52120167;52121188;Node_5;1021;312.532;43.0
Zone_2178;52121188;52122209;Node_5;1021;313.956;45.3
Zone_2179;52122209;52123230;Node_5;1021;315.581;44.3
Zone_2180;52123230;52124251;Node_5;1021;314.939;39.8
Zone_2181;52124251;52125272;Node_5;1021;314.135;44.5
Zone_2182;52125272;52126293;Node_5;1021;314.212;38.4
Zone_2183;52126293;52127314;Node_5;1021;314.867;35.2
Zone_2184;52127314;52128335;Node_5;1021;313.171;43.2
Zone_2185;52128335;52129356;Node_5;1021;312.798;40.5
Zone_2186;52129356;52130377;Node_5;1021;315.912;40.8
Zone_2187;52130377;52131398;Node_5;1021;315.565;37.2
Zone_2188;52131398;52132419;Node_5;1021;315.007;43.2
Zone_2189;52132419;52133440;Node_5;1021;314.995;44.0
Zone_2190;52133440;52134461;Node_5;1021;315.757;38.7
Zone_2191;52134461;52135482;Node_5;1021;315.581;47.6
Zone_2192;52135482;52136503;Node_5;1021;316.575;48.5
Zone_2193;52136503;52137524;Node_5;1021;316.015;43.6
Zone_2194;52137524;52138545;Node_5;1021;314.35;43.4
Zone_2195;52138545;52139566;Node_5;1021;316.237;42.7
Zone_2196;52139566;52140587;Node_5;1021;317.414;40.0
Zone_2197;52140587;52141608;Node_5;1021;316.716;38.6
Zone_2198;52141608;52142629;Node_5;1021;316.075;71.6
Zone_2199;52142629;52143650;Node_5;1021;316.241;43.7
Zone_2200;52143650;52144671;Node_5;1021;315.654;40.2
Zone_2201;52144671;52145692;Node_5;1021;315.873;36.2
Zone_2202;52145692;52146713;Node_5;1021;315.227;31.6
Zone_2203;52146713;52147734;Node_5;1021;315.279;31.9
Zone_2204;52147734;52148755;Node_5;1021;315.724;44.7
Zone_2205;52148755;52149776;Node_5;1021;314.804;41.7
Zone_2206;52149776;52150797;Node_5;1021;317.024;45.1
Zone_2207;52150797;52151818;Node_5;1021;314.55;39.9
Zone_2208;52151818;52152839;Node_5;1021;314.504;38.9
Zone_2209;52152839;52153860;Node_5;1021;316.19;47.1
Zone_2210;52153860;52154881;Node_5;1021;313.833;44.5
Zone_2211;52154881;52155902;Node_5;1021;314.777;48.2
Zone_2212;52155902;52156923;Node_5;1021;314.662;43.5
Zone_2213;52156923;52157944;Node_5;1021;313.944;48.0
Zone_2214;52157944;52158965;Node_5;1021;313.844;48.7
Zone_2215;52158965;52159986;Node_5;1021;315.592;48.6
Zone_2216;52159986;52161007;Node_5;1021;314.703;41.1
Zone_2217;52161007;52162028;Node_5;1021;314.589;35.7
Zone_2218;52162028;52163049;Node_5;1021;314.834;41.0
Zone_2219;52163049;52164070;Node_5;1021;313.839;39.1
Zone_2220;52164070;52165091;Node_5;1021;315.411;42.5
Zone_2221;52165091;52166112;Node_5;1021;316.787;36.1
Zone_2222;52166112;52167133;Node_5;1021;315.665;36.9
Zone_2223;52167133;52168154;Node_5;1021;315.652;37.9
Zone_2224;52168154;52169175;Node_5;1021;313.894;47.3
Zone_2225;52169175;52170196;Node_5;1021;314.873;34.4
Zone_2226;52170196;52171217;Node_5;1021;313.853;33.7
Zone_2227;52171217;52172238;Node_5;1021;315.012;38.2
Zone_2228;52172238;52173259;Node_5;1021;315.328;38.5
Zone_2229;52173259;52174280;Node_5;1021;315.051;37.5
Zone_2230;52174280;52175301;Node_5;1021;315.833;39.7
Zone_2231;52175301;52176322;Node_5;1021;314.084;43.0
Zone_2232;52176322;52177343;Node_5;1021;314.422;56.3
Zone_2233;52177343;52178364;Node_5;1021;317.172;44.1
Zone_2234;52178364;52179385;Node_5;1021;316.576;47.4
Zone_2235;52179385;52180406;Node_5;1021;317.822;44.0
Zone_2236;52180406;52181427;Node_5;1021;315.416;50.8
Zone_2237;52181427;52182448;Node_5;1021;315.727;67.3
Zone_2238;52182448;52183469;Node_5;1021;316.658;34.5
Zone_2239;52183469;52184490;Node_5;1021;314.655;43.2
Zone_2240;52184490;52185511;Node_5;1021;316.326;40.3
Zone_2241;52185511;52186532;Node_5;1021;316.564;45.2
Zone_2242;52186532;52187553;Node_5;1021;315.709;37.3
Zone_2243;52187553;52188574;Node_5;1021;316.462;37.7
Zone_2244;52188574;52189595;Node_5;1021;315.085;42.1
Zone_2245;52189595;52190616;Node_5;1021;315.138;37.5
Zone_2246;52190616;52191637;Node_5;1021;314.635;40.1
Zone_2247;52191637;52192658;Node_5;1021;316.143;39.4
Zone_2248;52192658;52193679;Node_5;1021;316.238;40.9
Zone_2249;52193679;52194700;Node_5;1021;316.749;33.1
Zone_2250;52194700;52195721;Node_5;1021;315.39;32.4
Zone_2251;52195721;52196742;Node_5;1021;315.984;45.4
Zone_2252;52196742;52197763;Node_5;1021;319.106;32.8
Zone_2253;52197763;52198784;Node_5;1021;316.461;40.3
Zone_2254;52198784;52199805;Node_5;1021;314.111;41.3
Zone_2255;52199805;52200826;Node_5;1021;314.537;37.4
Zone_2256;52200826;52201847;Node_5;1021;314.848;37.2
Zone_2257;52201847;52202868;Node_5;1021;313.801;45.0
Zone_2258;52202868;52203889;Node_5;1021;314.1;38.9
Zone_2259;52203889;52204910;Node_5;1021;315.449;44.9
Zone_2260;52204910;52205931;Node_5;1021;314.055;44.5
Zone_2261;52205931;52206952;Node_5;1021;315.928;41.4
Zone_2262;52206952;52207973;Node_5;1021;314.753;35.6
Zone_2263;52207973;52208994;Node_5;1021;315.272;41.8
Zone_2264;52208994;52210015;Node_5;1021;316.994;38.1
Zone_2265;52210015;52211036;Node_5;1021;316.133;42.8
Zone_2266;52211036;52212057;Node_5;1021;315.467;38.1
Zone_2267;52212057;52213078;Node_5;1021;315.741;37.4
Zone_2268;52213078;52214099;Node_5;1021;316.624;42.2
Zone_2269;52214099;52215120;Node_5;1021;316.637;42.3
Zone_2270;52215120;52216141;Node_5;1021;315.375;30.9
Zone_2271;52216141;52217162;Node_5;1021;316.199;35.3
Zone_2272;52217162;52218183;Node_5;1021;316.076;43.0
Zone_2273;52218183;52219204;Node_5;1021;317.675;48.8
Zone_2274;52219204;52220225;Node_5;1021;317.169;47.1
Zone_2275;52220225;52221246;Node_5;1021;315.742;44.8
Zone_2276;52221246;52222267;Node_5;1021;316.353;42.4
Zone_2277;52222267;52223288;Node_5;1021;315.227;43.8
Zone_2278;52223288;52224309;Node_5;1021;315.381;45.4
Zone_2279;52224309;52225330;Node_5;1021;315.091;47.4
Zone_2280;52225330;52226351;Node_5;1021;316.543;46.3
Zone_2281;52226351;52227372;Node_5;1021;316.215;44.8
Zone_2282;52227372;52228393;Node_5;1021;313.716;40.4
Zone_2283;52228393;52229414;Node_5;1021;314.134;37.9
Zone_2284;52229414;52230435;Node_5;1021;315.835;47.3
Zone_2285;52230435;52231456;Node_5;1021;316.359;38.3
Zone_2286;52231456;52232477;Node_5;1021;315.307;40.7
Zone_2287;52232477;52233498;Node_5;1021;316.328;35.7
Zone_2288;52233498;52234519;Node_5;1021;314.849;42.9
Zone_2289;52234519;52235540;Node_5;1021;315.197;32.6
Zone_2290;52235540;52236561;Node_5;1021;314.443;34.0
Zone_2291;52236561;52237582;Node_5;1021;314.3;32.8
Zone_2292;52237582;52238603;Node_5;1021;316.494;41.2
Zone_2293;52238603;52239624;Node_5;1021;316.446;40.3
Zone_2294;52239624;52240645;Node_5;1021;315.991;29.9
Zone_2295;52240645;52241666;Node_5;1021;316.329;36.5
Zone_2296;52241666;52242687;Node_5;1021;315.431;36.7
Zone_2297;52242687;52243708;Node_5;1021;316.85;40.5
Zone_2298;52243708;52244729;Node_5;1021;319.189;40.4
Zone_2299;52244729;52245750;Node_5;1021;316.466;39.2
Zone_2300;52245750;52246771;Node_5;1021;314.965;39.2
Zone_2301;52246771;52247792;Node_5;1021;314.525;46.7
Zone_2302;52247792;52248813;Node_5;1021;315.115;41.5
Zone_2303;52248813;52249834;Node_5;1021;314.342;37.5
Zone_2304;52249834;52250855;Node_6;1021;315.008;35.2
Zone_2305;52250855;52251876;Node_6;1021;315.492;37.4
Zone_2306;52251876;52252897;Node_6;1021;314.722;41.7
Zone_2307;52252897;52253918;Node_6;1021;316.35;41.1
Zone_2308;52253918;52254939;Node_6;1021;316.264;37.8
Zone_2309;52254939;52255960;Node_6;1021;316.482;43.3
Zone_2310;52255960;52256981;Node_6;1021;313.589;42.7
Zone_2311;52256981;52258002;Node_6;1021;315.538;35.5
Zone_2312;52258002;52259023;Node_6;1021;314.852;36.3
Zone_2313;52259023;52260044;Node_6;1021;315.682;39.0
Zone_2314;52260044;52261065;Node_6;1021;314.485;39.3
Zone_2315;52261065;52262086;Node_6;1021;315.815;36.7
Zone_2316;52262086;52263107;Node_6;1021;315.977;41.7
Zone_2317;52263107;52264128;Node_6;1021;315.261;37.1
Zone_2318;52264128;52265149;Node_6;1021;315.261;36.0
Zone_2319;52265149;52266170;Node_6;1021;315.188;34.8
Zone_2320;52266170;52267191;Node_6;1021;314.64;42.4
Zone_2321;52267191;52268212;Node_6;1021;313.596;32.1
Zone_2322;52268212;52269233;Node_6;1021;315.178;41.3
Zone_2323;52269233;52270254;Node_6;1021;313.974;38.9
Zone_2324;52270254;52271275;Node_6;1021;315.146;40.5
Zone_2325;52271275;52272296;Node_6;1021;315.301;38.2
Zone_2326;52272296;52273317;Node_6;1021;314.034;42.2
Zone_2327;52273317;52274338;Node_6;1021;315.944;33.2
Zone_2328;52274338;52275359;Node_6;1021;315.812;32.2
Zone_2329;52275359;52276380;Node_6;1021;313.869;39.3
Zone_2330;52276380;52277401;Node_6;1021;314.387;32.6
Zone_2331;52277401;52278422;Node_6;1021;315.028;31.5
Zone_2332;52278422;52279443;Node_6;1021;314.663;40.1
Zone_2333;52279443;52280464;Node_6;1021;315.61;43.0
Zone_2334;52280464;52281485;Node_6;1021;314.81;37.5
Zone_2335;52281485;52282506;Node_6;1021;316.629;32.3
Zone_2336;52282506;52283527;Node_6;1021;316.75;34.4
Zone_2337;52283527;52284548;Node_6;1021;316.99;38.5
Zone_2338;52284548;52285569;Node_6;1021;315.617;39.6
Zone_2339;52285569;52286590;Node_6;1021;315.416;40.8
Zone_2340;52286590;52287611;Node_6;1021;313.62;41.9
Zone_2341;52287611;52288632;Node_6;1021;315.474;38.8
Zone_2342;52288632;52289653;Node_6;1021;316.143;37.5
Zone_2343;52289653;52290674;Node_6;1021;316.219;37.7
Zone_2344;52290674;52291695;Node_6;1021;315.099;37.6
Zone_2345;52291695;52292716;Node_6;1021;315.67;43.7
Zone_2346;52292716;52293737;Node_6;1021;315.862;41.6
Zone_2347;52293737;52294758;Node_6;1021;315.897;34.8
Zone_2348;52294758;52295779;Node_6;1021;315.759;44.6
Zone_2349;52295779;52296800;Node_6;1021;314.782;37.6
Zone_2350;52296800;52297821;Node_6;1021;314.162;45.5
Zone_2351;52297821;52298842;Node_6;1021;315.055;36.6
Zone_2352;52298842;52299863;Node_6;1021;315.265;47.2
Zone_2353;52299863;52300884;Node_6;1021;315.907;46.3
Zone_2354;52300884;52301905;Node_6;1021;313.374;43.6
Zone_2355;52301905;52302926;Node_6;1021;314.901;39.1
Zone_2356;52302926;52303947;Node_6;1021;315.45;37.7
Zone_2357;52303947;52304968;Node_6;1021;315.119;35.9
Zone_2358;52304968;52305989;Node_6;1021;315.716;53.1
Zone_2359;52305989;52307010;Node_6;1021;314.964;58.7
Zone_2360;52307010;52308031;Node_6;1021;314.053;45.9
Zone_2361;52308031;52309052;Node_6;1021;313.933;37.1
Zone_2362;52309052;52310073;Node_6;1021;317.439;43.2
Zone_2363;52310073;52311094;Node_6;1021;315.424;43.3
Zone_2364;52311094;52312115;Node_6;1021;314.9;42.5
Zone_2365;52312115;52313136;Node_6;1021;316.194;39.5
Zone_2366;52313136;52314157;Node_6;1021;316.911;37.5
Zone_2367;52314157;52315178;Node_6;1021;316.574;43.7
Zone_2368;52315178;52316199;Node_6;1021;317.248;40.0
Zone_2369;52316199;52317220;Node_6;1021;316.638;37.4
Zone_2370;52317220;52318241;Node_6;1021;316.394;34.4
Zone_2371;52318241;52319262;Node_6;1021;316.933;37.8
Zone_2372;52319262;52320283;Node_6;1021;316.283;46.4
Zone_2373;52320283;52321304;Node_6;1021;316.341;35.3
Zone_2374;52321304;52322325;Node_6;1021;313.432;40.6
Zone_2375;52322325;52323346;Node_6;1021;312.907;49.3
Zone_2376;52323346;52324367;Node_6;1021;316.229;43.8
Zone_2377;52324367;52325388;Node_6;1021;315.414;44.2
Zone_2378;52325388;52326409;Node_6;1021;315.482;38.8
Zone_2379;52326409;52327430;Node_6;1021;316.641;46.6
Zone_2380;52327430;52328451;Node_6;1021;317.893;46.0
Zone_2381;52328451;52329472;Node_6;1021;316.15;33.0
Zone_2382;52329472;52330493;Node_6;1021;317.15;46.8
Zone_2383;52330493;52331514;Node_6;1021;315.457;46.0
Zone_2384;52331514;52332535;Node_6;1021;315.878;41.4
Zone_2385;52332535;52333556;Node_6;1021;316.285;38.3
Zone_2386;52333556;52334577;Node_6;1021;316.623;42.0
Zone_2387;52334577;52335598;Node_6;1021;316.21;39.3
Zone_2388;52335598;52336619;Node_6;1021;316.001;43.2
Zone_2389;52336619;52337640;Node_6;1021;316.595;39.1
Zone_2390;52337640;52338661;Node_6;1021;315.526;39.3
Zone_2391;52338661;52339682;Node_6;1021;316.383;44.1
Zone_2392;52339682;52340703;Node_6;1021;315.965;39.3
Zone_2393;52340703;52341724;Node_6;1021;315.682;43.2
Zone_2394;52341724;52342745;Node_6;1021;314.502;49.2
Zone_2395;52342745;52343766;Node_6;1021;315.362;50.9
Zone_2396;52343766;52344787;Node_6;1021;315.698;46.0
Zone_2397;52344787;52345808;Node_6;1021;314.696;44.9
Zone_2398;52345808;52346829;Node_6;1021;315.608;45.1
Zone_2399;52346829;52347850;Node_6;1021;313.98;42.6
Zone_2400;52347850;52348871;Node_6;1021;313.907;42.1
Zone_2401;52348871;52349892;Node_6;1021;314.931;42.0
Zone_2402;52349892;52350913;Node_6;1021;315.88;45.7
Zone_2403;52350913;52351934;Node_6;1021;316.275;47.9
Zone_2404;52351934;52352955;Node_6;1021;315.533;44.7
Zone_2405;52352955;52353976;Node_6;1021;315.65;50.9
Zone_2406;52353976;52354997;Node_6;1021;315.304;52.8
Zone_2407;52354997;52356018;Node_6;1021;316.67;53.6
Zone_2408;52356018;52357039;Node_6;1021;314.263;54.5
Zone_2409;52357039;52358060;Node_6;1021;314.208;58.0
Zone_2410;52358060;52359081;Node_6;1021;316.205;58.3
Zone_2411;52359081;52360102;Node_6;1021;316.2;59.7
Zone_2412;52360102;52361123;Node_6;1021;314.828;61.7
Zone_2413;52361123;52362144;Node_6;1021;313.103;51.9
Zone_2414;52362144;52363165;Node_6;1021;314.973;53.9
Zone_2415;52363165;52364186;Node_6;1021;314.649;47.6
Zone_2416;52364186;52365207;Node_6;1021;315.208;49.3
Zone_2417;52365207;52366228;Node_6;1021;317.274;65.0
Zone_2418;52366228;52367249;Node_6;1021;315.104;55.3
Zone_2419;52367249;52368270;Node_6;1021;315.097;42.4
Zone_2420;52368270;52369291;Node_6;1021;315.498;52.7
Zone_2421;52369291;52370312;Node_6;1021;314.676;36.6
Zone_2422;52370312;52371333;Node_6;1021;313.983;36.4
Zone_2423;52371333;52372354;Node_6;1021;314.87;42.0
Zone_2424;52372354;52373375;Node_6;1021;314.991;44.6
Zone_2425;52373375;52374396;Node_6;1021;315.485;40.3
Zone_2426;52374396;52375417;Node_6;1021;315.186;41.1
Zone_2427;52375417;52376438;Node_6;1021;316.429;50.0
Zone_2428;52376438;52377459;Node_6;1021;314.946;50.3
Zone_2429;52377459;52378480;Node_6;1021;316.065;44.3
Zone_2430;52378480;52379501;Node_6;1021;316.296;48.9
Zone_2431;52379501;52380522;Node_6;1021;316.517;46.4
Zone_2432;52380522;52381543;Node_6;1021;315.462;41.6
Zone_2433;52381543;52382564;Node_6;1021;314.621;49.5
Zone_2434;52382564;52383585;Node_6;1021;314.757;47.5
Zone_2435;52383585;52384606;Node_6;1021;314.644;46.8
Zone_2436;52384606;52385627;Node_6;1021;315.359;45.9
Zone_2437;52385627;52386648;Node_6;1021;314.581;45.3
Zone_2438;52386648;52387669;Node_6;1021;316.052;49.8
Zone_2439;52387669;52388690;Node_6;1021;314.505;43.0
Zone_2440;52388690;52389711;Node_6;1021;315.476;40.1
Zone_2441;52389711;52390732;Node_6;1021;316.05;39.5
Zone_2442;52390732;52391753;Node_6;1021;316.551;44.0
Zone_2443;52391753;52392774;Node_6;1021;315.687;43.8
Zone_2444;52392774;52393795;Node_6;1021;316.264;42.8
Zone_2445;52393795;52394816;Node_6;1021;315.045;41.1
Zone_2446;52394816;52395837;Node_6;1021;316.55;38.9
Zone_2447;52395837;52396858;Node_6;1021;314.138;41.8
Zone_2448;52396858;52397879;Node_6;1021;313.777;45.2
Zone_2449;52397879;52398900;Node_6;1021;313.896;51.3
Zone_2450;52398900;52399921;Node_6;1021;316.068;49.2
Zone_2451;52399921;52400942;Node_6;1021;313.763;43.4
Zone_2452;52400942;52401963;Node_6;1021;313.324;39.6
Zone_2453;52401963;52402984;Node_6;1021;315.498;41.9
Zone_2454;52402984;52404005;Node_6;1021;315.303;41.1
Zone_2455;52404005;52405026;Node_6;1021;314.907;55.1
Zone_2456;52405026;52406047;Node_6;1021;315.834;38.1
Zone_2457;52406047;52407068;Node_6;1021;315.209;41.7
Zone_2458;52407068;52408089;Node_6;1021;315.193;46.7
Zone_2459;52408089;52409110;Node_6;1021;314.275;43.3
Zone_2460;52409110;52410131;Node_6;1021;315.915;37.9
Zone_2461;52410131;52411152;Node_6;1021;314.482;38.7
Zone_2462;52411152;52412173;Node_6;1021;315.49;41.7
Zone_2463;52412173;52413194;Node_6;1021;316.537;41.6
Zone_2464;52413194;52414215;Node_6;1021;315.296;43.6
Zone_2465;52414215;52415236;Node_6;1021;315.955;44.8
Zone_2466;52415236;52416257;Node_6;1021;315.135;44.2
Zone_2467;52416257;52417278;Node_6;1021;315.368;43.4
Zone_2468;52417278;52418299;Node_6;1021;316.652;37.9
Zone_2469;52418299;52419320;Node_6;1021;316.137;39.8
Zone_2470;52419320;52420341;Node_6;1021;317.209;39.7
Zone_2471;52420341;52421362;Node_6;1021;315.218;29.4
Zone_2472;52421362;52422383;Node_6;1021;315.86;35.9
Zone_2473;52422383;52423404;Node_6;1021;314.983;37.4
Zone_2474;52423404;52424425;Node_6;1021;316.217;35.7
Zone_2475;52424425;52425446;Node_6;1021;313.506;38.7
Zone_2476;52425446;52426467;Node_6;1021;316.628;37.8
Zone_2477;52426467;52427488;Node_6;1021;316.915;34.3
Zone_2478;52427488;52428509;Node_6;1021;315.936;40.1
Zone_2479;52428509;52429530;Node_6;1021;316.177;45.2
Zone_2480;52429530;52430551;Node_6;1021;314.482;39.8
Zone_2481;52430551;52431572;Node_6;1021;316.685;42.5
Zone_2482;52431572;52432593;Node_6;1021;316.332;38.4
Zone_2483;52432593;52433614;Node_6;1021;317.101;45.6
Zone_2484;52433614;52434635;Node_6;1021;316.52;34.7
Zone_2485;52434635;52435656;Node_6;1021;315.439;37.8
Zone_2486;52435656;52436677;Node_6;1021;315.823;40.7
Zone_2487;52436677;52437698;Node_6;1021;314.682;38.1
Zone_2488;52437698;52438719;Node_6;1021;315.413;37.4
Zone_2489;52438719;52439740;Node_6;1021;316.327;40.7
Zone_2490;52439740;52440761;Node_6;1021;315.33;35.4
Zone_2491;52440761;52441782;Node_6;1021;316.041;37.2
Zone_2492;52441782;52442803;Node_6;1021;317.149;40.4
Zone_2493;52442803;52443824;Node_6;1021;316.344;48.1
Zone_2494;52443824;52444845;Node_6;1021;315.251;41.3
Zone_2495;52444845;52445866;Node_6;1021;315.281;32.2
Zone_2496;52445866;52446887;Node_6;1021;314.875;31.5
Zone_2497;52446887;52447908;Node_6;1021;316.147;40.0
Zone_2498;52447908;52448929;Node_6;1021;315.741;38.8
Zone_2499;52448929;52449950;Node_6;1021;312.783;40.5
Zone_2500;52449950;52450971;Node_6;1021;315.053;32.1
Zone_2501;52450971;52451992;Node_6;1021;316.786;44.7
Zone_2502;52451992;52453013;Node_6;1021;315.414;41.4
Zone_2503;52453013;52454034;Node_6;1021;316.418;38.8
Zone_2504;52454034;52455055;Node_6;1021;316.159;34.8
Zone_2505;52455055;52456076;Node_6;1021;317.228;44.3
Zone_2506;52456076;52457097;Node_6;1021;316.853;39.1
Zone_2507;52457097;52458118;Node_6;1021;314.647;38.6
Zone_2508;52458118;52459139;Node_6;1021;315.183;34.6
Zone_2509;52459139;52460160;Node_6;1021;317.517;49.2
Zone_2510;52460160;52461181;Node_6;1021;315.346;38.6
Zone_2511;52461181;52462202;Node_6;1021;314.979;28.8
Zone_2512;52462202;52463223;Node_6;1021;314.904;38.4
Zone_2513;52463223;52464244;Node_6;1021;315.079;40.5
Zone_2514;52464244;52465265;Node_6;1021;314.113;38.1
Zone_2515;52465265;52466286;Node_6;1021;313.302;36.9
Zone_2516;52466286;52467307;Node_6;1021;316.019;43.3
Zone_2517;52467307;52468328;Node_6;1021;312.486;34.8
Zone_2518;52468328;52469349;Node_6;1021;314.759;33.2
Zone_2519;52469349;52470370;Node_6;1021;316.697;41.5
Zone_2520;52470370;52471391;Node_6;1021;314.639;40.7
Zone_2521;52471391;52472412;Node_6;1021;314.848;32.9
Zone_2522;52472412;52473433;Node_6;1021;315.135;28.8
Zone_2523;52473433;52474454;Node_6;1021;315.618;36.5
Zone_2524;52474454;52475475;Node_6;1021;314.77;35.4
Zone_2525;52475475;52476496;Node_6;1021;315.454;37.5
Zone_2526;52476496;52477517;Node_6;1021;315.855;35.1
Zone_2527;52477517;52478538;Node_6;1021;314.16;35.9
Zone_2528;52478538;52479559;Node_6;1021;318.176;40.9
Zone_2529;52479559;52480580;Node_6;1021;318.327;43.0
Zone_2530;52480580;52481601;Node_6;1021;315.856;36.5
Zone_2531;52481601;52482622;Node_6;1021;314.699;32.2
Zone_2532;52482622;52483643;Node_6;1021;314.185;35.1
Zone_2533;52483643;52484664;Node_6;1021;315.453;38.3
Zone_2534;52484664;52485685;Node_6;1021;313.566;32.5
Zone_2535;52485685;52486706;Node_6;1021;315.236;29.5
Zone_2536;52486706;52487727;Node_6;1021;315.351;41.2
Zone_2537;52487727;52488748;Node_6;1021;315.111;35.2
Zone_2538;52488748;52489769;Node_6;1021;314.939;33.1
Zone_2539;52489769;52490790;Node_6;1021;314.484;36.1
Zone_2540;52490790;52491811;Node_6;1021;314.878;40.2
Zone_2541;52491811;52492832;Node_6;1021;315.889;31.9
Zone_2542;52492832;52493853;Node_6;1021;314.914;35.0
Zone_2543;52493853;52494874;Node_6;1021;315.291;39.4
Zone_2544;52494874;52495895;Node_6;1021;314.45;31.0
Zone_2545;52495895;52496916;Node_6;1021;314.913;28.8
Zone_2546;52496916;52497937;Node_6;1021;314.915;33.9
Zone_2547;52497937;52498958;Node_6;1021;314.595;43.3
Zone_2548;52498958;52499979;Node_6;1021;316.141;45.6
Zone_2549;52499979;52501000;Node_6;1021;316.834;45.2
Zone_2550;52501000;52502021;Node_6;1021;316.92;35.2
Zone_2551;52502021;52503042;Node_6;1021;313.078;40.2
Zone_2552;52503042;52504063;Node_6;1021;313.066;34.6
Zone_2553;52504063;52505084;Node_6;1021;314.106;40.1
Zone_2554;52505084;52506105;Node_6;1021;314.472;44.9
Zone_2555;52506105;52507126;Node_6;1021;313.974;34.5
Zone_2556;52507126;52508147;Node_6;1021;313.728;40.7
Zone_2557;52508147;52509168;Node_6;1021;314.628;38.5
Zone_2558;52509168;52510189;Node_6;1021;314.96;33.9
Zone_2559;52510189;52511210;Node_6;1021;314.766;34.2
Zone_2560;52511210;52512231;Node_6;1021;316.823;35.8
Zone_2561;52512231;52513252;Node_6;1021;314.911;37.0
Zone_2562;52513252;52514273;Node_6;1021;315.656;37.9
Zone_2563;52514273;52515294;Node_6;1021;314.656;39.8
Zone_2564;52515294;52516315;Node_6;1021;315.806;35.0
Zone_2565;52516315;52517336;Node_6;1021;313.494;37.4
Zone_2566;52517336;52518357;Node_6;1021;315.602;33.4
Zone_2567;52518357;52519378;Node_6;1021;316.171;35.9
Zone_2568;52519378;52520399;Node_6;1021;316.602;43.4
Zone_2569;52520399;52521420;Node_6;1021;313.992;41.3
Zone_2570;52521420;52522441;Node_6;1021;315.767;40.9
Zone_2571;52522441;52523462;Node_6;1021;314.817;46.3
Zone_2572;52523462;52524483;Node_6;1021;315.002;40.2
Zone_2573;52524483;52525504;Node_6;1021;315.105;38.9
Zone_2574;52525504;52526525;Node_6;1021;314.328;32.9
Zone_2575;52526525;52527546;Node_6;1021;316.031;45.2
Zone_2576;52527546;52528567;Node_6;1021;316.432;43.9
Zone_2577;52528567;52529588;Node_6;1021;313.858;31.6
Zone_2578;52529588;52530609;Node_6;1021;314.644;37.6
Zone_2579;52530609;52531630;Node_6;1021;316.074;40.7
Zone_2580;52531630;52532651;Node_6;1021;312.888;43.2
Zone_2581;52532651;52533672;Node_6;1021;312.721;37.3
Zone_2582;52533672;52534693;Node_6;1021;315.15;43.0
Zone_2583;52534693;52535714;Node_6;1021;313.392;36.6
Zone_2584;52535714;52536735;Node_6;1021;316.704;33.8
Zone_2585;52536735;52537756;Node_6;1021;316.413;42.9
Zone_2586;52537756;52538777;Node_6;1021;316.477;43.8
Zone_2587;52538777;52539798;Node_6;1021;316.643;40.1
Zone_2588;52539798;52540819;Node_6;1021;316.498;47.0
Zone_2589;52540819;52541840;Node_6;1021;316.41;42.0
Zone_2590;52541840;52542861;Node_6;1021;315.883;35.7
Zone_2591;52542861;52543882;Node_6;1021;314.401;41.6
Zone_2592;52543882;52544903;Node_6;1021;316.428;42.8
Zone_2593;52544903;52545924;Node_6;1021;316.997;43.5
Zone_2594;52545924;52546945;Node_6;1021;317.082;37.3
Zone_2595;52546945;52547966;Node_6;1021;316.624;38.7
Zone_2596;52547966;52548987;Node_6;1021;314.686;33.1
Zone_2597;52548987;52550008;Node_6;1021;314.021;36.5
Zone_2598;52550008;52551029;Node_6;1021;314.552;35.6
Zone_2599;52551029;52552050;Node_6;1021;314.591;31.5
Zone_2600;52552050;52553071;Node_6;1021;314.133;56.3
Zone_2601;52553071;52554092;Node_6;1021;318.387;68.8
Zone_2602;52554092;52555113;Node_6;1021;315.721;42.5
Zone_2603;52555113;52556134;Node_6;1021;315.23;41.4
Zone_2604;52556134;52557155;Node_6;1021;315.158;36.5
Zone_2605;52557155;52558176;Node_6;1021;316.09;46.6
Zone_2606;52558176;52559197;Node_6;1021;314.726;44.1
Zone_2607;52559197;52560218;Node_6;1021;317.022;39.6
Zone_2608;52560218;52561239;Node_6;1021;315.595;46.5
Zone_2609;52561239;52562260;Node_6;1021;317.629;44.7
Zone_2610;52562260;52563281;Node_6;1021;317.312;41.8
Zone_2611;52563281;52564302;Node_6;1021;317.243;42.3
Zone_2612;52564302;52565323;Node_6;1021;316.96;42.1
Zone_2613;52565323;52566344;Node_6;1021;315.843;46.6
Zone_2614;52566344;52567365;Node_6;1021;314.715;34.2
Zone_2615;52567365;52568386;Node_6;1021;313.284;40.9
Zone_2616;52568386;52569407;Node_6;1021;314.329;44.8
Zone_2617;52569407;52570428;Node_6;1021;314.291;44.4
Zone_2618;52570428;52571449;Node_6;1021;314.93;40.8
Zone_2619;52571449;52572470;Node_6;1021;313.994;43.6
Zone_2620;52572470;52573491;Node_6;1021;314.665;47.7
Zone_2621;52573491;52574512;Node_6;1021;315.538;43.7
Zone_2622;52574512;52575533;Node_6;1021;313.448;40.4
Zone_2623;52575533;52576554;Node_6;1021;314.559;45.1
Zone_2624;52576554;52577575;Node_6;1021;315.671;41.7
Zone_2625;52577575;52578596;Node_6;1021;315.863;39.9
Zone_2626;52578596;52579617;Node_6;1021;312.648;48.5
Zone_2627;52579617;52580638;Node_6;1021;314.063;38.2
Zone_2628;52580638;52581659;Node_6;1021;314.877;45.2
Zone_2629;52581659;52582680;Node_6;1021;314.387;42.2
Zone_2630;52582680;52583701;Node_6;1021;314.716;47.2
Zone_2631;52583701;52584722;Node_6;1021;315.954;44.4
Zone_2632;52584722;52585743;Node_6;1021;317.084;42.1
Zone_2633;52585743;52586764;Node_6;1021;315.751;42.4
Zone_2634;52586764;52587785;Node_6;1021;315.967;48.1
Zone_2635;52587785;52588806;Node_6;1021;314.558;45.1
Zone_2636;52588806;52589827;Node_6;1021;314.584;40.7
Zone_2637;52589827;52590848;Node_6;1021;315.617;46.7
Zone_2638;52590848;52591869;Node_6;1021;316.995;46.7
Zone_2639;52591869;52592890;Node_6;1021;313.952;41.6
Zone_2640;52592890;52593911;Node_6;1021;314.62;37.1
Zone_2641;52593911;52594932;Node_6;1021;315.542;46.7
Zone_2642;52594932;52595953;Node_6;1021;313.721;45.2
Zone_2643;52595953;52596974;Node_6;1021;314.481;34.9
Zone_2644;52596974;52597995;Node_6;1021;313.084;45.0
Zone_2645;52597995;52599016;Node_6;1021;314.552;47.9
Zone_2646;52599016;52600037;Node_6;1021;314.764;47.5
Zone_2647;52600037;52601058;Node_6;1021;313.197;49.4
Zone_2648;52601058;52602079;Node_6;1021;313.467;49.4
Zone_2649;52602079;52603100;Node_6;1021;315.365;68.7
Zone_2650;52603100;52604121;Node_6;1021;316.907;49.3
Zone_2651;52604121;52605142;Node_6;1021;317.018;46.2
Zone_2652;52605142;52606163;Node_6;1021;316.666;44.2
Zone_2653;52606163;52607184;Node_6;1021;315.086;51.4
Zone_2654;52607184;52608205;Node_6;1021;315.327;47.6
Zone_2655;52608205;52609226;Node_6;1021;314.997;45.5
Zone_2656;52609226;52610247;Node_6;1021;316.396;49.9
Zone_2657;52610247;52611268;Node_6;1021;316.282;46.5
Zone_2658;52611268;52612289;Node_6;1021;314.803;46.6
Zone_2659;52612289;52613310;Node_6;1021;311.653;42.5
Zone_2660;52613310;52614331;Node_6;1021;316.153;44.0
Zone_2661;52614331;52615352;Node_6;1021;315.513;50.9
Zone_2662;52615352;52616373;Node_6;1021;314.258;48.9
Zone_2663;52616373;52617394;Node_6;1021;314.058;47.4
Zone_2664;52617394;52618415;Node_6;1021;314.718;41.6
Zone_2665;52618415;52619436;Node_6;1021;315.677;47.5
Zone_2666;52619436;52620457;Node_6;1021;315.939;46.7
Zone_2667;52620457;52621478;Node_6;1021;317.19;40.1
Zone_2668;52621478;52622499;Node_6;1021;316.353;40.5
Zone_2669;52622499;52623520;Node_6;1021;316.387;42.4
Zone_2670;52623520;52624541;Node_6;1021;316.714;41.4
Zone_2671;52624541;52625562;Node_6;1021;316.534;43.3
Zone_2672;52625562;52626583;Node_6;1021;315.09;44.1
Zone_2673;52626583;52627604;Node_6;1021;314.876;42.5
Zone_2674;52627604;52628625;Node_6;1021;315.534;43.6
Zone_2675;52628625;52629646;Node_6;1021;316.095;46.3
Zone_2676;52629646;52630667;Node_6;1021;315.007;44.9
Zone_2677;52630667;52631688;Node_6;1021;316.334;41.7
Zone_2678;52631688;52632709;Node_6;1021;315.03;55.3
Zone_2679;52632709;52633730;Node_6;1021;314.018;69.4
Zone_2680;52633730;52634751;Node_6;1021;311.625;51.5
Zone_2681;52634751;52635772;Node_6;1021;315.436;42.3
Zone_2682;52635772;52636793;Node_6;1021;316.609;38.2
Zone_2683;52636793;52637814;Node_6;1021;314.835;48.5
Zone_2684;52637814;52638835;Node_6;1021;315.542;45.1
Zone_2685;52638835;52639856;Node_6;1021;316.595;46.3
Zone_2686;52639856;52640877;Node_6;1021;316.017;48.0
Zone_2687;52640877;52641898;Node_6;1021;317.39;49.5
Zone_2688;52641898;52642919;Node_7;1021;315.492;48.3
Zone_2689;52642919;52643940;Node_7;1021;316.767;43.1
Zone_2690;52643940;52644961;Node_7;1021;318.157;49.4
Zone_2691;52644961;52645982;Node_7;1021;316.661;44.5
Zone_2692;52645982;52647003;Node_7;1021;315.414;36.0
Zone_2693;52647003;52648024;Node_7;1021;316.84;39.9
Zone_2694;52648024;52649045;Node_7;1021;314.216;36.7
Zone_2695;52649045;52650066;Node_7;1021;314.643;47.0
Zone_2696;52650066;52651087;Node_7;1021;314.601;44.9
Zone_2697;52651087;52652108;Node_7;1021;315.032;46.3
Zone_2698;52652108;52653129;Node_7;1021;316.866;40.5
Zone_2699;52653129;52654150;Node_7;1021;316.0;44.4
Zone_2700;52654150;52655171;Node_7;1021;316.939;38.2
Zone_2701;52655171;52656192;Node_7;1021;317.441;39.6
Zone_2702;52656192;52657213;Node_7;1021;315.825;46.0
Zone_2703;52657213;52658234;Node_7;1021;316.453;49.7
Zone_2704;52658234;52659255;Node_7;1021;315.441;44.9
Zone_2705;52659255;52660276;Node_7;1021;316.406;49.4
Zone_2706;52660276;52661297;Node_7;1021;316.116;47.9
Zone_2707;52661297;52662318;Node_7;1021;316.035;52.6
Zone_2708;52662318;52663339;Node_7;1021;313.803;50.1
Zone_2709;52663339;52664360;Node_7;1021;314.926;44.7
Zone_2710;52664360;52665381;Node_7;1021;314.81;49.5
Zone_2711;52665381;52666402;Node_7;1021;314.622;51.5
Zone_2712;52666402;52667423;Node_7;1021;315.172;47.0
Zone_2713;52667423;52668444;Node_7;1021;314.959;46.6
Zone_2714;52668444;52669465;Node_7;1021;314.776;52.4
Zone_2715;52669465;52670486;Node_7;1021;315.342;42.5
Zone_2716;52670486;52671507;Node_7;1021;315.843;43.5
Zone_2717;52671507;52672528;Node_7;1021;315.267;42.6
Zone_2718;52672528;52673549;Node_7;1021;315.309;50.9
Zone_2719;52673549;52674570;Node_7;1021;314.066;43.7
Zone_2720;52674570;52675591;Node_7;1021;314.078;47.5
Zone_2721;52675591;52676612;Node_7;1021;313.753;51.1
Zone_2722;52676612;52677633;Node_7;1021;314.84;49.0
Zone_2723;52677633;52678654;Node_7;1021;316.454;44.4
Zone_2724;52678654;52679675;Node_7;1021;315.979;43.8
Zone_2725;52679675;52680696;Node_7;1021;313.664;45.2
Zone_2726;52680696;52681717;Node_7;1021;315.176;45.8
Zone_2727;52681717;52682738;Node_7;1021;316.988;48.2
Zone_2728;52682738;52683759;Node_7;1021;314.496;40.6
Zone_2729;52683759;52684780;Node_7;1021;314.665;41.5
Zone_2730;52684780;52685801;Node_7;1021;314.315;40.3
Zone_2731;52685801;52686822;Node_7;1021;314.576;51.0
Zone_2732;52686822;52687843;Node_7;1021;314.723;44.1
Zone_2733;52687843;52688864;Node_7;1021;315.173;48.2
Zone_2734;52688864;52689885;Node_7;1021;315.226;43.4
Zone_2735;52689885;52690906;Node_7;1021;316.227;38.5
Zone_2736;52690906;52691927;Node_7;1021;315.754;48.2
Zone_2737;52691927;52692948;Node_7;1021;313.885;48.0
Zone_2738;52692948;52693969;Node_7;1021;315.641;46.7
Zone_2739;52693969;52694990;Node_7;1021;317.495;42.6
Zone_2740;52694990;52696011;Node_7;1021;315.914;45.4
Zone_2741;52696011;52697032;Node_7;1021;313.963;48.7
Zone_2742;52697032;52698053;Node_7;1021;313.801;50.4
Zone_2743;52698053;52699074;Node_7;1021;314.228;54.7
Zone_2744;52699074;52700095;Node_7;1021;315.455;46.7
Zone_2745;52700095;52701116;Node_7;1021;314.724;41.8
Zone_2746;52701116;52702137;Node_7;1021;314.234;37.6
Zone_2747;52702137;52703158;Node_7;1021;314.915;37.6
Zone_2748;52703158;52704179;Node_7;1021;315.744;54.7
Zone_2749;52704179;52705200;Node_7;1021;316.089;45.2
Zone_2750;52705200;52706221;Node_7;1021;314.497;47.3
Zone_2751;52706221;52707242;Node_7;1021;313.518;50.4
Zone_2752;52707242;52708263;Node_7;1021;314.089;48.3
Zone_2753;52708263;52709284;Node_7;1021;316.293;46.5
Zone_2754;52709284;52710305;Node_7;1021;315.649;45.7
Zone_2755;52710305;52711326;Node_7;1021;317.369;43.6
Zone_2756;52711326;52712347;Node_7;1021;317.201;45.9
Zone_2757;52712347;52713368;Node_7;1021;316.214;42.2
Zone_2758;52713368;52714389;Node_7;1021;316.646;43.9
Zone_2759;52714389;52715410;Node_7;1021;314.646;46.4
Zone_2760;52715410;52716431;Node_7;1021;316.804;45.4
Zone_2761;52716431;52717452;Node_7;1021;315.972;45.7
Zone_2762;52717452;52718473;Node_7;1021;315.328;49.2
Zone_2763;52718473;52719494;Node_7;1021;316.304;41.6
Zone_2764;52719494;52720515;Node_7;1021;314.781;34.7
Zone_2765;52720515;52721536;Node_7;1021;313.616;51.5
Zone_2766;52721536;52722557;Node_7;1021;314.463;43.8
Zone_2767;52722557;52723578;Node_7;1021;316.934;44.4
Zone_2768;52723578;52724599;Node_7;1021;317.933;43.3
Zone_2769;52724599;52725620;Node_7;1021;318.058;38.9
Zone_2770;52725620;52726641;Node_7;1021;318.086;55.1
Zone_2771;52726641;52727662;Node_7;1021;312.812;51.3
Zone_2772;52727662;52728683;Node_7;1021;314.726;40.6
Zone_2773;52728683;52729704;Node_7;1021;316.909;39.2
Zone_2774;52729704;52730725;Node_7;1021;315.498;46.8
Zone_2775;52730725;52731746;Node_7;1021;317.093;42.4
Zone_2776;52731746;52732767;Node_7;1021;315.615;44.3
Zone_2777;52732767;52733788;Node_7;1021;315.914;39.7
Zone_2778;52733788;52734809;Node_7;1021;315.772;39.4
Zone_2779;52734809;52735830;Node_7;1021;314.33;49.2
Zone_2780;52735830;52736851;Node_7;1021;314.832;44.8
Zone_2781;52736851;52737872;Node_7;1021;315.801;44.3
Zone_2782;52737872;52738893;Node_7;1021;314.74;42.8
Zone_2783;52738893;52739914;Node_7;1021;313.961;44.4
Zone_2784;52739914;52740935;Node_7;1021;314.631;42.4
Zone_2785;52740935;52741956;Node_7;1021;316.354;39.4
Zone_2786;52741956;52742977;Node_7;1021;316.714;49.4
Zone_2787;52742977;52743998;Node_7;1021;315.094;44.4
Zone_2788;52743998;52745019;Node_7;1021;314.829;43.6
Zone_2789;52745019;52746040;Node_7;1021;315.696;43.5
Zone_2790;52746040;52747061;Node_7;1021;314.512;40.0
Zone_2791;52747061;52748082;Node_7;1021;315.944;34.3
Zone_2792;52748082;52749103;Node_7;1021;316.792;43.6
Zone_2793;52749103;52750124;Node_7;1021;316.162;39.8
Zone_2794;52750124;52751145;Node_7;1021;313.603;45.7
Zone_2795;52751145;52752166;Node_7;1021;314.621;45.3
Zone_2796;52752166;52753187;Node_7;1021;315.293;45.9
Zone_2797;52753187;52754208;Node_7;1021;314.005;47.2
Zone_2798;52754208;52755229;Node_7;1021;314.096;46.1
Zone_2799;52755229;52756250;Node_7;1021;314.017;46.9
Zone_2800;52756250;52757271;Node_7;1021;314.627;40.1
Zone_2801;52757271;52758292;Node_7;1021;316.456;45.6
Zone_2802;52758292;52759313;Node_7;1021;314.937;40.0
Zone_2803;52759313;52760334;Node_7;1021;315.354;40.6
Zone_2804;52760334;52761355;Node_7;1021;314.876;40.3
Zone_2805;52761355;52762376;Node_7;1021;314.23;37.3
Zone_2806;52762376;52763397;Node_7;1021;315.11;42.0
Zone_2807;52763397;52764418;Node_7;1021;314.794;40.5
Zone_2808;52764418;52765439;Node_7;1021;315.363;41.0
Zone_2809;52765439;52766460;Node_7;1021;313.299;40.9
Zone_2810;52766460;52767481;Node_7;1021;315.515;36.4
Zone_2811;52767481;52768502;Node_7;1021;315.025;48.6
Zone_2812;52768502;52769523;Node_7;1021;313.513;37.7
Zone_2813;52769523;52770544;Node_7;1021;315.338;39.5
Zone_2814;52770544;52771565;Node_7;1021;315.277;43.7
Zone_2815;52771565;52772586;Node_7;1021;315.498;37.4
Zone_2816;52772586;52773607;Node_7;1021;315.855;46.2
Zone_2817;52773607;52774628;Node_7;1021;314.986;46.7
Zone_2818;52774628;52775649;Node_7;1021;314.091;43.8
Zone_2819;52775649;52776670;Node_7;1021;316.899;44.1
Zone_2820;52776670;52777691;Node_7;1021;315.668;39.9
Zone_2821;52777691;52778712;Node_7;1021;314.906;36.1
Zone_2822;52778712;52779733;Node_7;1021;316.644;39.1
Zone_2823;52779733;52780754;Node_7;1021;315.942;37.4
Zone_2824;52780754;52781775;Node_7;1021;316.042;45.0
Zone_2825;52781775;52782796;Node_7;1021;314.721;41.2
Zone_2826;52782796;52783817;Node_7;1021;315.13;44.3
Zone_2827;52783817;52784838;Node_7;1021;316.213;41.8
Zone_2828;52784838;52785859;Node_7;1021;315.091;42.6
Zone_2829;52785859;52786880;Node_7;1021;316.656;40.7
Zone_2830;52786880;52787901;Node_7;1021;315.906;37.0
Zone_2831;52787901;52788922;Node_7;1021;317.028;41.1
Zone_2832;52788922;52789943;Node_7;1021;314.202;34.4
Zone_2833;52789943;52790964;Node_7;1021;316.099;36.3
Zone_2834;52790964;52791985;Node_7;1021;314.545;41.3
Zone_2835;52791985;52793006;Node_7;1021;315.687;37.8
Zone_2836;52793006;52794027;Node_7;1021;315.123;44.4
Zone_2837;52794027;52795048;Node_7;1021;315.042;43.9
Zone_2838;52795048;52796069;Node_7;1021;313.985;40.7
Zone_2839;52796069;52797090;Node_7;1021;314.557;31.3
Zone_2840;52797090;52798111;Node_7;1021;315.216;32.0
Zone_2841;52798111;52799132;Node_7;1021;316.125;36.9
Zone_2842;52799132;52800153;Node_7;1021;317.745;44.7
Zone_2843;52800153;52801174;Node_7;1021;316.883;38.0
Zone_2844;52801174;52802195;Node_7;1021;315.217;31.5
Zone_2845;52802195;52803216;Node_7;1021;315.021;39.4
Zone_2846;52803216;52804237;Node_7;1021;315.3;41.7
Zone_2847;52804237;52805258;Node_7;1021;316.51;43.9
Zone_2848;52805258;52806279;Node_7;1021;316.219;36.4
Zone_2849;52806279;52807300;Node_7;1021;314.071;39.0
Zone_2850;52807300;52808321;Node_7;1021;314.978;42.3
Zone_2851;52808321;52809342;Node_7;1021;314.013;33.0
Zone_2852;52809342;52810363;Node_7;1021;314.197;37.0
Zone_2853;52810363;52811384;Node_7;1021;314.537;40.7
Zone_2854;52811384;52812405;Node_7;1021;314.763;40.7
Zone_2855;52812405;52813426;Node_7;1021;313.886;46.4
Zone_2856;52813426;52814447;Node_7;1021;314.486;40.5
Zone_2857;52814447;52815468;Node_7;1021;317.106;45.4
Zone_2858;52815468;52816489;Node_7;1021;315.798;39.2
Zone_2859;52816489;52817510;Node_7;1021;314.86;41.9
Zone_2860;52817510;52818531;Node_7;1021;315.482;43.3
Zone_2861;52818531;52819552;Node_7;1021;314.795;43.2
Zone_2862;52819552;52820573;Node_7;1021;315.527;45.1
Zone_2863;52820573;52821594;Node_7;1021;316.789;40.4
Zone_2864;52821594;52822615;Node_7;1021;315.479;38.4
Zone_2865;52822615;52823636;Node_7;1021;316.035;32.0
Zone_2866;52823636;52824657;Node_7;1021;316.178;46.9
Zone_2867;52824657;52825678;Node_7;1021;315.968;33.5
Zone_2868;52825678;52826699;Node_7;1021;314.82;37.6
Zone_2869;52826699;52827720;Node_7;1021;315.311;34.3
Zone_2870;52827720;52828741;Node_7;1021;315.739;40.3
Zone_2871;52828741;52829762;Node_7;1021;316.428;47.7
Zone_2872;52829762;52830783;Node_7;1021;315.18;44.3
Zone_2873;52830783;52831804;Node_7;1021;316.222;43.6
Zone_2874;52831804;52832825;Node_7;1021;315.037;40.5
Zone_2875;52832825;52833846;Node_7;1021;316.46;46.0
Zone_2876;52833846;52834867;Node_7;1021;315.569;47.5
Zone_2877;52834867;52835888;Node_7;1021;315.646;47.6
Zone_2878;52835888;52836909;Node_7;1021;315.536;43.8
Zone_2879;52836909;52837930;Node_7;1021;316.195;48.9
Zone_2880;52837930;52838951;Node_7;1021;315.898;47.4
Zone_2881;52838951;52839972;Node_7;1021;313.84;52.3
Zone_2882;52839972;52840993;Node_7;1021;314.988;42.5
Zone_2883;52840993;52842014;Node_7;1021;315.472;43.1
Zone_2884;52842014;52843035;Node_7;1021;317.034;55.0
Zone_2885;52843035;52844056;Node_7;1021;315.228;61.5
Zone_2886;52844056;52845077;Node_7;1021;314.584;33.9
Zone_2887;52845077;52846098;Node_7;1021;314.448;41.2
Zone_2888;52846098;52847119;Node_7;1021;314.401;41.8
Zone_2889;52847119;52848140;Node_7;1021;314.146;47.5
Zone_2890;52848140;52849161;Node_7;1021;314.938;42.7
Zone_2891;52849161;52850182;Node_7;1021;313.994;50.4
Zone_2892;52850182;52851203;Node_7;1021;314.079;46.0
Zone_2893;52851203;52852224;Node_7;1021;313.995;48.1
Zone_2894;52852224;52853245;Node_7;1021;315.369;42.4
Zone_2895;52853245;52854266;Node_7;1021;316.369;39.0
Zone_2896;52854266;52855287;Node_7;1021;315.036;42.7
Zone_2897;52855287;52856308;Node_7;1021;314.255;38.2
Zone_2898;52856308;52857329;Node_7;1021;315.493;38.8
Zone_2899;52857329;52858350;Node_7;1021;315.821;43.5
Zone_2900;52858350;52859371;Node_7;1021;315.042;46.3
Zone_2901;52859371;52860392;Node_7;1021;314.403;45.9
Zone_2902;52860392;52861413;Node_7;1021;316.159;36.5
Zone_2903;52861413;52862434;Node_7;1021;316.361;49.4
Zone_2904;52862434;52863455;Node_7;1021;314.447;43.0
Zone_2905;52863455;52864476;Node_7;1021;314.952;44.0
Zone_2906;52864476;52865497;Node_7;1021;315.014;41.8
Zone_2907;52865497;52866518;Node_7;1021;315.449;39.5
Zone_2908;52866518;52867539;Node_7;1021;315.238;35.2
Zone_2909;52867539;52868560;Node_7;1021;314.69;42.1
Zone_2910;52868560;52869581;Node_7;1021;315.742;43.8
Zone_2911;52869581;52870602;Node_7;1021;315.036;65.4
Zone_2912;52870602;52871623;Node_7;1021;315.49;45.6
Zone_2913;52871623;52872644;Node_7;1021;315.118;38.3
Zone_2914;52872644;52873665;Node_7;1021;317.44;43.0
Zone_2915;52873665;52874686;Node_7;1021;315.707;48.4
Zone_2916;52874686;52875707;Node_7;1021;318.423;40.4
Zone_2917;52875707;52876728;Node_7;1021;317.991;39.4
Zone_2918;52876728;52877749;Node_7;1021;314.073;37.7
Zone_2919;52877749;52878770;Node_7;1021;315.711;41.1
Zone_2920;52878770;52879791;Node_7;1021;316.321;37.4
Zone_2921;52879791;52880812;Node_7;1021;315.081;46.0
Zone_2922;52880812;52881833;Node_7;1021;315.731;39.2
Zone_2923;52881833;52882854;Node_7;1021;313.406;40.3
Zone_2924;52882854;52883875;Node_7;1021;313.993;42.4
Zone_2925;52883875;52884896;Node_7;1021;316.22;50.3
Zone_2926;52884896;52885917;Node_7;1021;314.627;42.9
Zone_2927;52885917;52886938;Node_7;1021;314.632;45.6
Zone_2928;52886938;52887959;Node_7;1021;315.359;37.9
Zone_2929;52887959;52888980;Node_7;1021;315.946;40.0
Zone_2930;52888980;52890001;Node_7;1021;314.426;40.8
Zone_2931;52890001;52891022;Node_7;1021;313.499;43.3
Zone_2932;52891022;52892043;Node_7;1021;314.381;42.6
Zone_2933;52892043;52893064;Node_7;1021;316.046;47.5
Zone_2934;52893064;52894085;Node_7;1021;316.004;46.4
Zone_2935;52894085;52895106;Node_7;1021;315.73;40.0
Zone_2936;52895106;52896127;Node_7;1021;315.475;45.4
Zone_2937;52896127;52897148;Node_7;1021;315.309;47.4
Zone_2938;52897148;52898169;Node_7;1021;314.531;48.2
Zone_2939;52898169;52899190;Node_7;1021;314.637;49.9
Zone_2940;52899190;52900211;Node_7;1021;315.595;45.6
Zone_2941;52900211;52901232;Node_7;1021;316.308;38.0
Zone_2942;52901232;52902253;Node_7;1021;315.631;39.1
Zone_2943;52902253;52903274;Node_7;1021;314.671;41.2
Zone_2944;52903274;52904295;Node_7;1021;315.229;45.2
Zone_2945;52904295;52905316;Node_7;1021;315.058;55.8
Zone_2946;52905316;52906337;Node_7;1021;314.916;49.7
Zone_2947;52906337;52907358;Node_7;1021;314.828;54.0
Zone_2948;52907358;52908379;Node_7;1021;316.26;52.1
Zone_2949;52908379;52909400;Node_7;1021;316.454;44.1
Zone_2950;52909400;52910421;Node_7;1021;316.251;37.4
Zone_2951;52910421;52911442;Node_7;1021;315.553;50.5
Zone_2952;52911442;52912463;Node_7;1021;314.512;52.5
Zone_2953;52912463;52913484;Node_7;1021;313.126;45.4
Zone_2954;52913484;52914505;Node_7;1021;316.124;49.4
Zone_2955;52914505;52915526;Node_7;1021;313.051;52.1
Zone_2956;52915526;52916547;Node_7;1021;315.086;47.0
Zone_2957;52916547;52917568;Node_7;1021;316.482;50.9
Zone_2958;52917568;52918589;Node_7;1021;315.586;42.6
Zone_2959;52918589;52919610;Node_7;1021;315.026;43.1
Zone_2960;52919610;52920631;Node_7;1021;316.383;47.4
Zone_2961;52920631;52921652;Node_7;1021;314.905;60.6
Zone_2962;52921652;52922673;Node_7;1021;315.192;49.2
Zone_2963;52922673;52923694;Node_7;1021;316.769;43.6
Zone_2964;52923694;52924715;Node_7;1021;315.102;45.6
Zone_2965;52924715;52925736;Node_7;1021;314.616;39.3
Zone_2966;52925736;52926757;Node_7;1021;316.473;46.1
Zone_2967;52926757;52927778;Node_7;1021;313.971;59.9
Zone_2968;52927778;52928799;Node_7;1021;314.585;54.6
Zone_2969;52928799;52929820;Node_7;1021;315.612;45.2
Zone_2970;52929820;52930841;Node_7;1021;314.553;41.5
Zone_2971;52930841;52931862;Node_7;1021;316.691;38.0
Zone_2972;52931862;52932883;Node_7;1021;317.122;31.9
Zone_2973;52932883;52933904;Node_7;1021;316.632;35.7
Zone_2974;52933904;52934925;Node_7;1021;314.811;37.2
Zone_2975;52934925;52935946;Node_7;1021;317.067;51.4
Zone_2976;52935946;52936967;Node_7;1021;316.53;33.9
Zone_2977;52936967;52937988;Node_7;1021;317.204;37.5
Zone_2978;52937988;52939009;Node_7;1021;314.083;38.2
Zone_2979;52939009;52940030;Node_7;1021;314.891;42.6
Zone_2980;52940030;52941051;Node_7;1021;315.248;45.2
Zone_2981;52941051;52942072;Node_7;1021;315.635;41.5
Zone_2982;52942072;52943093;Node_7;1021;315.468;41.0
Zone_2983;52943093;52944114;Node_7;1021;315.24;48.3
Zone_2984;52944114;52945135;Node_7;1021;314.775;38.1
Zone_2985;52945135;52946156;Node_7;1021;315.593;43.0
Zone_2986;52946156;52947177;Node_7;1021;315.531;44.5
Zone_2987;52947177;52948198;Node_7;1021;315.205;34.9
Zone_2988;52948198;52949219;Node_7;1021;315.35;34.1
Zone_2989;52949219;52950240;Node_7;1021;316.151;40.3
Zone_2990;52950240;52951261;Node_7;1021;315.738;41.5
Zone_2991;52951261;52952282;Node_7;1021;314.711;41.0
Zone_2992;52952282;52953303;Node_7;1021;314.994;34.6
Zone_2993;52953303;52954324;Node_7;1021;315.441;45.8
Zone_2994;52954324;52955345;Node_7;1021;316.146;34.5
Zone_2995;52955345;52956366;Node_7;1021;316.608;39.1
Zone_2996;52956366;52957387;Node_7;1021;314.918;39.3
Zone_2997;52957387;52958408;Node_7;1021;314.244;37.3
Zone_2998;52958408;52959429;Node_7;1021;314.832;42.6
Zone_2999;52959429;52960450;Node_7;1021;313.663;41.8
Zone_3000;52960450;52961471;Node_7;1021;315.229;38.4
Zone_3001;52961471;52962492;Node_7;1021;315.03;39.7
Zone_3002;52962492;52963513;Node_7;1021;312.944;34.8
Zone_3003;52963513;52964534;Node_7;1021;314.714;37.2
Zone_3004;52964534;52965555;Node_7;1021;315.02;35.7
Zone_3005;52965555;52966576;Node_7;1021;314.979;36.4
Zone_3006;52966576;52967597;Node_7;1021;316.363;44.4
Zone_3007;52967597;52968618;Node_7;1021;314.34;40.5
Zone_3008;52968618;52969639;Node_7;1021;316.147;43.5
Zone_3009;52969639;52970660;Node_7;1021;314.126;39.5
Zone_3010;52970660;52971681;Node_7;1021;315.136;41.0
Zone_3011;52971681;52972702;Node_7;1021;316.129;38.2
Zone_3012;52972702;52973723;Node_7;1021;314.224;37.3
Zone_3013;52973723;52974744;Node_7;1021;315.296;34.1
Zone_3014;52974744;52975765;Node_7;1021;314.771;42.1
Zone_3015;52975765;52976786;Node_7;1021;314.639;38.9
Zone_3016;52976786;52977807;Node_7;1021;315.353;43.8
Zone_3017;52977807;52978828;Node_7;1021;315.264;41.3
Zone_3018;52978828;52979849;Node_7;1021;314.981;36.1
Zone_3019;52979849;52980870;Node_7;1021;313.877;40.3
Zone_3020;52980870;52981891;Node_7;1021;315.083;40.1
Zone_3021;52981891;52982912;Node_7;1021;314.606;40.7
Zone_3022;52982912;52983933;Node_7;1021;313.914;32.8
Zone_3023;52983933;52984954;Node_7;1021;314.333;44.4
Zone_3024;52984954;52985975;Node_7;1021;312.111;44.6
Zone_3025;52985975;52986996;Node_7;1021;314.827;32.4
Zone_3026;52986996;52988017;Node_7;1021;315.002;34.1
Zone_3027;52988017;52989038;Node_7;1021;315.043;37.3
Zone_3028;52989038;52990059;Node_7;1021;315.45;40.1
Zone_3029;52990059;52991080;Node_7;1021;317.917;38.7
Zone_3030;52991080;52992101;Node_7;1021;314.682;39.5
Zone_3031;52992101;52993122;Node_7;1021;315.794;32.5
Zone_3032;52993122;52994143;Node_7;1021;314.071;39.3
Zone_3033;52994143;52995164;Node_7;1021;315.574;42.1
Zone_3034;52995164;52996185;Node_7;1021;314.148;52.0
Zone_3035;52996185;52997206;Node_7;1021;313.963;41.8
Zone_3036;52997206;52998227;Node_7;1021;314.963;38.4
Zone_3037;52998227;52999248;Node_7;1021;316.117;40.0
Zone_3038;52999248;53000269;Node_7;1021;315.608;37.7
Zone_3039;53000269;53001290;Node_7;1021;316.329;41.0
Zone_3040;53001290;53002311;Node_7;1021;315.146;40.7
Zone_3041;53002311;53003332;Node_7;1021;315.542;37.1
Zone_3042;53003332;53004353;Node_7;1021;314.555;44.6
Zone_3043;53004353;53005374;Node_7;1021;315.542;51.1
Zone_3044;53005374;53006395;Node_7;1021;316.866;43.0
Zone_3045;53006395;53007416;Node_7;1021;315.487;39.1
Zone_3046;53007416;53008437;Node_7;1021;315.78;37.7
Zone_3047;53008437;53009458;Node_7;1021;315.158;39.2
Zone_3048;53009458;53010479;Node_7;1021;315.848;38.7
Zone_3049;53010479;53011500;Node_7;1021;315.327;39.4
Zone_3050;53011500;53012521;Node_7;1021;314.642;41.8
Zone_3051;53012521;53013542;Node_7;1021;315.093;40.3
Zone_3052;53013542;53014563;Node_7;1021;315.061;42.9
Zone_3053;53014563;53015584;Node_7;1021;315.524;40.8
Zone_3054;53015584;53016605;Node_7;1021;313.955;36.4
Zone_3055;53016605;53017626;Node_7;1021;315.967;35.5
Zone_3056;53017626;53018647;Node_7;1021;315.125;40.6
Zone_3057;53018647;53019668;Node_7;1021;314.884;35.5
Zone_3058;53019668;53020689;Node_7;1021;315.104;38.7
Zone_3059;53020689;53021710;Node_7;1021;314.112;47.3
Zone_3060;53021710;53022731;Node_7;1021;314.304;40.0
Zone_3061;53022731;53023752;Node_7;1021;317.151;37.1
Zone_3062;53023752;53024773;Node_7;1021;314.588;39.8
Zone_3063;53024773;53025794;Node_7;1021;311.736;46.9
Zone_3064;53025794;53026815;Node_7;1021;314.556;39.5
Zone_3065;53026815;53027836;Node_7;1021;315.287;45.7
Zone_3066;53027836;53028857;Node_7;1021;315.774;30.8
Zone_3067;53028857;53029878;Node_7;1021;314.947;42.6
Zone_3068;53029878;53030899;Node_7;1021;314.934;43.6
Zone_3069;53030899;53031920;Node_7;1021;314.274;34.3
Zone_3070;53031920;53032941;Node_7;1021;317.345;41.3
Zone_3071;53032941;53033962;Node_7;1021;316.194;36.9
Zone_3072;53033962;53034983;Node_8;1021;317.307;42.3
Zone_3073;53034983;53036004;Node_8;1021;316.959;37.3
Zone_3074;53036004;53037025;Node_8;1021;315.219;28.4
Zone_3075;53037025;53038046;Node_8;1021;315.004;42.6
Zone_3076;53038046;53039067;Node_8;1021;315.602;44.4
Zone_3077;53039067;53040088;Node_8;1021;313.814;42.7
Zone_3078;53040088;53041109;Node_8;1021;313.902;44.6
Zone_3079;53041109;53042130;Node_8;1021;318.777;46.4
Zone_3080;53042130;53043151;Node_8;1021;315.031;37.5
Zone_3081;53043151;53044172;Node_8;1021;315.549;39.2
Zone_3082;53044172;53045193;Node_8;1021;315.091;38.0
Zone_3083;53045193;53046214;Node_8;1021;314.342;36.1
Zone_3084;53046214;53047235;Node_8;1021;314.657;39.9
Zone_3085;53047235;53048256;Node_8;1021;315.375;40.8
Zone_3086;53048256;53049277;Node_8;1021;314.35;42.5
Zone_3087;53049277;53050298;Node_8;1021;315.537;38.4
Zone_3088;53050298;53051319;Node_8;1021;315.921;33.8
Zone_3089;53051319;53052340;Node_8;1021;315.52;36.1
Zone_3090;53052340;53053361;Node_8;1021;316.928;37.6
Zone_3091;53053361;53054382;Node_8;1021;318.913;45.6
Zone_3092;53054382;53055403;Node_8;1021;314.979;42.1
Zone_3093;53055403;53056424;Node_8;1021;315.912;42.0
Zone_3094;53056424;53057445;Node_8;1021;315.49;40.1
Zone_3095;53057445;53058466;Node_8;1021;316.515;36.3
Zone_3096;53058466;53059487;Node_8;1021;315.616;42.9
Zone_3097;53059487;53060508;Node_8;1021;314.461;41.5
Zone_3098;53060508;53061529;Node_8;1021;315.792;48.2
Zone_3099;53061529;53062550;Node_8;1021;317.385;69.1
Zone_3100;53062550;53063571;Node_8;1021;317.103;67.0
Zone_3101;53063571;53064592;Node_8;1021;314.986;53.1
Zone_3102;53064592;53065613;Node_8;1021;314.913;53.2
Zone_3103;53065613;53066634;Node_8;1021;313.821;46.0
Zone_3104;53066634;53067655;Node_8;1021;316.299;55.4
Zone_3105;53067655;53068676;Node_8;1021;315.997;50.1
Zone_3106;53068676;53069697;Node_8;1021;316.697;57.3
Zone_3107;53069697;53070718;Node_8;1021;315.286;62.1
Zone_3108;53070718;53071739;Node_8;1021;316.799;61.0
Zone_3109;53071739;53072760;Node_8;1021;315.087;36.0
Zone_3110;53072760;53073781;Node_8;1021;315.403;45.7
Zone_3111;53073781;53074802;Node_8;1021;315.787;57.4
Zone_3112;53074802;53075823;Node_8;1021;315.437;57.5
Zone_3113;53075823;53076844;Node_8;1021;315.713;55.7
Zone_3114;53076844;53077865;Node_8;1021;315.918;62.8
Zone_3115;53077865;53078886;Node_8;1021;314.569;58.2
Zone_3116;53078886;53079907;Node_8;1021;318.256;59.2
Zone_3117;53079907;53080928;Node_8;1021;315.861;54.5
Zone_3118;53080928;53081949;Node_8;1021;316.039;59.5
Zone_3119;53081949;53082970;Node_8;1021;316.317;53.3
Zone_3120;53082970;53083991;Node_8;1021;319.724;59.2
Zone_3121;53083991;53085012;Node_8;1021;314.155;61.4
Zone_3122;53085012;53086033;Node_8;1021;316.662;58.2
Zone_3123;53086033;53087054;Node_8;1021;316.071;58.4
Zone_3124;53087054;53088075;Node_8;1021;315.315;57.6
Zone_3125;53088075;53089096;Node_8;1021;316.173;58.7
Zone_3126;53089096;53090117;Node_8;1021;315.938;54.7
Zone_3127;53090117;53091138;Node_8;1021;314.95;64.3
Zone_3128;53091138;53092159;Node_8;1021;315.745;57.4
Zone_3129;53092159;53093180;Node_8;1021;314.818;63.2
Zone_3130;53093180;53094201;Node_8;1021;313.51;60.8
Zone_3131;53094201;53095222;Node_8;1021;316.013;63.1
Zone_3132;53095222;53096243;Node_8;1021;310.662;55.9
Zone_3133;53096243;53097264;Node_8;1021;309.429;53.2
Zone_3134;53097264;53098285;Node_8;1021;309.419;54.3
Zone_3135;53098285;53099306;Node_8;1021;309.374;52.7
Zone_3136;53099306;53100327;Node_8;1021;309.021;52.9
Zone_3137;53100327;53101348;Node_8;1021;309.132;54.8
Zone_3138;53101348;53102369;Node_8;1021;311.446;55.9
Zone_3139;53102369;53103390;Node_8;1021;318.418;58.5
Zone_3140;53103390;53104411;Node_8;1021;313.473;51.9
Zone_3141;53104411;53105432;Node_8;1021;315.887;41.1
Zone_3142;53105432;53106453;Node_8;1021;313.762;56.3
Zone_3143;53106453;53107474;Node_8;1021;316.787;43.8
Zone_3144;53107474;53108495;Node_8;1021;314.401;45.2
Zone_3145;53108495;53109516;Node_8;1021;314.741;50.0
Zone_3146;53109516;53110537;Node_8;1021;314.114;57.0
Zone_3147;53110537;53111558;Node_8;1021;317.426;55.6
Zone_3148;53111558;53112579;Node_8;1021;316.489;47.6
Zone_3149;53112579;53113600;Node_8;1021;314.218;55.4
Zone_3150;53113600;53114621;Node_8;1021;314.506;59.7
Zone_3151;53114621;53115642;Node_8;1021;315.416;62.4
Zone_3152;53115642;53116663;Node_8;1021;315.182;55.9
Zone_3153;53116663;53117684;Node_8;1021;317.363;53.5
Zone_3154;53117684;53118705;Node_8;1021;316.489;51.4
Zone_3155;53118705;53119726;Node_8;1021;315.657;48.1
Zone_3156;53119726;53120747;Node_8;1021;314.512;59.3
Zone_3157;53120747;53121768;Node_8;1021;316.607;55.9
Zone_3158;53121768;53122789;Node_8;1021;316.107;60.4
Zone_3159;53122789;53123810;Node_8;1021;315.756;61.4
Zone_3160;53123810;53124831;Node_8;1021;315.394;51.9
Zone_3161;53124831;53125852;Node_8;1021;317.415;51.7
Zone_3162;53125852;53126873;Node_8;1021;315.922;47.5
Zone_3163;53126873;53127894;Node_8;1021;316.281;51.0
Zone_3164;53127894;53128915;Node_8;1021;317.989;53.1
Zone_3165;53128915;53129936;Node_8;1021;315.188;52.4
Zone_3166;53129936;53130957;Node_8;1021;316.499;54.9
Zone_3167;53130957;53131978;Node_8;1021;316.452;48.8
Zone_3168;53131978;53132999;Node_8;1021;319.311;52.4
Zone_3169;53132999;53134020;Node_8;1021;316.783;50.5
Zone_3170;53134020;53135041;Node_8;1021;314.237;48.8
Zone_3171;53135041;53136062;Node_8;1021;315.026;47.9
Zone_3172;53136062;53137083;Node_8;1021;314.16;40.2
Zone_3173;53137083;53138104;Node_8;1021;313.803;42.0
Zone_3174;53138104;53139125;Node_8;1021;313.4;39.3
Zone_3175;53139125;53140146;Node_8;1021;315.181;44.3
Zone_3176;53140146;53141167;Node_8;1021;315.713;44.7
Zone_3177;53141167;53142188;Node_8;1021;312.053;55.7
Zone_3178;53142188;53143209;Node_8;1021;315.991;54.6
Zone_3179;53143209;53144230;Node_8;1021;316.644;50.3
Zone_3180;53144230;53145251;Node_8;1021;314.669;46.2
Zone_3181;53145251;53146272;Node_8;1021;315.795;53.1
Zone_3182;53146272;53147293;Node_8;1021;315.579;51.7
Zone_3183;53147293;53148314;Node_8;1021;314.231;40.3
Zone_3184;53148314;53149335;Node_8;1021;315.696;40.7
Zone_3185;53149335;53150356;Node_8;1021;314.954;39.9
Zone_3186;53150356;53151377;Node_8;1021;315.115;38.0
Zone_3187;53151377;53152398;Node_8;1021;314.364;35.7
Zone_3188;53152398;53153419;Node_8;1021;314.372;35.9
Zone_3189;53153419;53154440;Node_8;1021;315.884;37.9
Zone_3190;53154440;53155461;Node_8;1021;315.313;45.6
Zone_3191;53155461;53156482;Node_8;1021;315.654;46.0
Zone_3192;53156482;53157503;Node_8;1021;313.393;40.7
Zone_3193;53157503;53158524;Node_8;1021;315.685;46.4
Zone_3194;53158524;53159545;Node_8;1021;315.376;40.6
Zone_3195;53159545;53160566;Node_8;1021;315.423;42.9
Zone_3196;53160566;53161587;Node_8;1021;316.468;45.0
Zone_3197;53161587;53162608;Node_8;1021;315.738;41.4
Zone_3198;53162608;53163629;Node_8;1021;315.418;41.0
Zone_3199;53163629;53164650;Node_8;1021;316.964;43.3
Zone_3200;53164650;53165671;Node_8;1021;316.164;46.2
Zone_3201;53165671;53166692;Node_8;1021;315.399;44.8
Zone_3202;53166692;53167713;Node_8;1021;316.536;48.1
Zone_3203;53167713;53168734;Node_8;1021;316.116;42.3
Zone_3204;53168734;53169755;Node_8;1021;315.23;42.4
Zone_3205;53169755;53170776;Node_8;1021;314.444;44.0
Zone_3206;53170776;53171797;Node_8;1021;314.885;43.3
Zone_3207;53171797;53172818;Node_8;1021;314.676;46.6
Zone_3208;53172818;53173839;Node_8;1021;309.64;54.2
Zone_3209;53173839;53174860;Node_8;1021;315.761;50.9
Zone_3210;53174860;53175881;Node_8;1021;315.949;47.7
Zone_3211;53175881;53176902;Node_8;1021;314.05;47.0
Zone_3212;53176902;53177923;Node_8;1021;316.034;47.9
Zone_3213;53177923;53178944;Node_8;1021;316.954;44.1
Zone_3214;53178944;53179965;Node_8;1021;316.21;47.8
Zone_3215;53179965;53180986;Node_8;1021;315.388;51.7
Zone_3216;53180986;53182007;Node_8;1021;315.859;49.7
Zone_3217;53182007;53183028;Node_8;1021;317.787;46.7
Zone_3218;53183028;53184049;Node_8;1021;318.022;46.2
Zone_3219;53184049;53185070;Node_8;1021;319.139;44.7
Zone_3220;53185070;53186091;Node_8;1021;316.411;48.2
Zone_3221;53186091;53187112;Node_8;1021;315.252;44.9
Zone_3222;53187112;53188133;Node_8;1021;317.199;41.3
Zone_3223;53188133;53189154;Node_8;1021;315.243;45.8
Zone_3224;53189154;53190175;Node_8;1021;315.418;43.3
Zone_3225;53190175;53191196;Node_8;1021;316.448;51.9
Zone_3226;53191196;53192217;Node_8;1021;315.964;49.7
Zone_3227;53192217;53193238;Node_8;1021;316.154;44.7
Zone_3228;53193238;53194259;Node_8;1021;314.718;40.7
Zone_3229;53194259;53195280;Node_8;1021;316.473;42.3
Zone_3230;53195280;53196301;Node_8;1021;316.147;46.9
Zone_3231;53196301;53197322;Node_8;1021;314.475;59.0
Zone_3232;53197322;53198343;Node_8;1021;310.478;49.3
Zone_3233;53198343;53199364;Node_8;1021;314.75;46.2
Zone_3234;53199364;53200385;Node_8;1021;315.715;36.4
Zone_3235;53200385;53201406;Node_8;1021;316.231;42.5
Zone_3236;53201406;53202427;Node_8;1021;315.495;36.0
Zone_3237;53202427;53203448;Node_8;1021;313.493;40.4
Zone_3238;53203448;53204469;Node_8;1021;312.988;35.2
Zone_3239;53204469;53205490;Node_8;1021;316.8;44.0
Zone_3240;53205490;53206511;Node_8;1021;316.647;52.3
Zone_3241;53206511;53207532;Node_8;1021;316.198;44.4
Zone_3242;53207532;53208553;Node_8;1021;314.226;42.2
Zone_3243;53208553;53209574;Node_8;1021;316.611;41.3
Zone_3244;53209574;53210595;Node_8;1021;314.514;46.0
Zone_3245;53210595;53211616;Node_8;1021;314.912;50.4
Zone_3246;53211616;53212637;Node_8;1021;313.517;49.2
Zone_3247;53212637;53213658;Node_8;1021;314.914;44.9
Zone_3248;53213658;53214679;Node_8;1021;316.524;44.7
Zone_3249;53214679;53215700;Node_8;1021;315.989;44.9
Zone_3250;53215700;53216721;Node_8;1021;315.312;45.6
Zone_3251;53216721;53217742;Node_8;1021;314.675;46.1
Zone_3252;53217742;53218763;Node_8;1021;314.485;48.3
Zone_3253;53218763;53219784;Node_8;1021;316.053;45.0
Zone_3254;53219784;53220805;Node_8;1021;314.708;58.6
Zone_3255;53220805;53221826;Node_8;1021;314.959;48.7
Zone_3256;53221826;53222847;Node_8;1021;315.757;52.5
Zone_3257;53222847;53223868;Node_8;1021;316.133;41.8
Zone_3258;53223868;53224889;Node_8;1021;316.861;38.8
Zone_3259;53224889;53225910;Node_8;1021;314.829;48.1
Zone_3260;53225910;53226931;Node_8;1021;314.446;38.2
Zone_3261;53226931;53227952;Node_8;1021;315.136;36.8
Zone_3262;53227952;53228973;Node_8;1021;315.331;41.8
Zone_3263;53228973;53229994;Node_8;1021;315.281;46.0
Zone_3264;53229994;53231015;Node_8;1021;314.057;36.1
Zone_3265;53231015;53232036;Node_8;1021;313.466;31.7
Zone_3266;53232036;53233057;Node_8;1021;317.525;38.4
Zone_3267;53233057;53234078;Node_8;1021;315.413;40.4
Zone_3268;53234078;53235099;Node_8;1021;315.302;44.6
Zone_3269;53235099;53236120;Node_8;1021;315.2;37.6
Zone_3270;53236120;53237141;Node_8;1021;312.905;45.7
Zone_3271;53237141;53238162;Node_8;1021;313.723;50.6
Zone_3272;53238162;53239183;Node_8;1021;313.694;58.7
Zone_3273;53239183;53240204;Node_8;1021;314.784;47.3
Zone_3274;53240204;53241225;Node_8;1021;317.742;43.0
Zone_3275;53241225;53242246;Node_8;1021;318.537;41.3
Zone_3276;53242246;53243267;Node_8;1021;315.387;37.3
Zone_3277;53243267;53244288;Node_8;1021;314.53;39.0
Zone_3278;53244288;53245309;Node_8;1021;315.571;40.7
Zone_3279;53245309;53246330;Node_8;1021;315.406;41.0
Zone_3280;53246330;53247351;Node_8;1021;314.593;35.9
Zone_3281;53247351;53248372;Node_8;1021;313.887;40.2
Zone_3282;53248372;53249393;Node_8;1021;314.537;43.9
Zone_3283;53249393;53250414;Node_8;1021;315.174;48.2
Zone_3284;53250414;53251435;Node_8;1021;316.466;47.4
Zone_3285;53251435;53252456;Node_8;1021;317.206;43.1
Zone_3286;53252456;53253477;Node_8;1021;317.052;31.0
Zone_3287;53253477;53254498;Node_8;1021;313.659;42.6
Zone_3288;53254498;53255519;Node_8;1021;315.654;47.1
Zone_3289;53255519;53256540;Node_8;1021;315.493;41.2
Zone_3290;53256540;53257561;Node_8;1021;316.307;47.2
Zone_3291;53257561;53258582;Node_8;1021;316.472;43.7
Zone_3292;53258582;53259603;Node_8;1021;313.531;40.2
Zone_3293;53259603;53260624;Node_8;1021;315.358;46.3
Zone_3294;53260624;53261645;Node_8;1021;314.704;46.6
Zone_3295;53261645;53262666;Node_8;1021;315.534;50.5
Zone_3296;53262666;53263687;Node_8;1021;315.792;49.4
Zone_3297;53263687;53264708;Node_8;1021;316.158;53.0
Zone_3298;53264708;53265729;Node_8;1021;315.639;48.0
Zone_3299;53265729;53266750;Node_8;1021;314.969;54.6
Zone_3300;53266750;53267771;Node_8;1021;315.65;44.4
Zone_3301;53267771;53268792;Node_8;1021;315.267;45.5
Zone_3302;53268792;53269813;Node_8;1021;312.304;45.2
Zone_3303;53269813;53270834;Node_8;1021;316.744;47.5
Zone_3304;53270834;53271855;Node_8;1021;315.186;57.1
Zone_3305;53271855;53272876;Node_8;1021;313.208;56.4
Zone_3306;53272876;53273897;Node_8;1021;316.311;51.5
Zone_3307;53273897;53274918;Node_8;1021;315.585;56.6
Zone_3308;53274918;53275939;Node_8;1021;315.942;57.3
Zone_3309;53275939;53276960;Node_8;1021;316.988;63.2
Zone_3310;53276960;53277981;Node_8;1021;314.52;59.9
Zone_3311;53277981;53279002;Node_8;1021;314.845;51.6
Zone_3312;53279002;53280023;Node_8;1021;315.304;52.0
Zone_3313;53280023;53281044;Node_8;1021;312.885;55.8
Zone_3314;53281044;53282065;Node_8;1021;315.061;51.6
Zone_3315;53282065;53283086;Node_8;1021;316.023;49.4
Zone_3316;53283086;53284107;Node_8;1021;312.174;51.4
Zone_3317;53284107;53285128;Node_8;1021;313.679;49.9
Zone_3318;53285128;53286149;Node_8;1021;315.501;49.6
Zone_3319;53286149;53287170;Node_8;1021;314.83;47.8
Zone_3320;53287170;53288191;Node_8;1021;317.879;56.2
Zone_3321;53288191;53289212;Node_8;1021;315.069;56.0
Zone_3322;53289212;53290233;Node_8;1021;315.155;54.8
Zone_3323;53290233;53291254;Node_8;1021;316.249;53.9
Zone_3324;53291254;53292275;Node_8;1021;313.548;51.5
Zone_3325;53292275;53293296;Node_8;1021;315.344;51.4
Zone_3326;53293296;53294317;Node_8;1021;316.025;53.2
Zone_3327;53294317;53295338;Node_8;1021;316.342;55.5
Zone_3328;53295338;53296359;Node_8;1021;316.26;53.5
Zone_3329;53296359;53297380;Node_8;1021;315.313;57.1
Zone_3330;53297380;53298401;Node_8;1021;315.875;56.8
Zone_3331;53298401;53299422;Node_8;1021;315.076;59.6
Zone_3332;53299422;53300443;Node_8;1021;314.073;56.5
Zone_3333;53300443;53301464;Node_8;1021;316.806;59.4
Zone_3334;53301464;53302485;Node_8;1021;317.036;53.1
Zone_3335;53302485;53303506;Node_8;1021;315.196;53.0
Zone_3336;53303506;53304527;Node_8;1021;315.41;51.7
Zone_3337;53304527;53305548;Node_8;1021;315.05;55.5
Zone_3338;53305548;53306569;Node_8;1021;314.704;57.5
Zone_3339;53306569;53307590;Node_8;1021;314.422;56.4
Zone_3340;53307590;53308611;Node_8;1021;315.187;54.2
Zone_3341;53308611;53309632;Node_8;1021;315.774;55.7
Zone_3342;53309632;53310653;Node_8;1021;314.679;59.2
Zone_3343;53310653;53311674;Node_8;1021;314.564;60.9
Zone_3344;53311674;53312695;Node_8;1021;314.866;54.4
Zone_3345;53312695;53313716;Node_8;1021;316.609;57.3
Zone_3346;53313716;53314737;Node_8;1021;317.506;59.2
Zone_3347;53314737;53315758;Node_8;1021;315.704;56.9
Zone_3348;53315758;53316779;Node_8;1021;317.376;56.5
Zone_3349;53316779;53317800;Node_8;1021;315.549;60.2
Zone_3350;53317800;53318821;Node_8;1021;316.412;49.0
Zone_3351;53318821;53319842;Node_8;1021;315.99;54.8
Zone_3352;53319842;53320863;Node_8;1021;315.214;56.4
Zone_3353;53320863;53321884;Node_8;1021;315.858;57.8
Zone_3354;53321884;53322905;Node_8;1021;316.482;55.2
Zone_3355;53322905;53323926;Node_8;1021;314.93;53.3
Zone_3356;53323926;53324947;Node_8;1021;313.766;53.7
Zone_3357;53324947;53325968;Node_8;1021;315.264;48.5
Zone_3358;53325968;53326989;Node_8;1021;314.591;66.9
Zone_3359;53326989;53328010;Node_8;1021;315.046;70.5
Zone_3360;53328010;53329031;Node_8;1021;316.756;67.9
Zone_3361;53329031;53330052;Node_8;1021;315.369;54.8
Zone_3362;53330052;53331073;Node_8;1021;316.165;50.0
Zone_3363;53331073;53332094;Node_8;1021;314.016;49.1
Zone_3364;53332094;53333115;Node_8;1021;314.478;51.5
Zone_3365;53333115;53334136;Node_8;1021;315.296;43.3
Zone_3366;53334136;53335157;Node_8;1021;313.338;46.9
Zone_3367;53335157;53336178;Node_8;1021;313.585;34.3
Zone_3368;53336178;53337199;Node_8;1021;315.079;43.7
Zone_3369;53337199;53338220;Node_8;1021;313.733;41.5
Zone_3370;53338220;53339241;Node_8;1021;316.353;35.5
Zone_3371;53339241;53340262;Node_8;1021;314.808;51.2
Zone_3372;53340262;53341283;Node_8;1021;316.401;52.7
Zone_3373;53341283;53342304;Node_8;1021;314.798;55.0
Zone_3374;53342304;53343325;Node_8;1021;317.854;52.5
Zone_3375;53343325;53344346;Node_8;1021;315.631;51.8
Zone_3376;53344346;53345367;Node_8;1021;315.052;48.0
Zone_3377;53345367;53346388;Node_8;1021;315.692;50.7
Zone_3378;53346388;53347409;Node_8;1021;316.067;54.4
Zone_3379;53347409;53348430;Node_8;1021;315.499;45.2
Zone_3380;53348430;53349451;Node_8;1021;316.727;56.8
Zone_3381;53349451;53350472;Node_8;1021;313.899;51.6
Zone_3382;53350472;53351493;Node_8;1021;315.0;52.3
Zone_3383;53351493;53352514;Node_8;1021;314.086;37.4
Zone_3384;53352514;53353535;Node_8;1021;314.485;36.8
Zone_3385;53353535;53354556;Node_8;1021;314.196;34.0
Zone_3386;53354556;53355577;Node_8;1021;313.953;35.6
Zone_3387;53355577;53356598;Node_8;1021;314.093;35.7
Zone_3388;53356598;53357619;Node_8;1021;315.556;32.0
Zone_3389;53357619;53358640;Node_8;1021;314.647;28.7
Zone_3390;53358640;53359661;Node_8;1021;314.652;43.0
Zone_3391;53359661;53360682;Node_8;1021;313.944;53.7
Zone_3392;53360682;53361703;Node_8;1021;316.277;50.7
Zone_3393;53361703;53362724;Node_8;1021;315.8;54.4
Zone_3394;53362724;53363745;Node_8;1021;313.01;57.9
Zone_3395;53363745;53364766;Node_8;1021;313.923;45.7
Zone_3396;53364766;53365787;Node_8;1021;315.299;47.3
Zone_3397;53365787;53366808;Node_8;1021;313.548;52.5
Zone_3398;53366808;53367829;Node_8;1021;315.205;53.9
Zone_3399;53367829;53368850;Node_8;1021;312.977;56.1
Zone_3400;53368850;53369871;Node_8;1021;315.23;56.2
Zone_3401;53369871;53370892;Node_8;1021;314.666;58.2
Zone_3402;53370892;53371913;Node_8;1021;314.185;58.7
Zone_3403;53371913;53372934;Node_8;1021;316.83;55.3
Zone_3404;53372934;53373955;Node_8;1021;315.224;48.3
Zone_3405;53373955;53374976;Node_8;1021;315.263;39.4
Zone_3406;53374976;53375997;Node_8;1021;318.135;54.3
Zone_3407;53375997;53377018;Node_8;1021;314.573;58.9
Zone_3408;53377018;53378039;Node_8;1021;316.361;55.4
Zone_3409;53378039;53379060;Node_8;1021;315.674;50.7
Zone_3410;53379060;53380081;Node_8;1021;315.743;50.1
Zone_3411;53380081;53381102;Node_8;1021;315.156;48.2
Zone_3412;53381102;53382123;Node_8;1021;315.879;44.3
Zone_3413;53382123;53383144;Node_8;1021;316.511;48.3
Zone_3414;53383144;53384165;Node_8;1021;315.791;51.3
Zone_3415;53384165;53385186;Node_8;1021;315.703;49.3
Zone_3416;53385186;53386207;Node_8;1021;316.07;49.7
Zone_3417;53386207;53387228;Node_8;1021;317.144;45.2
Zone_3418;53387228;53388249;Node_8;1021;316.188;30.9
Zone_3419;53388249;53389270;Node_8;1021;315.939;40.5
Zone_3420;53389270;53390291;Node_8;1021;317.496;53.1
Zone_3421;53390291;53391312;Node_8;1021;314.536;53.5
Zone_3422;53391312;53392333;Node_8;1021;314.016;46.9
Zone_3423;53392333;53393354;Node_8;1021;315.539;53.2
Zone_3424;53393354;53394375;Node_8;1021;315.531;54.2
Zone_3425;53394375;53395396;Node_8;1021;314.084;43.5
Zone_3426;53395396;53396417;Node_8;1021;313.426;56.5
Zone_3427;53396417;53397438;Node_8;1021;314.927;51.8
Zone_3428;53397438;53398459;Node_8;1021;315.083;51.4
Zone_3429;53398459;53399480;Node_8;1021;315.933;44.6
Zone_3430;53399480;53400501;Node_8;1021;313.289;48.7
Zone_3431;53400501;53401522;Node_8;1021;318.358;47.2
Zone_3432;53401522;53402543;Node_8;1021;315.511;52.5
Zone_3433;53402543;53403564;Node_8;1021;315.548;55.4
Zone_3434;53403564;53404585;Node_8;1021;314.455;40.8
Zone_3435;53404585;53405606;Node_8;1021;315.624;42.8
Zone_3436;53405606;53406627;Node_8;1021;314.697;46.6
Zone_3437;53406627;53407648;Node_8;1021;319.291;55.4
Zone_3438;53407648;53408669;Node_8;1021;317.739;53.2
Zone_3439;53408669;53409690;Node_8;1021;318.529;63.1
Zone_3440;53409690;53410711;Node_8;1021;315.613;53.0
Zone_3441;53410711;53411732;Node_8;1021;316.077;43.6
Zone_3442;53411732;53412753;Node_8;1021;316.49;53.7
Zone_3443;53412753;53413774;Node_8;1021;315.559;48.8
Zone_3444;53413774;53414795;Node_8;1021;313.739;48.7
Zone_3445;53414795;53415816;Node_8;1021;316.086;52.3
Zone_3446;53415816;53416837;Node_8;1021;315.26;37.8
Zone_3447;53416837;53417858;Node_8;1021;315.703;44.7
Zone_3448;53417858;53418879;Node_8;1021;315.957;45.3
Zone_3449;53418879;53419900;Node_8;1021;314.763;36.3
Zone_3450;53419900;53420921;Node_8;1021;314.473;33.4
Zone_3451;53420921;53421942;Node_8;1021;317.023;37.6
Zone_3452;53421942;53422963;Node_8;1021;315.532;32.7
Zone_3453;53422963;53423984;Node_8;1021;316.011;36.8
Zone_3454;53423984;53425005;Node_8;1021;312.765;46.8
Zone_3455;53425005;53426026;Node_8;1021;311.18;50.7
Zone_3456;53426026;53427047;Node_9;1021;312.52;49.0
Zone_3457;53427047;53428068;Node_9;1021;310.771;44.6
Zone_3458;53428068;53429089;Node_9;1021;311.508;45.7
Zone_3459;53429089;53430110;Node_9;1021;311.915;42.5
Zone_3460;53430110;53431131;Node_9;1021;314.665;39.2
Zone_3461;53431131;53432152;Node_9;1021;314.32;36.8
Zone_3462;53432152;53433173;Node_9;1021;314.722;42.8
Zone_3463;53433173;53434194;Node_9;1021;311.296;47.9
Zone_3464;53434194;53435215;Node_9;1021;313.344;50.5
Zone_3465;53435215;53436236;Node_9;1021;316.11;41.3
Zone_3466;53436236;53437257;Node_9;1021;313.728;34.5
Zone_3467;53437257;53438278;Node_9;1021;314.691;36.1
Zone_3468;53438278;53439299;Node_9;1021;315.342;63.8
Zone_3469;53439299;53440320;Node_9;1021;314.449;60.7
Zone_3470;53440320;53441341;Node_9;1021;315.888;42.9
Zone_3471;53441341;53442362;Node_9;1021;316.011;37.1
Zone_3472;53442362;53443383;Node_9;1021;315.374;45.4
Zone_3473;53443383;53444404;Node_9;1021;314.363;46.1
Zone_3474;53444404;53445425;Node_9;1021;314.925;47.2
Zone_3475;53445425;53446446;Node_9;1021;315.052;43.5
Zone_3476;53446446;53447467;Node_9;1021;314.116;35.7
Zone_3477;53447467;53448488;Node_9;1021;313.76;39.4
Zone_3478;53448488;53449509;Node_9;1021;314.853;42.2
Zone_3479;53449509;53450530;Node_9;1021;313.224;45.7
Zone_3480;53450530;53451551;Node_9;1021;316.082;36.2
Zone_3481;53451551;53452572;Node_9;1021;315.34;34.7
Zone_3482;53452572;53453593;Node_9;1021;316.121;34.8
Zone_3483;53453593;53454614;Node_9;1021;313.65;45.2
Zone_3484;53454614;53455635;Node_9;1021;317.128;40.1
Zone_3485;53455635;53456656;Node_9;1021;315.709;38.8
Zone_3486;53456656;53457677;Node_9;1021;314.847;44.3
Zone_3487;53457677;53458698;Node_9;1021;317.232;44.6
Zone_3488;53458698;53459719;Node_9;1021;315.272;52.2
Zone_3489;53459719;53460740;Node_9;1021;314.715;61.7
Zone_3490;53460740;53461761;Node_9;1021;315.583;63.8
Zone_3491;53461761;53462782;Node_9;1021;316.217;50.6
Zone_3492;53462782;53463803;Node_9;1021;314.749;52.6
Zone_3493;53463803;53464824;Node_9;1021;313.386;55.1
Zone_3494;53464824;53465845;Node_9;1021;316.78;51.4
Zone_3495;53465845;53466866;Node_9;1021;316.988;49.0
Zone_3496;53466866;53467887;Node_9;1021;315.139;47.7
Zone_3497;53467887;53468908;Node_9;1021;316.481;52.5
Zone_3498;53468908;53469929;Node_9;1021;314.641;51.8
Zone_3499;53469929;53470950;Node_9;1021;314.748;60.6
Zone_3500;53470950;53471971;Node_9;1021;315.421;52.8
Zone_3501;53471971;53472992;Node_9;1021;315.34;49.8
Zone_3502;53472992;53474013;Node_9;1021;314.934;37.0
Zone_3503;53474013;53475034;Node_9;1021;315.014;43.4
Zone_3504;53475034;53476055;Node_9;1021;313.396;44.8
Zone_3505;53476055;53477076;Node_9;1021;314.534;55.4
Zone_3506;53477076;53478097;Node_9;1021;315.506;54.6
Zone_3507;53478097;53479118;Node_9;1021;316.312;48.7
Zone_3508;53479118;53480139;Node_9;1021;313.601;47.7
Zone_3509;53480139;53481160;Node_9;1021;316.059;46.0
Zone_3510;53481160;53482181;Node_9;1021;314.846;57.3
Zone_3511;53482181;53483202;Node_9;1021;314.321;56.0
Zone_3512;53483202;53484223;Node_9;1021;317.064;56.3
Zone_3513;53484223;53485244;Node_9;1021;318.208;56.4
Zone_3514;53485244;53486265;Node_9;1021;317.156;59.3
Zone_3515;53486265;53487286;Node_9;1021;317.716;55.0
Zone_3516;53487286;53488307;Node_9;1021;314.338;45.6
Zone_3517;53488307;53489328;Node_9;1021;313.794;45.2
Zone_3518;53489328;53490349;Node_9;1021;314.484;49.1
Zone_3519;53490349;53491370;Node_9;1021;313.87;50.9
Zone_3520;53491370;53492391;Node_9;1021;316.871;48.7
Zone_3521;53492391;53493412;Node_9;1021;314.613;41.0
Zone_3522;53493412;53494433;Node_9;1021;314.469;37.1
Zone_3523;53494433;53495454;Node_9;1021;316.461;39.0
Zone_3524;53495454;53496475;Node_9;1021;315.83;52.1
Zone_3525;53496475;53497496;Node_9;1021;315.991;48.3
Zone_3526;53497496;53498517;Node_9;1021;314.065;51.7
Zone_3527;53498517;53499538;Node_9;1021;315.102;57.5
Zone_3528;53499538;53500559;Node_9;1021;314.463;59.5
Zone_3529;53500559;53501580;Node_9;1021;315.118;61.9
Zone_3530;53501580;53502601;Node_9;1021;323.765;63.1
Zone_3531;53502601;53503622;Node_9;1021;322.341;64.2
Zone_3532;53503622;53504643;Node_9;1021;315.227;56.5
Zone_3533;53504643;53505664;Node_9;1021;316.716;61.4
Zone_3534;53505664;53506685;Node_9;1021;315.849;59.7
Zone_3535;53506685;53507706;Node_9;1021;316.487;62.0
Zone_3536;53507706;53508727;Node_9;1021;315.515;62.2
Zone_3537;53508727;53509748;Node_9;1021;315.501;60.4
Zone_3538;53509748;53510769;Node_9;1021;316.287;57.0
Zone_3539;53510769;53511790;Node_9;1021;314.984;54.8
Zone_3540;53511790;53512811;Node_9;1021;314.943;50.8
Zone_3541;53512811;53513832;Node_9;1021;312.567;60.2
Zone_3542;53513832;53514853;Node_9;1021;317.447;59.7
Zone_3543;53514853;53515874;Node_9;1021;317.184;51.4
Zone_3544;53515874;53516895;Node_9;1021;315.677;53.2
Zone_3545;53516895;53517916;Node_9;1021;314.297;54.6
Zone_3546;53517916;53518937;Node_9;1021;316.132;55.7
Zone_3547;53518937;53519958;Node_9;1021;315.669;54.8
Zone_3548;53519958;53520979;Node_9;1021;317.579;60.6
Zone_3549;53520979;53522000;Node_9;1021;316.123;56.8
Zone_3550;53522000;53523021;Node_9;1021;316.087;50.0
Zone_3551;53523021;53524042;Node_9;1021;312.4;57.6
Zone_3552;53524042;53525063;Node_9;1021;316.785;60.2
Zone_3553;53525063;53526084;Node_9;1021;314.113;60.9
Zone_3554;53526084;53527105;Node_9;1021;314.354;61.6
Zone_3555;53527105;53528126;Node_9;1021;317.558;62.2
Zone_3556;53528126;53529147;Node_9;1021;314.896;58.9
Zone_3557;53529147;53530168;Node_9;1021;315.927;60.7
Zone_3558;53530168;53531189;Node_9;1021;315.049;57.1
Zone_3559;53531189;53532210;Node_9;1021;316.58;57.9
Zone_3560;53532210;53533231;Node_9;1021;314.476;54.7
Zone_3561;53533231;53534252;Node_9;1021;316.417;59.5
Zone_3562;53534252;53535273;Node_9;1021;315.681;56.7
Zone_3563;53535273;53536294;Node_9;1021;313.927;57.1
Zone_3564;53536294;53537315;Node_9;1021;316.464;52.3
Zone_3565;53537315;53538336;Node_9;1021;316.888;53.7
Zone_3566;53538336;53539357;Node_9;1021;315.073;57.3
Zone_3567;53539357;53540378;Node_9;1021;312.182;57.0
Zone_3568;53540378;53541399;Node_9;1021;315.64;59.2
Zone_3569;53541399;53542420;Node_9;1021;316.162;56.2
Zone_3570;53542420;53543441;Node_9;1021;316.852;55.6
Zone_3571;53543441;53544462;Node_9;1021;316.688;55.2
Zone_3572;53544462;53545483;Node_9;1021;313.769;55.4
Zone_3573;53545483;53546504;Node_9;1021;315.807;49.8
Zone_3574;53546504;53547525;Node_9;1021;314.453;55.2
Zone_3575;53547525;53548546;Node_9;1021;314.22;54.1
Zone_3576;53548546;53549567;Node_9;1021;314.224;41.5
Zone_3577;53549567;53550588;Node_9;1021;315.722;47.0
Zone_3578;53550588;53551609;Node_9;1021;314.813;51.3
Zone_3579;53551609;53552630;Node_9;1021;311.689;54.8
Zone_3580;53552630;53553651;Node_9;1021;314.752;52.6
Zone_3581;53553651;53554672;Node_9;1021;316.66;56.0
Zone_3582;53554672;53555693;Node_9;1021;315.423;53.8
Zone_3583;53555693;53556714;Node_9;1021;320.736;49.8
Zone_3584;53556714;53557735;Node_9;1021;317.385;50.8
Zone_3585;53557735;53558756;Node_9;1021;314.657;50.6
Zone_3586;53558756;53559777;Node_9;1021;313.907;57.7
Zone_3587;53559777;53560798;Node_9;1021;314.304;55.5
Zone_3588;53560798;53561819;Node_9;1021;315.102;54.0
Zone_3589;53561819;53562840;Node_9;1021;315.101;52.5
Zone_3590;53562840;53563861;Node_9;1021;316.703;39.1
Zone_3591;53563861;53564882;Node_9;1021;316.499;31.0
Zone_3592;53564882;53565903;Node_9;1021;316.247;28.8
Zone_3593;53565903;53566924;Node_9;1021;315.875;34.6
Zone_3594;53566924;53567945;Node_9;1021;317.656;45.4
Zone_3595;53567945;53568966;Node_9;1021;316.025;46.8
Zone_3596;53568966;53569987;Node_9;1021;317.047;31.9
Zone_3597;53569987;53571008;Node_9;1021;315.112;38.7
Zone_3598;53571008;53572029;Node_9;1021;315.478;40.0
Zone_3599;53572029;53573050;Node_9;1021;314.81;48.2
Zone_3600;53573050;53574071;Node_9;1021;314.729;52.4
Zone_3601;53574071;53575092;Node_9;1021;314.485;54.3
Zone_3602;53575092;53576113;Node_9;1021;313.662;55.5
Zone_3603;53576113;53577134;Node_9;1021;311.039;55.3
Zone_3604;53577134;53578155;Node_9;1021;312.98;56.8
Zone_3605;53578155;53579176;Node_9;1021;314.837;39.8
Zone_3606;53579176;53580197;Node_9;1021;315.063;56.1
Zone_3607;53580197;53581218;Node_9;1021;315.449;50.0
Zone_3608;53581218;53582239;Node_9;1021;316.372;52.2
Zone_3609;53582239;53583260;Node_9;1021;315.596;54.4
Zone_3610;53583260;53584281;Node_9;1021;314.807;53.0
Zone_3611;53584281;53585302;Node_9;1021;314.42;46.8
Zone_3612;53585302;53586323;Node_9;1021;316.776;54.2
Zone_3613;53586323;53587344;Node_9;1021;316.261;49.5
Zone_3614;53587344;53588365;Node_9;1021;314.712;48.8
Zone_3615;53588365;53589386;Node_9;1021;315.14;51.6
Zone_3616;53589386;53590407;Node_9;1021;315.452;53.6
Zone_3617;53590407;53591428;Node_9;1021;316.517;50.3
Zone_3618;53591428;53592449;Node_9;1021;314.366;50.9
Zone_3619;53592449;53593470;Node_9;1021;314.372;57.7
Zone_3620;53593470;53594491;Node_9;1021;315.592;62.9
Zone_3621;53594491;53595512;Node_9;1021;319.286;60.9
Zone_3622;53595512;53596533;Node_9;1021;315.857;55.4
Zone_3623;53596533;53597554;Node_9;1021;316.984;53.0
Zone_3624;53597554;53598575;Node_9;1021;317.094;49.9
Zone_3625;53598575;53599596;Node_9;1021;315.874;49.2
Zone_3626;53599596;53600617;Node_9;1021;316.224;56.4
Zone_3627;53600617;53601638;Node_9;1021;315.014;49.7
Zone_3628;53601638;53602659;Node_9;1021;314.387;54.3
Zone_3629;53602659;53603680;Node_9;1021;315.356;50.4
Zone_3630;53603680;53604701;Node_9;1021;315.735;47.1
Zone_3631;53604701;53605722;Node_9;1021;314.208;49.3
Zone_3632;53605722;53606743;Node_9;1021;315.409;57.1
Zone_3633;53606743;53607764;Node_9;1021;314.662;50.1
Zone_3634;53607764;53608785;Node_9;1021;314.815;44.5
Zone_3635;53608785;53609806;Node_9;1021;314.341;40.5
Zone_3636;53609806;53610827;Node_9;1021;314.226;34.4
Zone_3637;53610827;53611848;Node_9;1021;313.458;38.4
Zone_3638;53611848;53612869;Node_9;1021;313.338;49.8
Zone_3639;53612869;53613890;Node_9;1021;314.96;38.1
Zone_3640;53613890;53614911;Node_9;1021;316.807;44.0
Zone_3641;53614911;53615932;Node_9;1021;314.646;45.1
Zone_3642;53615932;53616953;Node_9;1021;315.033;48.6
Zone_3643;53616953;53617974;Node_9;1021;315.13;49.3
Zone_3644;53617974;53618995;Node_9;1021;315.594;54.7
Zone_3645;53618995;53620016;Node_9;1021;314.579;55.0
Zone_3646;53620016;53621037;Node_9;1021;316.103;53.9
Zone_3647;53621037;53622058;Node_9;1021;314.46;47.0
Zone_3648;53622058;53623079;Node_9;1021;316.27;43.3
Zone_3649;53623079;53624100;Node_9;1021;316.034;29.6
Zone_3650;53624100;53625121;Node_9;1021;315.314;37.8
Zone_3651;53625121;53626142;Node_9;1021;315.447;49.8
Zone_3652;53626142;53627163;Node_9;1021;312.943;53.2
Zone_3653;53627163;53628184;Node_9;1021;316.064;50.5
Zone_3654;53628184;53629205;Node_9;1021;314.279;52.0
Zone_3655;53629205;53630226;Node_9;1021;312.828;46.9
Zone_3656;53630226;53631247;Node_9;1021;314.099;41.0
Zone_3657;53631247;53632268;Node_9;1021;319.103;45.1
Zone_3658;53632268;53633289;Node_9;1021;323.167;52.2
Zone_3659;53633289;53634310;Node_9;1021;319.072;50.0
Zone_3660;53634310;53635331;Node_9;1021;316.839;50.0
Zone_3661;53635331;53636352;Node_9;1021;316.092;29.7
Zone_3662;53636352;53637373;Node_9;1021;314.874;53.1
Zone_3663;53637373;53638394;Node_9;1021;316.784;54.6
Zone_3664;53638394;53639415;Node_9;1021;314.931;58.7
Zone_3665;53639415;53640436;Node_9;1021;315.688;49.0
Zone_3666;53640436;53641457;Node_9;1021;315.481;54.7
Zone_3667;53641457;53642478;Node_9;1021;315.516;55.3
Zone_3668;53642478;53643499;Node_9;1021;313.924;51.7
Zone_3669;53643499;53644520;Node_9;1021;314.804;50.7
Zone_3670;53644520;53645541;Node_9;1021;315.575;50.2
Zone_3671;53645541;53646562;Node_9;1021;316.258;38.7
Zone_3672;53646562;53647583;Node_9;1021;318.98;41.9
Zone_3673;53647583;53648604;Node_9;1021;316.038;37.7
Zone_3674;53648604;53649625;Node_9;1021;316.063;37.7
Zone_3675;53649625;53650646;Node_9;1021;316.429;41.4
Zone_3676;53650646;53651667;Node_9;1021;315.382;45.6
Zone_3677;53651667;53652688;Node_9;1021;316.42;52.4
Zone_3678;53652688;53653709;Node_9;1021;314.321;53.2
Zone_3679;53653709;53654730;Node_9;1021;316.831;56.5
Zone_3680;53654730;53655751;Node_9;1021;315.457;47.2
Zone_3681;53655751;53656772;Node_9;1021;315.489;50.5
Zone_3682;53656772;53657793;Node_9;1021;316.061;55.0
Zone_3683;53657793;53658814;Node_9;1021;313.761;52.4
Zone_3684;53658814;53659835;Node_9;1021;316.243;55.9
Zone_3685;53659835;53660856;Node_9;1021;315.552;54.4
Zone_3686;53660856;53661877;Node_9;1021;316.815;55.0
Zone_3687;53661877;53662898;Node_9;1021;315.219;52.4
Zone_3688;53662898;53663919;Node_9;1021;314.308;58.1
Zone_3689;53663919;53664940;Node_9;1021;315.621;51.4
Zone_3690;53664940;53665961;Node_9;1021;318.722;49.2
Zone_3691;53665961;53666982;Node_9;1021;313.891;50.4
Zone_3692;53666982;53668003;Node_9;1021;313.681;47.9
Zone_3693;53668003;53669024;Node_9;1021;313.583;45.5
Zone_3694;53669024;53670045;Node_9;1021;315.527;55.6
Zone_3695;53670045;53671066;Node_9;1021;314.365;44.4
Zone_3696;53671066;53672087;Node_9;1021;316.605;42.7
Zone_3697;53672087;53673108;Node_9;1021;313.519;55.2
Zone_3698;53673108;53674129;Node_9;1021;315.31;50.2
Zone_3699;53674129;53675150;Node_9;1021;316.657;48.9
Zone_3700;53675150;53676171;Node_9;1021;314.457;50.0
Zone_3701;53676171;53677192;Node_9;1021;313.517;56.8
Zone_3702;53677192;53678213;Node_9;1021;314.411;55.2
Zone_3703;53678213;53679234;Node_9;1021;315.869;57.2
Zone_3704;53679234;53680255;Node_9;1021;315.358;53.2
Zone_3705;53680255;53681276;Node_9;1021;315.139;48.4
Zone_3706;53681276;53682297;Node_9;1021;314.654;54.6
Zone_3707;53682297;53683318;Node_9;1021;316.722;51.0
Zone_3708;53683318;53684339;Node_9;1021;315.735;53.8
Zone_3709;53684339;53685360;Node_9;1021;315.128;58.3
Zone_3710;53685360;53686381;Node_9;1021;311.736;56.8
Zone_3711;53686381;53687402;Node_9;1021;317.335;54.3
Zone_3712;53687402;53688423;Node_9;1021;314.353;61.7
Zone_3713;53688423;53689444;Node_9;1021;314.254;54.6
Zone_3714;53689444;53690465;Node_9;1021;313.835;57.9
Zone_3715;53690465;53691486;Node_9;1021;314.953;53.7
Zone_3716;53691486;53692507;Node_9;1021;312.42;48.9
Zone_3717;53692507;53693528;Node_9;1021;314.514;55.6
Zone_3718;53693528;53694549;Node_9;1021;315.667;60.7
Zone_3719;53694549;53695570;Node_9;1021;316.401;55.3
Zone_3720;53695570;53696591;Node_9;1021;314.96;48.2
Zone_3721;53696591;53697612;Node_9;1021;312.906;54.8
Zone_3722;53697612;53698633;Node_9;1021;314.095;52.4
Zone_3723;53698633;53699654;Node_9;1021;314.262;47.7
Zone_3724;53699654;53700675;Node_9;1021;315.171;52.0
Zone_3725;53700675;53701696;Node_9;1021;314.153;44.8
Zone_3726;53701696;53702717;Node_9;1021;316.405;54.7
Zone_3727;53702717;53703738;Node_9;1021;314.812;49.1
Zone_3728;53703738;53704759;Node_9;1021;315.186;53.3
Zone_3729;53704759;53705780;Node_9;1021;315.524;50.2
Zone_3730;53705780;53706801;Node_9;1021;314.67;47.4
Zone_3731;53706801;53707822;Node_9;1021;315.692;46.8
Zone_3732;53707822;53708843;Node_9;1021;315.519;50.5
Zone_3733;53708843;53709864;Node_9;1021;315.77;41.0
Zone_3734;53709864;53710885;Node_9;1021;314.903;55.1
Zone_3735;53710885;53711906;Node_9;1021;314.225;49.3
Zone_3736;53711906;53712927;Node_9;1021;314.366;53.3
Zone_3737;53712927;53713948;Node_9;1021;316.136;49.8
Zone_3738;53713948;53714969;Node_9;1021;315.078;44.3
Zone_3739;53714969;53715990;Node_9;1021;317.776;55.5
Zone_3740;53715990;53717011;Node_9;1021;318.402;45.2
Zone_3741;53717011;53718032;Node_9;1021;313.718;44.0
Zone_3742;53718032;53719053;Node_9;1021;314.951;47.1
Zone_3743;53719053;53720074;Node_9;1021;315.381;49.8
Zone_3744;53720074;53721095;Node_9;1021;316.837;39.8
Zone_3745;53721095;53722116;Node_9;1021;315.761;35.8
Zone_3746;53722116;53723137;Node_9;1021;316.28;46.3
Zone_3747;53723137;53724158;Node_9;1021;314.974;41.5
Zone_3748;53724158;53725179;Node_9;1021;316.059;43.6
Zone_3749;53725179;53726200;Node_9;1021;315.438;51.1
Zone_3750;53726200;53727221;Node_9;1021;314.665;51.2
Zone_3751;53727221;53728242;Node_9;1021;316.029;49.8
Zone_3752;53728242;53729263;Node_9;1021;315.305;41.5
Zone_3753;53729263;53730284;Node_9;1021;315.592;42.1
Zone_3754;53730284;53731305;Node_9;1021;314.571;47.3
Zone_3755;53731305;53732326;Node_9;1021;314.196;50.2
Zone_3756;53732326;53733347;Node_9;1021;314.593;35.8
Zone_3757;53733347;53734368;Node_9;1021;314.716;42.2
Zone_3758;53734368;53735389;Node_9;1021;314.123;47.2
Zone_3759;53735389;53736410;Node_9;1021;315.531;47.1
Zone_3760;53736410;53737431;Node_9;1021;315.542;45.0
Zone_3761;53737431;53738452;Node_9;1021;315.445;60.7
Zone_3762;53738452;53739473;Node_9;1021;314.459;75.0
Zone_3763;53739473;53740494;Node_9;1021;315.016;51.9
Zone_3764;53740494;53741515;Node_9;1021;313.902;48.8
Zone_3765;53741515;53742536;Node_9;1021;312.906;45.5
Zone_3766;53742536;53743557;Node_9;1021;313.822;42.4
Zone_3767;53743557;53744578;Node_9;1021;315.057;38.9
Zone_3768;53744578;53745599;Node_9;1021;316.718;42.8
Zone_3769;53745599;53746620;Node_9;1021;315.904;38.1
Zone_3770;53746620;53747641;Node_9;1021;315.643;35.4
Zone_3771;53747641;53748662;Node_9;1021;314.188;49.5
Zone_3772;53748662;53749683;Node_9;1021;318.22;49.1
Zone_3773;53749683;53750704;Node_9;1021;316.294;45.2
Zone_3774;53750704;53751725;Node_9;1021;313.798;38.6
Zone_3775;53751725;53752746;Node_9;1021;312.806;48.7
Zone_3776;53752746;53753767;Node_9;1021;314.659;43.4
Zone_3777;53753767;53754788;Node_9;1021;314.46;39.0
Zone_3778;53754788;53755809;Node_9;1021;315.285;43.0
Zone_3779;53755809;53756830;Node_9;1021;314.047;47.3
Zone_3780;53756830;53757851;Node_9;1021;313.622;39.0
Zone_3781;53757851;53758872;Node_9;1021;315.009;42.3
Zone_3782;53758872;53759893;Node_9;1021;314.173;50.3
Zone_3783;53759893;53760914;Node_9;1021;314.809;44.9
Zone_3784;53760914;53761935;Node_9;1021;315.739;43.2
Zone_3785;53761935;53762956;Node_9;1021;313.687;36.0
Zone_3786;53762956;53763977;Node_9;1021;315.521;42.9
Zone_3787;53763977;53764998;Node_9;1021;316.183;44.9
Zone_3788;53764998;53766019;Node_9;1021;314.831;39.2
Zone_3789;53766019;53767040;Node_9;1021;315.106;35.8
Zone_3790;53767040;53768061;Node_9;1021;314.752;32.7
Zone_3791;53768061;53769082;Node_9;1021;314.631;35.4
Zone_3792;53769082;53770103;Node_9;1021;316.145;36.0
Zone_3793;53770103;53771124;Node_9;1021;314.054;45.2
Zone_3794;53771124;53772145;Node_9;1021;315.022;32.8
Zone_3795;53772145;53773166;Node_9;1021;315.36;35.9
Zone_3796;53773166;53774187;Node_9;1021;314.247;40.6
Zone_3797;53774187;53775208;Node_9;1021;315.043;35.0
Zone_3798;53775208;53776229;Node_9;1021;313.668;42.7
Zone_3799;53776229;53777250;Node_9;1021;314.846;34.1
Zone_3800;53777250;53778271;Node_9;1021;314.746;40.1
Zone_3801;53778271;53779292;Node_9;1021;316.123;37.9
Zone_3802;53779292;53780313;Node_9;1021;313.832;40.8
Zone_3803;53780313;53781334;Node_9;1021;314.565;38.2
Zone_3804;53781334;53782355;Node_9;1021;316.253;39.8
Zone_3805;53782355;53783376;Node_9;1021;317.2;39.7
Zone_3806;53783376;53784397;Node_9;1021;315.04;40.1
Zone_3807;53784397;53785418;Node_9;1021;316.075;46.9
Zone_3808;53785418;53786439;Node_9;1021;314.249;42.4
Zone_3809;53786439;53787460;Node_9;1021;315.048;41.8
Zone_3810;53787460;53788481;Node_9;1021;316.746;39.1
Zone_3811;53788481;53789502;Node_9;1021;314.584;39.9
Zone_3812;53789502;53790523;Node_9;1021;317.035;49.8
Zone_3813;53790523;53791544;Node_9;1021;314.537;44.1
Zone_3814;53791544;53792565;Node_9;1021;314.494;44.4
Zone_3815;53792565;53793586;Node_9;1021;315.029;36.8
Zone_3816;53793586;53794607;Node_9;1021;314.136;43.8
Zone_3817;53794607;53795628;Node_9;1021;312.539;43.0
Zone_3818;53795628;53796649;Node_9;1021;312.526;40.0
Zone_3819;53796649;53797670;Node_9;1021;313.88;36.0
Zone_3820;53797670;53798691;Node_9;1021;313.531;43.2
Zone_3821;53798691;53799712;Node_9;1021;314.709;35.7
Zone_3822;53799712;53800733;Node_9;1021;313.537;42.5
Zone_3823;53800733;53801754;Node_9;1021;313.97;38.5
Zone_3824;53801754;53802775;Node_9;1021;315.448;42.8
Zone_3825;53802775;53803796;Node_9;1021;314.596;43.6
Zone_3826;53803796;53804817;Node_9;1021;313.312;43.3
Zone_3827;53804817;53805838;Node_9;1021;314.243;38.1
Zone_3828;53805838;53806859;Node_9;1021;315.847;37.7
Zone_3829;53806859;53807880;Node_9;1021;315.654;39.7
Zone_3830;53807880;53808901;Node_9;1021;314.382;36.0
Zone_3831;53808901;53809922;Node_9;1021;315.569;37.0
Zone_3832;53809922;53810943;Node_9;1021;316.099;39.7
Zone_3833;53810943;53811964;Node_9;1021;314.77;54.8
Zone_3834;53811964;53812985;Node_9;1021;316.324;40.5
Zone_3835;53812985;53814006;Node_9;1021;315.325;35.0
Zone_3836;53814006;53815027;Node_9;1021;316.325;39.8
Zone_3837;53815027;53816048;Node_9;1021;315.12;36.4
Zone_3838;53816048;53817069;Node_9;1021;315.694;36.0
Zone_3839;53817069;53818090;Node_9;1021;316.563;33.3
Zone_3840;53818090;53819111;Node_10;1021;315.192;37.6
Zone_3841;53819111;53820132;Node_10;1021;315.611;38.0
Zone_3842;53820132;53821153;Node_10;1021;315.339;40.2
Zone_3843;53821153;53822174;Node_10;1021;314.969;41.2
Zone_3844;53822174;53823195;Node_10;1021;315.227;39.2
Zone_3845;53823195;53824216;Node_10;1021;315.083;40.1
Zone_3846;53824216;53825237;Node_10;1021;315.381;45.9
Zone_3847;53825237;53826258;Node_10;1021;316.256;40.6
Zone_3848;53826258;53827279;Node_10;1021;315.277;39.0
Zone_3849;53827279;53828300;Node_10;1021;314.125;39.3
Zone_3850;53828300;53829321;Node_10;1021;315.213;39.3
Zone_3851;53829321;53830342;Node_10;1021;315.641;46.2
Zone_3852;53830342;53831363;Node_10;1021;316.765;46.7
Zone_3853;53831363;53832384;Node_10;1021;314.966;37.6
Zone_3854;53832384;53833405;Node_10;1021;315.131;41.5
Zone_3855;53833405;53834426;Node_10;1021;314.858;39.5
Zone_3856;53834426;53835447;Node_10;1021;316.068;37.7
Zone_3857;53835447;53836468;Node_10;1021;315.73;39.0
Zone_3858;53836468;53837489;Node_10;1021;315.095;45.0
Zone_3859;53837489;53838510;Node_10;1021;313.07;58.2
Zone_3860;53838510;53839531;Node_10;1021;315.67;41.9
Zone_3861;53839531;53840552;Node_10;1021;315.017;45.2
Zone_3862;53840552;53841573;Node_10;1021;316.173;43.3
Zone_3863;53841573;53842594;Node_10;1021;316.627;40.1
Zone_3864;53842594;53843615;Node_10;1021;315.638;40.9
Zone_3865;53843615;53844636;Node_10;1021;315.229;41.1
Zone_3866;53844636;53845657;Node_10;1021;313.535;45.2
Zone_3867;53845657;53846678;Node_10;1021;314.293;41.4
Zone_3868;53846678;53847699;Node_10;1021;313.377;39.6
Zone_3869;53847699;53848720;Node_10;1021;313.459;40.5
Zone_3870;53848720;53849741;Node_10;1021;316.309;48.4
Zone_3871;53849741;53850762;Node_10;1021;316.229;43.0
Zone_3872;53850762;53851783;Node_10;1021;314.168;43.5
Zone_3873;53851783;53852804;Node_10;1021;316.027;43.7
Zone_3874;53852804;53853825;Node_10;1021;317.893;42.5
Zone_3875;53853825;53854846;Node_10;1021;315.23;46.1
Zone_3876;53854846;53855867;Node_10;1021;315.608;43.3
Zone_3877;53855867;53856888;Node_10;1021;314.74;47.4
Zone_3878;53856888;53857909;Node_10;1021;315.988;47.5
Zone_3879;53857909;53858930;Node_10;1021;315.316;44.9
Zone_3880;53858930;53859951;Node_10;1021;316.583;44.2
Zone_3881;53859951;53860972;Node_10;1021;315.242;41.5
Zone_3882;53860972;53861993;Node_10;1021;316.918;51.4
Zone_3883;53861993;53863014;Node_10;1021;314.79;46.9
Zone_3884;53863014;53864035;Node_10;1021;314.692;50.9
Zone_3885;53864035;53865056;Node_10;1021;315.364;42.2
Zone_3886;53865056;53866077;Node_10;1021;313.383;39.8
Zone_3887;53866077;53867098;Node_10;1021;315.648;44.9
Zone_3888;53867098;53868119;Node_10;1021;314.149;44.0
Zone_3889;53868119;53869140;Node_10;1021;316.24;37.1
Zone_3890;53869140;53870161;Node_10;1021;314.175;43.0
Zone_3891;53870161;53871182;Node_10;1021;315.044;43.6
Zone_3892;53871182;53872203;Node_10;1021;316.135;38.5
Zone_3893;53872203;53873224;Node_10;1021;314.331;38.3
Zone_3894;53873224;53874245;Node_10;1021;316.403;49.2
Zone_3895;53874245;53875266;Node_10;1021;314.692;39.5
Zone_3896;53875266;53876287;Node_10;1021;314.317;40.2
Zone_3897;53876287;53877308;Node_10;1021;314.817;40.0
Zone_3898;53877308;53878329;Node_10;1021;314.341;43.6
Zone_3899;53878329;53879350;Node_10;1021;314.67;39.4
Zone_3900;53879350;53880371;Node_10;1021;315.682;43.6
Zone_3901;53880371;53881392;Node_10;1021;316.424;40.2
Zone_3902;53881392;53882413;Node_10;1021;316.359;38.9
Zone_3903;53882413;53883434;Node_10;1021;314.262;45.4
Zone_3904;53883434;53884455;Node_10;1021;315.714;40.5
Zone_3905;53884455;53885476;Node_10;1021;315.833;40.6
Zone_3906;53885476;53886497;Node_10;1021;316.692;45.0
Zone_3907;53886497;53887518;Node_10;1021;315.233;50.4
Zone_3908;53887518;53888539;Node_10;1021;316.206;41.6
Zone_3909;53888539;53889560;Node_10;1021;316.463;41.4
Zone_3910;53889560;53890581;Node_10;1021;315.531;53.2
Zone_3911;53890581;53891602;Node_10;1021;316.299;45.1
Zone_3912;53891602;53892623;Node_10;1021;316.16;47.7
Zone_3913;53892623;53893644;Node_10;1021;315.295;49.9
Zone_3914;53893644;53894665;Node_10;1021;316.168;48.7
Zone_3915;53894665;53895686;Node_10;1021;313.166;49.7
Zone_3916;53895686;53896707;Node_10;1021;313.278;48.9
Zone_3917;53896707;53897728;Node_10;1021;316.345;45.1
Zone_3918;53897728;53898749;Node_10;1021;318.206;50.3
Zone_3919;53898749;53899770;Node_10;1021;315.011;43.7
Zone_3920;53899770;53900791;Node_10;1021;315.191;47.6
Zone_3921;53900791;53901812;Node_10;1021;314.784;48.1
Zone_3922;53901812;53902833;Node_10;1021;314.675;46.7
Zone_3923;53902833;53903854;Node_10;1021;316.007;53.7
Zone_3924;53903854;53904875;Node_10;1021;315.028;42.9
Zone_3925;53904875;53905896;Node_10;1021;315.536;47.2
Zone_3926;53905896;53906917;Node_10;1021;315.147;52.5
Zone_3927;53906917;53907938;Node_10;1021;316.809;49.3
Zone_3928;53907938;53908959;Node_10;1021;317.199;50.7
Zone_3929;53908959;53909980;Node_10;1021;316.626;49.8
Zone_3930;53909980;53911001;Node_10;1021;314.907;42.5
Zone_3931;53911001;53912022;Node_10;1021;315.829;38.7
Zone_3932;53912022;53913043;Node_10;1021;316.426;45.9
Zone_3933;53913043;53914064;Node_10;1021;314.543;46.3
Zone_3934;53914064;53915085;Node_10;1021;314.287;36.1
Zone_3935;53915085;53916106;Node_10;1021;317.553;43.5
Zone_3936;53916106;53917127;Node_10;1021;315.525;42.6
Zone_3937;53917127;53918148;Node_10;1021;314.48;39.7
Zone_3938;53918148;53919169;Node_10;1021;314.823;41.6
Zone_3939;53919169;53920190;Node_10;1021;314.585;43.1
Zone_3940;53920190;53921211;Node_10;1021;315.501;41.7
Zone_3941;53921211;53922232;Node_10;1021;315.165;38.6
Zone_3942;53922232;53923253;Node_10;1021;316.162;36.4
Zone_3943;53923253;53924274;Node_10;1021;315.36;31.6
Zone_3944;53924274;53925295;Node_10;1021;314.794;38.6
Zone_3945;53925295;53926316;Node_10;1021;315.858;43.3
Zone_3946;53926316;53927337;Node_10;1021;313.669;39.0
Zone_3947;53927337;53928358;Node_10;1021;315.031;37.8
Zone_3948;53928358;53929379;Node_10;1021;314.436;42.0
Zone_3949;53929379;53930400;Node_10;1021;314.687;34.1
Zone_3950;53930400;53931421;Node_10;1021;313.407;36.4
Zone_3951;53931421;53932442;Node_10;1021;314.766;35.7
Zone_3952;53932442;53933463;Node_10;1021;313.917;44.3
Zone_3953;53933463;53934484;Node_10;1021;313.548;31.0
Zone_3954;53934484;53935505;Node_10;1021;317.168;43.7
Zone_3955;53935505;53936526;Node_10;1021;315.735;42.0
Zone_3956;53936526;53937547;Node_10;1021;314.102;39.8
Zone_3957;53937547;53938568;Node_10;1021;316.076;33.9
Zone_3958;53938568;53939589;Node_10;1021;316.393;45.2
Zone_3959;53939589;53940610;Node_10;1021;315.792;32.2
Zone_3960;53940610;53941631;Node_10;1021;314.753;42.2
Zone_3961;53941631;53942652;Node_10;1021;315.874;33.8
Zone_3962;53942652;53943673;Node_10;1021;316.91;39.4
Zone_3963;53943673;53944694;Node_10;1021;315.285;49.1
Zone_3964;53944694;53945715;Node_10;1021;312.378;57.5
Zone_3965;53945715;53946736;Node_10;1021;312.904;76.1
Zone_3966;53946736;53947757;Node_10;1021;321.598;51.3
Zone_3967;53947757;53948778;Node_10;1021;314.923;38.3
Zone_3968;53948778;53949799;Node_10;1021;315.816;42.8
Zone_3969;53949799;53950820;Node_10;1021;316.317;44.4
Zone_3970;53950820;53951841;Node_10;1021;315.845;41.6
Zone_3971;53951841;53952862;Node_10;1021;315.204;44.8
Zone_3972;53952862;53953883;Node_10;1021;313.916;41.0
Zone_3973;53953883;53954904;Node_10;1021;315.366;37.2
Zone_3974;53954904;53955925;Node_10;1021;314.992;42.1
Zone_3975;53955925;53956946;Node_10;1021;315.026;37.9
Zone_3976;53956946;53957967;Node_10;1021;315.113;42.2
Zone_3977;53957967;53958988;Node_10;1021;314.689;43.2
Zone_3978;53958988;53960009;Node_10;1021;314.761;39.9
Zone_3979;53960009;53961030;Node_10;1021;315.448;41.2
Zone_3980;53961030;53962051;Node_10;1021;315.856;40.8
Zone_3981;53962051;53963072;Node_10;1021;315.089;40.8
Zone_3982;53963072;53964093;Node_10;1021;313.886;48.2
Zone_3983;53964093;53965114;Node_10;1021;312.891;45.4
Zone_3984;53965114;53966135;Node_10;1021;315.105;40.8
Zone_3985;53966135;53967156;Node_10;1021;317.058;38.2
Zone_3986;53967156;53968177;Node_10;1021;315.569;41.0
Zone_3987;53968177;53969198;Node_10;1021;314.691;38.9
Zone_3988;53969198;53970219;Node_10;1021;315.279;44.5
Zone_3989;53970219;53971240;Node_10;1021;316.185;39.1
Zone_3990;53971240;53972261;Node_10;1021;314.785;42.8
Zone_3991;53972261;53973282;Node_10;1021;316.381;42.5
Zone_3992;53973282;53974303;Node_10;1021;317.886;44.3
Zone_3993;53974303;53975324;Node_10;1021;313.561;43.0
Zone_3994;53975324;53976345;Node_10;1021;312.714;42.9
Zone_3995;53976345;53977366;Node_10;1021;315.193;49.5
Zone_3996;53977366;53978387;Node_10;1021;316.297;43.5
Zone_3997;53978387;53979408;Node_10;1021;317.922;48.7
Zone_3998;53979408;53980429;Node_10;1021;317.997;52.5
Zone_3999;53980429;53981450;Node_10;1021;315.676;46.7
Zone_4000;53981450;53982471;Node_10;1021;315.719;49.1
Zone_4001;53982471;53983492;Node_10;1021;316.37;46.5
Zone_4002;53983492;53984513;Node_10;1021;315.492;41.1
Zone_4003;53984513;53985534;Node_10;1021;316.469;39.6
Zone_4004;53985534;53986555;Node_10;1021;316.798;41.8
Zone_4005;53986555;53987576;Node_10;1021;316.616;30.6
Zone_4006;53987576;53988597;Node_10;1021;315.948;40.1
Zone_4007;53988597;53989618;Node_10;1021;315.807;40.0
Zone_4008;53989618;53990639;Node_10;1021;314.156;42.8
Zone_4009;53990639;53991660;Node_10;1021;316.781;39.8
Zone_4010;53991660;53992681;Node_10;1021;315.786;57.4
Zone_4011;53992681;53993702;Node_10;1021;315.672;52.2
Zone_4012;53993702;53994723;Node_10;1021;315.444;44.6
Zone_4013;53994723;53995744;Node_10;1021;317.292;38.8
Zone_4014;53995744;53996765;Node_10;1021;316.555;42.4
Zone_4015;53996765;53997786;Node_10;1021;315.965;37.9
Zone_4016;53997786;53998807;Node_10;1021;316.749;42.7
Zone_4017;53998807;53999828;Node_10;1021;316.588;45.6
Zone_4018;53999828;54000849;Node_10;1021;316.6;43.8
Zone_4019;54000849;54001870;Node_10;1021;315.83;44.5
Zone_4020;54001870;54002891;Node_10;1021;314.006;51.8
Zone_4021;54002891;54003912;Node_10;1021;315.747;47.8
Zone_4022;54003912;54004933;Node_10;1021;315.36;60.7
Zone_4023;54004933;54005954;Node_10;1021;314.599;53.4
Zone_4024;54005954;54006975;Node_10;1021;314.617;50.0
Zone_4025;54006975;54007996;Node_10;1021;314.013;47.7
Zone_4026;54007996;54009017;Node_10;1021;316.016;49.6
Zone_4027;54009017;54010038;Node_10;1021;314.188;54.2
Zone_4028;54010038;54011059;Node_10;1021;315.583;54.7
Zone_4029;54011059;54012080;Node_10;1021;317.533;55.2
Zone_4030;54012080;54013101;Node_10;1021;316.427;53.2
Zone_4031;54013101;54014122;Node_10;1021;314.102;56.3
Zone_4032;54014122;54015143;Node_10;1021;315.375;56.4
Zone_4033;54015143;54016164;Node_10;1021;315.561;53.4
Zone_4034;54016164;54017185;Node_10;1021;316.052;50.7
Zone_4035;54017185;54018206;Node_10;1021;314.429;57.6
Zone_4036;54018206;54019227;Node_10;1021;316.008;51.0
Zone_4037;54019227;54020248;Node_10;1021;317.87;50.9
Zone_4038;54020248;54021269;Node_10;1021;315.537;49.4
Zone_4039;54021269;54022290;Node_10;1021;315.751;52.9
Zone_4040;54022290;54023311;Node_10;1021;315.344;44.5
Zone_4041;54023311;54024332;Node_10;1021;313.78;44.6
Zone_4042;54024332;54025353;Node_10;1021;314.356;42.0
Zone_4043;54025353;54026374;Node_10;1021;313.989;45.7
Zone_4044;54026374;54027395;Node_10;1021;315.499;32.1
Zone_4045;54027395;54028416;Node_10;1021;316.365;44.7
Zone_4046;54028416;54029437;Node_10;1021;315.051;43.0
Zone_4047;54029437;54030458;Node_10;1021;316.268;36.7
Zone_4048;54030458;54031479;Node_10;1021;315.247;40.8
Zone_4049;54031479;54032500;Node_10;1021;315.568;32.3
Zone_4050;54032500;54033521;Node_10;1021;315.5;41.3
Zone_4051;54033521;54034542;Node_10;1021;317.124;46.4
Zone_4052;54034542;54035563;Node_10;1021;315.797;37.5
Zone_4053;54035563;54036584;Node_10;1021;314.789;45.2
Zone_4054;54036584;54037605;Node_10;1021;314.898;30.1
Zone_4055;54037605;54038626;Node_10;1021;313.53;38.6
Zone_4056;54038626;54039647;Node_10;1021;315.513;34.9
Zone_4057;54039647;54040668;Node_10;1021;314.741;41.8
Zone_4058;54040668;54041689;Node_10;1021;314.741;32.5
Zone_4059;54041689;54042710;Node_10;1021;315.27;33.6
Zone_4060;54042710;54043731;Node_10;1021;315.771;31.7
Zone_4061;54043731;54044752;Node_10;1021;315.914;41.6
Zone_4062;54044752;54045773;Node_10;1021;316.981;33.1
Zone_4063;54045773;54046794;Node_10;1021;316.06;32.3
Zone_4064;54046794;54047815;Node_10;1021;316.029;36.9
Zone_4065;54047815;54048836;Node_10;1021;316.181;37.6
Zone_4066;54048836;54049857;Node_10;1021;314.811;35.2
Zone_4067;54049857;54050878;Node_10;1021;314.542;45.1
Zone_4068;54050878;54051899;Node_10;1021;314.822;40.3
Zone_4069;54051899;54052920;Node_10;1021;315.081;49.7
Zone_4070;54052920;54053941;Node_10;1021;315.418;62.5
Zone_4071;54053941;54054962;Node_10;1021;315.489;45.0
Zone_4072;54054962;54055983;Node_10;1021;314.794;43.1
Zone_4073;54055983;54057004;Node_10;1021;314.74;48.6
Zone_4074;54057004;54058025;Node_10;1021;312.776;40.5
Zone_4075;54058025;54059046;Node_10;1021;313.546;44.6
Zone_4076;54059046;54060067;Node_10;1021;314.456;40.9
Zone_4077;54060067;54061088;Node_10;1021;317.689;50.0
Zone_4078;54061088;54062109;Node_10;1021;316.162;34.1
Zone_4079;54062109;54063130;Node_10;1021;316.782;39.2
Zone_4080;54063130;54064151;Node_10;1021;315.849;36.9
Zone_4081;54064151;54065172;Node_10;1021;316.655;43.8
Zone_4082;54065172;54066193;Node_10;1021;317.567;46.1
Zone_4083;54066193;54067214;Node_10;1021;317.037;35.2
Zone_4084;54067214;54068235;Node_10;1021;316.565;39.5
Zone_4085;54068235;54069256;Node_10;1021;314.829;34.7
Zone_4086;54069256;54070277;Node_10;1021;316.649;44.6
Zone_4087;54070277;54071298;Node_10;1021;316.895;36.9
Zone_4088;54071298;54072319;Node_10;1021;314.552;44.0
Zone_4089;54072319;54073340;Node_10;1021;314.113;44.7
Zone_4090;54073340;54074361;Node_10;1021;316.964;44.3
Zone_4091;54074361;54075382;Node_10;1021;318.0;39.7
Zone_4092;54075382;54076403;Node_10;1021;316.262;42.5
Zone_4093;54076403;54077424;Node_10;1021;316.304;42.0
Zone_4094;54077424;54078445;Node_10;1021;313.686;37.9
Zone_4095;54078445;54079466;Node_10;1021;316.912;38.9
Zone_4096;54079466;54080487;Node_10;1021;314.141;45.2
Zone_4097;54080487;54081508;Node_10;1021;314.56;44.0
Zone_4098;54081508;54082529;Node_10;1021;315.207;42.1
Zone_4099;54082529;54083550;Node_10;1021;319.838;46.7
Zone_4100;54083550;54084571;Node_10;1021;315.051;40.9
Zone_4101;54084571;54085592;Node_10;1021;315.019;39.3
Zone_4102;54085592;54086613;Node_10;1021;315.659;39.9
Zone_4103;54086613;54087634;Node_10;1021;315.665;34.3
Zone_4104;54087634;54088655;Node_10;1021;314.215;36.8
Zone_4105;54088655;54089676;Node_10;1021;315.779;33.2
Zone_4106;54089676;54090697;Node_10;1021;315.691;32.3
Zone_4107;54090697;54091718;Node_10;1021;315.292;31.8
Zone_4108;54091718;54092739;Node_10;1021;315.514;40.1
Zone_4109;54092739;54093760;Node_10;1021;315.494;41.5
Zone_4110;54093760;54094781;Node_10;1021;314.263;45.2
Zone_4111;54094781;54095802;Node_10;1021;316.912;47.8
Zone_4112;54095802;54096823;Node_10;1021;315.916;46.7
Zone_4113;54096823;54097844;Node_10;1021;315.705;40.8
Zone_4114;54097844;54098865;Node_10;1021;314.625;40.5
Zone_4115;54098865;54099886;Node_10;1021;318.361;46.6
Zone_4116;54099886;54100907;Node_10;1021;317.535;41.8
Zone_4117;54100907;54101928;Node_10;1021;315.991;41.4
Zone_4118;54101928;54102949;Node_10;1021;316.428;48.5
Zone_4119;54102949;54103970;Node_10;1021;316.379;46.2
Zone_4120;54103970;54104991;Node_10;1021;315.173;49.8
Zone_4121;54104991;54106012;Node_10;1021;314.099;49.9
Zone_4122;54106012;54107033;Node_10;1021;316.153;33.3
Zone_4123;54107033;54108054;Node_10;1021;314.754;40.3
Zone_4124;54108054;54109075;Node_10;1021;315.045;50.1
Zone_4125;54109075;54110096;Node_10;1021;317.449;49.1
Zone_4126;54110096;54111117;Node_10;1021;313.087;50.4
Zone_4127;54111117;54112138;Node_10;1021;315.202;51.2
Zone_4128;54112138;54113159;Node_10;1021;315.334;45.9
Zone_4129;54113159;54114180;Node_10;1021;314.219;49.4
Zone_4130;54114180;54115201;Node_10;1021;313.576;49.9
Zone_4131;54115201;54116222;Node_10;1021;314.639;47.9
Zone_4132;54116222;54117243;Node_10;1021;316.264;49.1
Zone_4133;54117243;54118264;Node_10;1021;315.035;54.6
Zone_4134;54118264;54119285;Node_10;1021;311.252;54.2
Zone_4135;54119285;54120306;Node_10;1021;310.622;49.0
Zone_4136;54120306;54121327;Node_10;1021;317.055;60.2
Zone_4137;54121327;54122348;Node_10;1021;314.067;62.4
Zone_4138;54122348;54123369;Node_10;1021;315.659;56.2
Zone_4139;54123369;54124390;Node_10;1021;315.466;50.1
Zone_4140;54124390;54125411;Node_10;1021;314.654;54.8
Zone_4141;54125411;54126432;Node_10;1021;316.311;55.8
Zone_4142;54126432;54127453;Node_10;1021;315.011;43.3
Zone_4143;54127453;54128474;Node_10;1021;313.282;54.4
Zone_4144;54128474;54129495;Node_10;1021;316.257;50.5
Zone_4145;54129495;54130516;Node_10;1021;315.085;50.3
Zone_4146;54130516;54131537;Node_10;1021;317.325;42.5
Zone_4147;54131537;54132558;Node_10;1021;317.647;50.8
Zone_4148;54132558;54133579;Node_10;1021;314.969;51.3
Zone_4149;54133579;54134600;Node_10;1021;315.056;54.2
Zone_4150;54134600;54135621;Node_10;1021;316.733;45.4
Zone_4151;54135621;54136642;Node_10;1021;317.22;54.4
Zone_4152;54136642;54137663;Node_10;1021;316.425;52.1
Zone_4153;54137663;54138684;Node_10;1021;316.303;56.8
Zone_4154;54138684;54139705;Node_10;1021;316.786;51.3
Zone_4155;54139705;54140726;Node_10;1021;315.092;54.3
Zone_4156;54140726;54141747;Node_10;1021;316.046;53.2
Zone_4157;54141747;54142768;Node_10;1021;317.398;53.4
Zone_4158;54142768;54143789;Node_10;1021;315.467;42.5
Zone_4159;54143789;54144810;Node_10;1021;316.249;56.3
Zone_4160;54144810;54145831;Node_10;1021;317.264;43.8
Zone_4161;54145831;54146852;Node_10;1021;315.26;38.2
Zone_4162;54146852;54147873;Node_10;1021;315.709;43.4
Zone_4163;54147873;54148894;Node_10;1021;316.73;39.7
Zone_4164;54148894;54149915;Node_10;1021;315.757;39.0
Zone_4165;54149915;54150936;Node_10;1021;315.375;51.7
Zone_4166;54150936;54151957;Node_10;1021;317.306;54.7
Zone_4167;54151957;54152978;Node_10;1021;315.403;52.0
Zone_4168;54152978;54153999;Node_10;1021;316.195;52.2
Zone_4169;54153999;54155020;Node_10;1021;316.206;49.7
Zone_4170;54155020;54156041;Node_10;1021;316.311;50.9
Zone_4171;54156041;54157062;Node_10;1021;312.802;48.4
Zone_4172;54157062;54158083;Node_10;1021;315.018;52.2
Zone_4173;54158083;54159104;Node_10;1021;315.568;49.8
Zone_4174;54159104;54160125;Node_10;1021;315.564;50.0
Zone_4175;54160125;54161146;Node_10;1021;316.154;56.0
Zone_4176;54161146;54162167;Node_10;1021;314.619;52.0
Zone_4177;54162167;54163188;Node_10;1021;315.928;50.9
Zone_4178;54163188;54164209;Node_10;1021;317.265;53.0
Zone_4179;54164209;54165230;Node_10;1021;314.944;47.6
Zone_4180;54165230;54166251;Node_10;1021;314.764;51.4
Zone_4181;54166251;54167272;Node_10;1021;314.161;48.6
Zone_4182;54167272;54168293;Node_10;1021;313.604;50.1
Zone_4183;54168293;54169314;Node_10;1021;315.331;52.3
Zone_4184;54169314;54170335;Node_10;1021;315.571;41.6
Zone_4185;54170335;54171356;Node_10;1021;315.822;51.9
Zone_4186;54171356;54172377;Node_10;1021;315.245;51.3
Zone_4187;54172377;54173398;Node_10;1021;314.993;49.2
Zone_4188;54173398;54174419;Node_10;1021;315.081;54.2
Zone_4189;54174419;54175440;Node_10;1021;315.734;53.7
Zone_4190;54175440;54176461;Node_10;1021;316.072;43.7
Zone_4191;54176461;54177482;Node_10;1021;316.279;58.7
Zone_4192;54177482;54178503;Node_10;1021;315.05;55.8
Zone_4193;54178503;54179524;Node_10;1021;316.267;55.7
Zone_4194;54179524;54180545;Node_10;1021;315.821;51.3
Zone_4195;54180545;54181566;Node_10;1021;314.97;51.3
Zone_4196;54181566;54182587;Node_10;1021;316.769;45.0
Zone_4197;54182587;54183608;Node_10;1021;315.32;41.7
Zone_4198;54183608;54184629;Node_10;1021;316.21;49.3
Zone_4199;54184629;54185650;Node_10;1021;317.019;46.7
Zone_4200;54185650;54186671;Node_10;1021;315.259;46.6
Zone_4201;54186671;54187692;Node_10;1021;313.327;46.3
Zone_4202;54187692;54188713;Node_10;1021;315.587;46.7
Zone_4203;54188713;54189734;Node_10;1021;317.732;51.7
Zone_4204;54189734;54190755;Node_10;1021;315.133;49.5
Zone_4205;54190755;54191776;Node_10;1021;313.462;50.4
Zone_4206;54191776;54192797;Node_10;1021;314.65;42.7
Zone_4207;54192797;54193818;Node_10;1021;315.959;47.3
Zone_4208;54193818;54194839;Node_10;1021;317.393;45.2
Zone_4209;54194839;54195860;Node_10;1021;315.638;50.1
Zone_4210;54195860;54196881;Node_10;1021;314.711;42.9
Zone_4211;54196881;54197902;Node_10;1021;316.545;47.9
Zone_4212;54197902;54198923;Node_10;1021;314.918;49.5
Zone_4213;54198923;54199944;Node_10;1021;315.457;48.6
Zone_4214;54199944;54200965;Node_10;1021;315.69;58.9
Zone_4215;54200965;54201986;Node_10;1021;315.879;41.0
Zone_4216;54201986;54203007;Node_10;1021;314.144;45.6
Zone_4217;54203007;54204028;Node_10;1021;315.052;44.2
Zone_4218;54204028;54205049;Node_10;1021;315.343;44.0
Zone_4219;54205049;54206070;Node_10;1021;312.889;45.0
Zone_4220;54206070;54207091;Node_10;1021;313.983;49.5
Zone_4221;54207091;54208112;Node_10;1021;315.57;45.0
Zone_4222;54208112;54209133;Node_10;1021;314.662;47.9
Zone_4223;54209133;54210154;Node_10;1021;314.814;48.6
Zone_4224;54210154;54211175;Node_11;1021;313.013;47.2
Zone_4225;54211175;54212196;Node_11;1021;314.128;47.3
Zone_4226;54212196;54213217;Node_11;1021;315.752;49.5
Zone_4227;54213217;54214238;Node_11;1021;317.032;51.0
Zone_4228;54214238;54215259;Node_11;1021;315.683;45.2
Zone_4229;54215259;54216280;Node_11;1021;316.143;50.7
Zone_4230;54216280;54217301;Node_11;1021;313.665;55.8
Zone_4231;54217301;54218322;Node_11;1021;313.886;51.6
Zone_4232;54218322;54219343;Node_11;1021;315.552;51.4
Zone_4233;54219343;54220364;Node_11;1021;316.956;51.5
Zone_4234;54220364;54221385;Node_11;1021;315.343;53.0
Zone_4235;54221385;54222406;Node_11;1021;314.977;57.6
Zone_4236;54222406;54223427;Node_11;1021;313.881;55.9
Zone_4237;54223427;54224448;Node_11;1021;314.394;57.6
Zone_4238;54224448;54225469;Node_11;1021;314.12;49.6
Zone_4239;54225469;54226490;Node_11;1021;316.438;53.0
Zone_4240;54226490;54227511;Node_11;1021;316.674;50.0
Zone_4241;54227511;54228532;Node_11;1021;315.698;54.2
Zone_4242;54228532;54229553;Node_11;1021;316.005;62.7
Zone_4243;54229553;54230574;Node_11;1021;316.507;51.9
Zone_4244;54230574;54231595;Node_11;1021;313.799;40.6
Zone_4245;54231595;54232616;Node_11;1021;314.529;42.5
Zone_4246;54232616;54233637;Node_11;1021;314.809;69.5
Zone_4247;54233637;54234658;Node_11;1021;315.723;51.1
Zone_4248;54234658;54235679;Node_11;1021;313.541;46.0
Zone_4249;54235679;54236700;Node_11;1021;314.375;43.1
Zone_4250;54236700;54237721;Node_11;1021;315.034;42.8
Zone_4251;54237721;54238742;Node_11;1021;315.758;56.7
Zone_4252;54238742;54239763;Node_11;1021;315.228;49.9
Zone_4253;54239763;54240784;Node_11;1021;316.942;54.5
Zone_4254;54240784;54241805;Node_11;1021;314.536;58.1
Zone_4255;54241805;54242826;Node_11;1021;315.35;53.3
Zone_4256;54242826;54243847;Node_11;1021;317.186;53.5
Zone_4257;54243847;54244868;Node_11;1021;313.696;52.7
Zone_4258;54244868;54245889;Node_11;1021;316.004;54.3
Zone_4259;54245889;54246910;Node_11;1021;314.674;54.3
Zone_4260;54246910;54247931;Node_11;1021;315.207;55.6
Zone_4261;54247931;54248952;Node_11;1021;315.311;52.9
Zone_4262;54248952;54249973;Node_11;1021;315.224;46.9
Zone_4263;54249973;54250994;Node_11;1021;317.032;55.8
Zone_4264;54250994;54252015;Node_11;1021;315.954;61.8
Zone_4265;54252015;54253036;Node_11;1021;316.467;54.8
Zone_4266;54253036;54254057;Node_11;1021;315.398;52.7
Zone_4267;54254057;54255078;Node_11;1021;314.347;54.6
Zone_4268;54255078;54256099;Node_11;1021;316.855;50.0
Zone_4269;54256099;54257120;Node_11;1021;314.573;48.9
Zone_4270;54257120;54258141;Node_11;1021;316.42;49.5
Zone_4271;54258141;54259162;Node_11;1021;318.109;57.7
Zone_4272;54259162;54260183;Node_11;1021;316.254;48.7
Zone_4273;54260183;54261204;Node_11;1021;315.431;58.3
Zone_4274;54261204;54262225;Node_11;1021;316.038;51.7
Zone_4275;54262225;54263246;Node_11;1021;315.824;54.2
Zone_4276;54263246;54264267;Node_11;1021;315.361;56.0
Zone_4277;54264267;54265288;Node_11;1021;315.94;49.7
Zone_4278;54265288;54266309;Node_11;1021;316.443;56.3
Zone_4279;54266309;54267330;Node_11;1021;314.708;45.5
Zone_4280;54267330;54268351;Node_11;1021;315.065;53.6
Zone_4281;54268351;54269372;Node_11;1021;313.961;52.3
Zone_4282;54269372;54270393;Node_11;1021;316.288;52.9
Zone_4283;54270393;54271414;Node_11;1021;315.581;51.3
Zone_4284;54271414;54272435;Node_11;1021;314.707;53.4
Zone_4285;54272435;54273456;Node_11;1021;316.071;53.4
Zone_4286;54273456;54274477;Node_11;1021;316.08;59.3
Zone_4287;54274477;54275498;Node_11;1021;312.248;61.0
Zone_4288;54275498;54276519;Node_11;1021;314.776;51.8
Zone_4289;54276519;54277540;Node_11;1021;313.948;50.9
Zone_4290;54277540;54278561;Node_11;1021;315.056;48.8
Zone_4291;54278561;54279582;Node_11;1021;315.493;53.8
Zone_4292;54279582;54280603;Node_11;1021;313.999;51.5
Zone_4293;54280603;54281624;Node_11;1021;315.898;52.3
Zone_4294;54281624;54282645;Node_11;1021;315.828;52.6
Zone_4295;54282645;54283666;Node_11;1021;315.626;49.7
Zone_4296;54283666;54284687;Node_11;1021;314.19;41.0
Zone_4297;54284687;54285708;Node_11;1021;315.679;43.8
Zone_4298;54285708;54286729;Node_11;1021;314.156;50.0
Zone_4299;54286729;54287750;Node_11;1021;315.667;54.6
Zone_4300;54287750;54288771;Node_11;1021;316.554;51.9
Zone_4301;54288771;54289792;Node_11;1021;317.152;51.5
Zone_4302;54289792;54290813;Node_11;1021;315.13;56.9
Zone_4303;54290813;54291834;Node_11;1021;314.559;48.5
Zone_4304;54291834;54292855;Node_11;1021;314.861;55.8
Zone_4305;54292855;54293876;Node_11;1021;315.121;49.6
Zone_4306;54293876;54294897;Node_11;1021;315.51;50.7
Zone_4307;54294897;54295918;Node_11;1021;312.634;52.9
Zone_4308;54295918;54296939;Node_11;1021;314.338;46.7
Zone_4309;54296939;54297960;Node_11;1021;315.443;50.3
Zone_4310;54297960;54298981;Node_11;1021;314.368;54.3
Zone_4311;54298981;54300002;Node_11;1021;313.791;51.6
Zone_4312;54300002;54301023;Node_11;1021;315.517;49.0
Zone_4313;54301023;54302044;Node_11;1021;313.82;53.7
Zone_4314;54302044;54303065;Node_11;1021;314.946;49.3
Zone_4315;54303065;54304086;Node_11;1021;314.876;49.7
Zone_4316;54304086;54305107;Node_11;1021;317.931;56.7
Zone_4317;54305107;54306128;Node_11;1021;314.217;48.0
Zone_4318;54306128;54307149;Node_11;1021;314.254;49.0
Zone_4319;54307149;54308170;Node_11;1021;313.42;48.2
Zone_4320;54308170;54309191;Node_11;1021;316.383;48.5
Zone_4321;54309191;54310212;Node_11;1021;315.149;51.4
Zone_4322;54310212;54311233;Node_11;1021;315.405;51.6
Zone_4323;54311233;54312254;Node_11;1021;315.676;54.6
Zone_4324;54312254;54313275;Node_11;1021;316.244;52.8
Zone_4325;54313275;54314296;Node_11;1021;315.278;51.3
Zone_4326;54314296;54315317;Node_11;1021;315.029;49.1
Zone_4327;54315317;54316338;Node_11;1021;315.24;47.9
Zone_4328;54316338;54317359;Node_11;1021;316.33;45.2
Zone_4329;54317359;54318380;Node_11;1021;315.389;46.9
Zone_4330;54318380;54319401;Node_11;1021;314.442;50.2
Zone_4331;54319401;54320422;Node_11;1021;315.633;48.2
Zone_4332;54320422;54321443;Node_11;1021;316.828;52.0
Zone_4333;54321443;54322464;Node_11;1021;316.318;50.7
Zone_4334;54322464;54323485;Node_11;1021;314.743;48.4
Zone_4335;54323485;54324506;Node_11;1021;315.436;51.7
Zone_4336;54324506;54325527;Node_11;1021;315.726;50.6
Zone_4337;54325527;54326548;Node_11;1021;313.793;49.9
Zone_4338;54326548;54327569;Node_11;1021;315.362;50.8
Zone_4339;54327569;54328590;Node_11;1021;314.612;51.1
Zone_4340;54328590;54329611;Node_11;1021;315.314;50.2
Zone_4341;54329611;54330632;Node_11;1021;314.966;53.0
Zone_4342;54330632;54331653;Node_11;1021;314.379;47.8
Zone_4343;54331653;54332674;Node_11;1021;315.705;54.7
Zone_4344;54332674;54333695;Node_11;1021;314.33;54.2
Zone_4345;54333695;54334716;Node_11;1021;315.993;45.4
Zone_4346;54334716;54335737;Node_11;1021;314.872;49.2
Zone_4347;54335737;54336758;Node_11;1021;315.106;51.7
Zone_4348;54336758;54337779;Node_11;1021;314.363;55.0
Zone_4349;54337779;54338800;Node_11;1021;314.06;47.0
Zone_4350;54338800;54339821;Node_11;1021;315.78;43.9
Zone_4351;54339821;54340842;Node_11;1021;316.128;48.4
Zone_4352;54340842;54341863;Node_11;1021;315.344;49.1
Zone_4353;54341863;54342884;Node_11;1021;315.023;54.7
Zone_4354;54342884;54343905;Node_11;1021;315.515;52.2
Zone_4355;54343905;54344926;Node_11;1021;316.748;45.1
Zone_4356;54344926;54345947;Node_11;1021;314.705;49.6
Zone_4357;54345947;54346968;Node_11;1021;315.826;49.0
Zone_4358;54346968;54347989;Node_11;1021;315.109;44.7
Zone_4359;54347989;54349010;Node_11;1021;315.464;55.2
Zone_4360;54349010;54350031;Node_11;1021;314.665;46.0
Zone_4361;54350031;54351052;Node_11;1021;315.275;48.2
Zone_4362;54351052;54352073;Node_11;1021;315.013;47.2
Zone_4363;54352073;54353094;Node_11;1021;314.351;51.3
Zone_4364;54353094;54354115;Node_11;1021;314.381;52.3
Zone_4365;54354115;54355136;Node_11;1021;314.455;54.0
Zone_4366;54355136;54356157;Node_11;1021;314.147;51.5
Zone_4367;54356157;54357178;Node_11;1021;315.57;56.9
Zone_4368;54357178;54358199;Node_11;1021;315.185;51.9
Zone_4369;54358199;54359220;Node_11;1021;315.769;52.1
Zone_4370;54359220;54360241;Node_11;1021;315.35;43.1
Zone_4371;54360241;54361262;Node_11;1021;315.793;45.7
Zone_4372;54361262;54362283;Node_11;1021;314.741;47.1
Zone_4373;54362283;54363304;Node_11;1021;315.136;50.7
Zone_4374;54363304;54364325;Node_11;1021;314.718;41.4
Zone_4375;54364325;54365346;Node_11;1021;315.648;48.8
Zone_4376;54365346;54366367;Node_11;1021;314.173;48.7
Zone_4377;54366367;54367388;Node_11;1021;315.042;43.0
Zone_4378;54367388;54368409;Node_11;1021;316.146;45.7
Zone_4379;54368409;54369430;Node_11;1021;316.183;47.7
Zone_4380;54369430;54370451;Node_11;1021;314.762;47.3
Zone_4381;54370451;54371472;Node_11;1021;315.773;49.5
Zone_4382;54371472;54372493;Node_11;1021;314.189;52.3
Zone_4383;54372493;54373514;Node_11;1021;314.161;52.7
Zone_4384;54373514;54374535;Node_11;1021;316.18;54.2
Zone_4385;54374535;54375556;Node_11;1021;314.507;53.0
Zone_4386;54375556;54376577;Node_11;1021;315.139;56.1
Zone_4387;54376577;54377598;Node_11;1021;314.365;50.1
Zone_4388;54377598;54378619;Node_11;1021;314.603;44.3
Zone_4389;54378619;54379640;Node_11;1021;315.531;54.8
Zone_4390;54379640;54380661;Node_11;1021;314.346;58.5
Zone_4391;54380661;54381682;Node_11;1021;315.996;49.1
Zone_4392;54381682;54382703;Node_11;1021;316.601;46.0
Zone_4393;54382703;54383724;Node_11;1021;316.811;48.1
Zone_4394;54383724;54384745;Node_11;1021;315.742;52.0
Zone_4395;54384745;54385766;Node_11;1021;313.172;47.3
Zone_4396;54385766;54386787;Node_11;1021;315.055;48.5
Zone_4397;54386787;54387808;Node_11;1021;313.119;45.1
Zone_4398;54387808;54388829;Node_11;1021;314.817;46.7
Zone_4399;54388829;54389850;Node_11;1021;315.538;48.5
Zone_4400;54389850;54390871;Node_11;1021;314.569;46.1
Zone_4401;54390871;54391892;Node_11;1021;314.213;55.3
Zone_4402;54391892;54392913;Node_11;1021;314.495;48.1
Zone_4403;54392913;54393934;Node_11;1021;315.471;48.8
Zone_4404;54393934;54394955;Node_11;1021;313.777;48.1
Zone_4405;54394955;54395976;Node_11;1021;315.086;49.8
Zone_4406;54395976;54396997;Node_11;1021;315.213;48.3
Zone_4407;54396997;54398018;Node_11;1021;314.779;54.4
Zone_4408;54398018;54399039;Node_11;1021;314.563;46.3
Zone_4409;54399039;54400060;Node_11;1021;315.27;45.8
Zone_4410;54400060;54401081;Node_11;1021;314.135;43.4
Zone_4411;54401081;54402102;Node_11;1021;314.891;41.4
Zone_4412;54402102;54403123;Node_11;1021;313.749;47.1
Zone_4413;54403123;54404144;Node_11;1021;314.267;50.2
Zone_4414;54404144;54405165;Node_11;1021;315.648;53.7
Zone_4415;54405165;54406186;Node_11;1021;312.58;74.0
Zone_4416;54406186;54407207;Node_11;1021;314.249;75.3
Zone_4417;54407207;54408228;Node_11;1021;316.073;47.8
Zone_4418;54408228;54409249;Node_11;1021;315.095;49.0
Zone_4419;54409249;54410270;Node_11;1021;313.554;52.0
Zone_4420;54410270;54411291;Node_11;1021;316.492;50.0
Zone_4421;54411291;54412312;Node_11;1021;315.847;55.2
Zone_4422;54412312;54413333;Node_11;1021;315.232;43.3
Zone_4423;54413333;54414354;Node_11;1021;314.758;52.3
Zone_4424;54414354;54415375;Node_11;1021;318.125;56.1
Zone_4425;54415375;54416396;Node_11;1021;316.002;53.6
Zone_4426;54416396;54417417;Node_11;1021;313.062;50.7
Zone_4427;54417417;54418438;Node_11;1021;314.31;52.0
Zone_4428;54418438;54419459;Node_11;1021;315.256;43.6
Zone_4429;54419459;54420480;Node_11;1021;315.949;51.2
Zone_4430;54420480;54421501;Node_11;1021;315.307;51.1
Zone_4431;54421501;54422522;Node_11;1021;315.329;44.0
Zone_4432;54422522;54423543;Node_11;1021;316.807;46.8
Zone_4433;54423543;54424564;Node_11;1021;313.921;52.5
Zone_4434;54424564;54425585;Node_11;1021;315.486;47.8
Zone_4435;54425585;54426606;Node_11;1021;315.146;45.4
Zone_4436;54426606;54427627;Node_11;1021;315.913;39.3
Zone_4437;54427627;54428648;Node_11;1021;316.004;48.2
Zone_4438;54428648;54429669;Node_11;1021;316.989;48.1
Zone_4439;54429669;54430690;Node_11;1021;316.458;52.3
Zone_4440;54430690;54431711;Node_11;1021;316.089;51.5
Zone_4441;54431711;54432732;Node_11;1021;315.96;50.6
Zone_4442;54432732;54433753;Node_11;1021;316.856;45.9
Zone_4443;54433753;54434774;Node_11;1021;317.655;50.4
Zone_4444;54434774;54435795;Node_11;1021;314.483;43.5
Zone_4445;54435795;54436816;Node_11;1021;313.966;48.3
Zone_4446;54436816;54437837;Node_11;1021;315.531;45.2
Zone_4447;54437837;54438858;Node_11;1021;315.311;40.0
Zone_4448;54438858;54439879;Node_11;1021;315.516;45.9
Zone_4449;54439879;54440900;Node_11;1021;316.129;50.0
Zone_4450;54440900;54441921;Node_11;1021;315.424;48.2
Zone_4451;54441921;54442942;Node_11;1021;314.24;47.6
Zone_4452;54442942;54443963;Node_11;1021;314.224;38.8
Zone_4453;54443963;54444984;Node_11;1021;314.505;44.3
Zone_4454;54444984;54446005;Node_11;1021;315.647;39.6
Zone_4455;54446005;54447026;Node_11;1021;315.146;36.7
Zone_4456;54447026;54448047;Node_11;1021;314.073;39.9
Zone_4457;54448047;54449068;Node_11;1021;314.846;50.5
Zone_4458;54449068;54450089;Node_11;1021;313.382;48.7
Zone_4459;54450089;54451110;Node_11;1021;315.662;38.3
Zone_4460;54451110;54452131;Node_11;1021;316.989;39.2
Zone_4461;54452131;54453152;Node_11;1021;314.44;45.8
Zone_4462;54453152;54454173;Node_11;1021;313.4;47.4
Zone_4463;54454173;54455194;Node_11;1021;314.28;46.5
Zone_4464;54455194;54456215;Node_11;1021;317.112;46.5
Zone_4465;54456215;54457236;Node_11;1021;314.8;51.8
Zone_4466;54457236;54458257;Node_11;1021;316.532;51.2
Zone_4467;54458257;54459278;Node_11;1021;324.883;58.0
Zone_4468;54459278;54460299;Node_11;1021;314.751;55.0
Zone_4469;54460299;54461320;Node_11;1021;315.64;50.9
Zone_4470;54461320;54462341;Node_11;1021;316.836;55.9
Zone_4471;54462341;54463362;Node_11;1021;313.545;54.3
Zone_4472;54463362;54464383;Node_11;1021;315.885;56.0
Zone_4473;54464383;54465404;Node_11;1021;314.912;54.9
Zone_4474;54465404;54466425;Node_11;1021;315.468;54.2
Zone_4475;54466425;54467446;Node_11;1021;315.569;44.9
Zone_4476;54467446;54468467;Node_11;1021;316.824;49.1
Zone_4477;54468467;54469488;Node_11;1021;316.585;52.2
Zone_4478;54469488;54470509;Node_11;1021;314.808;46.1
Zone_4479;54470509;54471530;Node_11;1021;317.464;51.0
Zone_4480;54471530;54472551;Node_11;1021;314.388;53.0
Zone_4481;54472551;54473572;Node_11;1021;317.123;55.2
Zone_4482;54473572;54474593;Node_11;1021;312.14;50.1
Zone_4483;54474593;54475614;Node_11;1021;316.862;65.7
Zone_4484;54475614;54476635;Node_11;1021;313.1;59.1
Zone_4485;54476635;54477656;Node_11;1021;314.974;50.3
Zone_4486;54477656;54478677;Node_11;1021;314.083;47.4
Zone_4487;54478677;54479698;Node_11;1021;314.762;51.4
Zone_4488;54479698;54480719;Node_11;1021;313.369;53.9
Zone_4489;54480719;54481740;Node_11;1021;316.846;47.9
Zone_4490;54481740;54482761;Node_11;1021;314.07;51.4
Zone_4491;54482761;54483782;Node_11;1021;315.09;48.3
Zone_4492;54483782;54484803;Node_11;1021;318.487;49.6
Zone_4493;54484803;54485824;Node_11;1021;314.426;50.7
Zone_4494;54485824;54486845;Node_11;1021;312.151;50.8
Zone_4495;54486845;54487866;Node_11;1021;316.791;49.2
Zone_4496;54487866;54488887;Node_11;1021;314.735;60.5
Zone_4497;54488887;54489908;Node_11;1021;317.04;62.0
Zone_4498;54489908;54490929;Node_11;1021;314.511;59.1
Zone_4499;54490929;54491950;Node_11;1021;315.565;56.6
Zone_4500;54491950;54492971;Node_11;1021;314.436;49.3
Zone_4501;54492971;54493992;Node_11;1021;314.947;46.9
Zone_4502;54493992;54495013;Node_11;1021;317.349;47.3
Zone_4503;54495013;54496034;Node_11;1021;315.325;49.6
Zone_4504;54496034;54497055;Node_11;1021;315.853;46.6
Zone_4505;54497055;54498076;Node_11;1021;315.914;45.2
Zone_4506;54498076;54499097;Node_11;1021;316.024;55.4
Zone_4507;54499097;54500118;Node_11;1021;315.791;63.6
Zone_4508;54500118;54501139;Node_11;1021;315.092;51.5
Zone_4509;54501139;54502160;Node_11;1021;313.494;53.3
Zone_4510;54502160;54503181;Node_11;1021;315.064;47.5
Zone_4511;54503181;54504202;Node_11;1021;315.981;48.3
Zone_4512;54504202;54505223;Node_11;1021;317.14;53.7
Zone_4513;54505223;54506244;Node_11;1021;316.578;51.8
Zone_4514;54506244;54507265;Node_11;1021;317.749;55.0
Zone_4515;54507265;54508286;Node_11;1021;316.652;53.6
Zone_4516;54508286;54509307;Node_11;1021;314.043;50.2
Zone_4517;54509307;54510328;Node_11;1021;315.742;49.6
Zone_4518;54510328;54511349;Node_11;1021;316.734;50.2
Zone_4519;54511349;54512370;Node_11;1021;315.46;49.1
Zone_4520;54512370;54513391;Node_11;1021;316.952;46.6
Zone_4521;54513391;54514412;Node_11;1021;315.871;52.6
Zone_4522;54514412;54515433;Node_11;1021;316.948;52.5
Zone_4523;54515433;54516454;Node_11;1021;316.32;47.4
Zone_4524;54516454;54517475;Node_11;1021;315.657;49.0
Zone_4525;54517475;54518496;Node_11;1021;315.518;50.0
Zone_4526;54518496;54519517;Node_11;1021;318.342;47.7
Zone_4527;54519517;54520538;Node_11;1021;314.967;51.5
Zone_4528;54520538;54521559;Node_11;1021;316.244;39.9
Zone_4529;54521559;54522580;Node_11;1021;316.941;44.5
Zone_4530;54522580;54523601;Node_11;1021;316.671;43.5
Zone_4531;54523601;54524622;Node_11;1021;317.322;39.7
Zone_4532;54524622;54525643;Node_11;1021;317.055;37.0
Zone_4533;54525643;54526664;Node_11;1021;315.472;43.6
Zone_4534;54526664;54527685;Node_11;1021;315.509;46.0
Zone_4535;54527685;54528706;Node_11;1021;317.157;41.4
Zone_4536;54528706;54529727;Node_11;1021;314.925;48.4
Zone_4537;54529727;54530748;Node_11;1021;314.211;44.3
Zone_4538;54530748;54531769;Node_11;1021;315.89;46.1
Zone_4539;54531769;54532790;Node_11;1021;317.914;40.5
Zone_4540;54532790;54533811;Node_11;1021;316.062;44.6
Zone_4541;54533811;54534832;Node_11;1021;315.748;41.5
Zone_4542;54534832;54535853;Node_11;1021;317.218;38.1
Zone_4543;54535853;54536874;Node_11;1021;315.839;33.0
Zone_4544;54536874;54537895;Node_11;1021;318.216;45.7
Zone_4545;54537895;54538916;Node_11;1021;316.205;40.4
Zone_4546;54538916;54539937;Node_11;1021;316.633;37.2
Zone_4547;54539937;54540958;Node_11;1021;316.737;45.9
Zone_4548;54540958;54541979;Node_11;1021;314.091;52.4
Zone_4549;54541979;54543000;Node_11;1021;315.719;70.1
Zone_4550;54543000;54544021;Node_11;1021;315.978;51.4
Zone_4551;54544021;54545042;Node_11;1021;316.361;48.0
Zone_4552;54545042;54546063;Node_11;1021;317.153;54.3
Zone_4553;54546063;54547084;Node_11;1021;315.135;52.8
Zone_4554;54547084;54548105;Node_11;1021;316.074;59.4
Zone_4555;54548105;54549126;Node_11;1021;317.571;56.5
Zone_4556;54549126;54550147;Node_11;1021;313.83;52.9
Zone_4557;54550147;54551168;Node_11;1021;316.344;50.7
Zone_4558;54551168;54552189;Node_11;1021;315.426;53.1
Zone_4559;54552189;54553210;Node_11;1021;315.252;50.0
Zone_4560;54553210;54554231;Node_11;1021;315.475;42.4
Zone_4561;54554231;54555252;Node_11;1021;314.802;44.5
Zone_4562;54555252;54556273;Node_11;1021;314.414;39.3
Zone_4563;54556273;54557294;Node_11;1021;315.137;43.7
Zone_4564;54557294;54558315;Node_11;1021;315.217;39.1
Zone_4565;54558315;54559336;Node_11;1021;316.087;56.3
Zone_4566;54559336;54560357;Node_11;1021;316.073;53.2
Zone_4567;54560357;54561378;Node_11;1021;315.006;46.9
Zone_4568;54561378;54562399;Node_11;1021;315.17;72.4
Zone_4569;54562399;54563420;Node_11;1021;315.541;66.2
Zone_4570;54563420;54564441;Node_11;1021;316.929;49.3
Zone_4571;54564441;54565462;Node_11;1021;316.514;56.1
Zone_4572;54565462;54566483;Node_11;1021;314.002;50.8
Zone_4573;54566483;54567504;Node_11;1021;315.094;46.9
Zone_4574;54567504;54568525;Node_11;1021;311.379;53.0
Zone_4575;54568525;54569546;Node_11;1021;314.457;49.6
Zone_4576;54569546;54570567;Node_11;1021;314.578;47.1
Zone_4577;54570567;54571588;Node_11;1021;314.313;49.4
Zone_4578;54571588;54572609;Node_11;1021;316.32;59.5
Zone_4579;54572609;54573630;Node_11;1021;317.005;51.1
Zone_4580;54573630;54574651;Node_11;1021;315.937;51.5
Zone_4581;54574651;54575672;Node_11;1021;314.968;52.9
Zone_4582;54575672;54576693;Node_11;1021;318.455;49.9
Zone_4583;54576693;54577714;Node_11;1021;314.761;35.7
Zone_4584;54577714;54578735;Node_11;1021;314.361;48.2
Zone_4585;54578735;54579756;Node_11;1021;316.046;45.8
Zone_4586;54579756;54580777;Node_11;1021;313.914;50.0
Zone_4587;54580777;54581798;Node_11;1021;317.443;58.7
Zone_4588;54581798;54582819;Node_11;1021;316.161;57.5
Zone_4589;54582819;54583840;Node_11;1021;314.537;54.8
Zone_4590;54583840;54584861;Node_11;1021;315.301;56.9
Zone_4591;54584861;54585882;Node_11;1021;316.348;57.5
Zone_4592;54585882;54586903;Node_11;1021;315.078;52.8
Zone_4593;54586903;54587924;Node_11;1021;315.212;50.0
Zone_4594;54587924;54588945;Node_11;1021;317.595;49.6
Zone_4595;54588945;54589966;Node_11;1021;314.489;41.9
Zone_4596;54589966;54590987;Node_11;1021;316.382;47.1
Zone_4597;54590987;54592008;Node_11;1021;314.586;50.7
Zone_4598;54592008;54593029;Node_11;1021;316.313;56.8
Zone_4599;54593029;54594050;Node_11;1021;315.203;52.4
Zone_4600;54594050;54595071;Node_11;1021;315.957;58.6
Zone_4601;54595071;54596092;Node_11;1021;315.521;46.6
Zone_4602;54596092;54597113;Node_11;1021;314.08;53.4
Zone_4603;54597113;54598134;Node_11;1021;313.09;52.3
Zone_4604;54598134;54599155;Node_11;1021;317.483;52.2
Zone_4605;54599155;54600176;Node_11;1021;313.99;47.7
Zone_4606;54600176;54601197;Node_11;1021;316.323;47.9
Zone_4607;54601197;54602218;Node_11;1021;316.348;62.4
Zone_4608;54602218;54603239;Node_12;1021;316.728;55.1
Zone_4609;54603239;54604260;Node_12;1021;315.406;55.8
Zone_4610;54604260;54605281;Node_12;1021;314.393;56.1
Zone_4611;54605281;54606302;Node_12;1021;316.688;46.8
Zone_4612;54606302;54607323;Node_12;1021;316.298;55.4
Zone_4613;54607323;54608344;Node_12;1021;314.74;59.2
Zone_4614;54608344;54609365;Node_12;1021;314.443;58.4
Zone_4615;54609365;54610386;Node_12;1021;315.898;58.9
Zone_4616;54610386;54611407;Node_12;1021;316.266;52.7
Zone_4617;54611407;54612428;Node_12;1021;316.427;56.2
Zone_4618;54612428;54613449;Node_12;1021;315.801;53.5
Zone_4619;54613449;54614470;Node_12;1021;315.862;43.8
Zone_4620;54614470;54615491;Node_12;1021;318.881;53.6
Zone_4621;54615491;54616512;Node_12;1021;316.602;51.4
Zone_4622;54616512;54617533;Node_12;1021;314.039;45.2
Zone_4623;54617533;54618554;Node_12;1021;314.12;49.1
Zone_4624;54618554;54619575;Node_12;1021;315.894;48.1
Zone_4625;54619575;54620596;Node_12;1021;316.236;53.9
Zone_4626;54620596;54621617;Node_12;1021;317.339;49.5
Zone_4627;54621617;54622638;Node_12;1021;318.204;52.8
Zone_4628;54622638;54623659;Node_12;1021;316.45;55.3
Zone_4629;54623659;54624680;Node_12;1021;318.128;54.6
Zone_4630;54624680;54625701;Node_12;1021;317.99;54.7
Zone_4631;54625701;54626722;Node_12;1021;316.372;45.4
Zone_4632;54626722;54627743;Node_12;1021;315.702;50.5
Zone_4633;54627743;54628764;Node_12;1021;317.17;53.7
Zone_4634;54628764;54629785;Node_12;1021;315.799;48.5
Zone_4635;54629785;54630806;Node_12;1021;314.553;49.3
Zone_4636;54630806;54631827;Node_12;1021;316.656;46.0
Zone_4637;54631827;54632848;Node_12;1021;316.605;44.6
Zone_4638;54632848;54633869;Node_12;1021;315.61;38.2
Zone_4639;54633869;54634890;Node_12;1021;315.701;38.8
Zone_4640;54634890;54635911;Node_12;1021;315.837;41.2
Zone_4641;54635911;54636932;Node_12;1021;315.863;45.8
Zone_4642;54636932;54637953;Node_12;1021;316.523;46.5
Zone_4643;54637953;54638974;Node_12;1021;315.866;44.0
Zone_4644;54638974;54639995;Node_12;1021;317.582;40.9
Zone_4645;54639995;54641016;Node_12;1021;318.17;50.2
Zone_4646;54641016;54642037;Node_12;1021;316.01;49.0
Zone_4647;54642037;54643058;Node_12;1021;316.18;47.1
Zone_4648;54643058;54644079;Node_12;1021;316.982;42.1
Zone_4649;54644079;54645100;Node_12;1021;313.604;46.5
Zone_4650;54645100;54646121;Node_12;1021;314.437;45.7
Zone_4651;54646121;54647142;Node_12;1021;315.258;43.0
Zone_4652;54647142;54648163;Node_12;1021;316.348;43.5
Zone_4653;54648163;54649184;Node_12;1021;315.951;45.2
Zone_4654;54649184;54650205;Node_12;1021;316.566;50.0
Zone_4655;54650205;54651226;Node_12;1021;312.698;45.6
Zone_4656;54651226;54652247;Node_12;1021;317.462;51.7
Zone_4657;54652247;54653268;Node_12;1021;316.087;51.9
Zone_4658;54653268;54654289;Node_12;1021;314.181;52.2
Zone_4659;54654289;54655310;Node_12;1021;314.827;45.8
Zone_4660;54655310;54656331;Node_12;1021;314.295;44.9
Zone_4661;54656331;54657352;Node_12;1021;315.178;45.9
Zone_4662;54657352;54658373;Node_12;1021;313.519;42.9
Zone_4663;54658373;54659394;Node_12;1021;315.022;40.8
Zone_4664;54659394;54660415;Node_12;1021;315.402;42.6
Zone_4665;54660415;54661436;Node_12;1021;315.664;40.1
Zone_4666;54661436;54662457;Node_12;1021;315.678;48.9
Zone_4667;54662457;54663478;Node_12;1021;314.643;39.6
Zone_4668;54663478;54664499;Node_12;1021;315.71;50.0
Zone_4669;54664499;54665520;Node_12;1021;316.444;51.7
Zone_4670;54665520;54666541;Node_12;1021;316.728;50.2
Zone_4671;54666541;54667562;Node_12;1021;315.528;45.9
Zone_4672;54667562;54668583;Node_12;1021;315.278;44.8
Zone_4673;54668583;54669604;Node_12;1021;315.51;49.4
Zone_4674;54669604;54670625;Node_12;1021;315.771;50.8
Zone_4675;54670625;54671646;Node_12;1021;315.748;59.2
Zone_4676;54671646;54672667;Node_12;1021;319.074;50.3
Zone_4677;54672667;54673688;Node_12;1021;314.254;52.0
Zone_4678;54673688;54674709;Node_12;1021;315.624;48.6
Zone_4679;54674709;54675730;Node_12;1021;314.587;47.5
Zone_4680;54675730;54676751;Node_12;1021;314.96;43.0
Zone_4681;54676751;54677772;Node_12;1021;315.213;52.2
Zone_4682;54677772;54678793;Node_12;1021;317.22;41.3
Zone_4683;54678793;54679814;Node_12;1021;315.411;59.5
Zone_4684;54679814;54680835;Node_12;1021;314.488;56.8
Zone_4685;54680835;54681856;Node_12;1021;315.599;50.0
Zone_4686;54681856;54682877;Node_12;1021;314.002;50.3
Zone_4687;54682877;54683898;Node_12;1021;313.908;50.2
Zone_4688;54683898;54684919;Node_12;1021;314.688;43.9
Zone_4689;54684919;54685940;Node_12;1021;314.939;54.3
Zone_4690;54685940;54686961;Node_12;1021;314.46;50.1
Zone_4691;54686961;54687982;Node_12;1021;314.309;42.8
Zone_4692;54687982;54689003;Node_12;1021;316.641;48.6
Zone_4693;54689003;54690024;Node_12;1021;317.15;51.4
Zone_4694;54690024;54691045;Node_12;1021;316.087;50.7
Zone_4695;54691045;54692066;Node_12;1021;315.425;45.9
Zone_4696;54692066;54693087;Node_12;1021;316.871;52.1
Zone_4697;54693087;54694108;Node_12;1021;315.722;49.1
Zone_4698;54694108;54695129;Node_12;1021;315.065;52.5
Zone_4699;54695129;54696150;Node_12;1021;315.199;52.6
Zone_4700;54696150;54697171;Node_12;1021;313.37;40.6
Zone_4701;54697171;54698192;Node_12;1021;315.386;52.3
Zone_4702;54698192;54699213;Node_12;1021;314.642;50.9
Zone_4703;54699213;54700234;Node_12;1021;315.85;55.1
Zone_4704;54700234;54701255;Node_12;1021;316.375;52.4
Zone_4705;54701255;54702276;Node_12;1021;315.735;55.1
Zone_4706;54702276;54703297;Node_12;1021;313.045;47.0
Zone_4707;54703297;54704318;Node_12;1021;315.621;48.8
Zone_4708;54704318;54705339;Node_12;1021;314.248;48.7
Zone_4709;54705339;54706360;Node_12;1021;316.363;49.5
Zone_4710;54706360;54707381;Node_12;1021;314.535;49.2
Zone_4711;54707381;54708402;Node_12;1021;316.664;43.9
Zone_4712;54708402;54709423;Node_12;1021;316.19;51.2
Zone_4713;54709423;54710444;Node_12;1021;315.794;53.0
Zone_4714;54710444;54711465;Node_12;1021;316.594;51.4
Zone_4715;54711465;54712486;Node_12;1021;317.762;48.5
Zone_4716;54712486;54713507;Node_12;1021;318.207;50.9
Zone_4717;54713507;54714528;Node_12;1021;315.508;50.7
Zone_4718;54714528;54715549;Node_12;1021;312.434;55.1
Zone_4719;54715549;54716570;Node_12;1021;316.636;55.0
Zone_4720;54716570;54717591;Node_12;1021;315.662;36.4
Zone_4721;54717591;54718612;Node_12;1021;316.478;43.4
Zone_4722;54718612;54719633;Node_12;1021;314.727;41.3
Zone_4723;54719633;54720654;Node_12;1021;314.676;35.5
Zone_4724;54720654;54721675;Node_12;1021;314.636;31.9
Zone_4725;54721675;54722696;Node_12;1021;315.702;40.1
Zone_4726;54722696;54723717;Node_12;1021;315.905;39.7
Zone_4727;54723717;54724738;Node_12;1021;315.916;40.7
Zone_4728;54724738;54725759;Node_12;1021;316.725;40.8
Zone_4729;54725759;54726780;Node_12;1021;316.784;32.3
Zone_4730;54726780;54727801;Node_12;1021;316.03;37.6
Zone_4731;54727801;54728822;Node_12;1021;315.576;41.4
Zone_4732;54728822;54729843;Node_12;1021;315.375;39.7
Zone_4733;54729843;54730864;Node_12;1021;313.95;39.5
Zone_4734;54730864;54731885;Node_12;1021;315.486;43.8
Zone_4735;54731885;54732906;Node_12;1021;316.101;44.5
Zone_4736;54732906;54733927;Node_12;1021;316.459;39.9
Zone_4737;54733927;54734948;Node_12;1021;314.174;42.6
Zone_4738;54734948;54735969;Node_12;1021;314.659;39.9
Zone_4739;54735969;54736990;Node_12;1021;314.822;48.5
Zone_4740;54736990;54738011;Node_12;1021;314.597;50.2
Zone_4741;54738011;54739032;Node_12;1021;314.037;51.8
Zone_4742;54739032;54740053;Node_12;1021;316.094;44.8
Zone_4743;54740053;54741074;Node_12;1021;314.907;47.9
Zone_4744;54741074;54742095;Node_12;1021;315.254;47.1
Zone_4745;54742095;54743116;Node_12;1021;316.151;49.6
Zone_4746;54743116;54744137;Node_12;1021;317.024;55.0
Zone_4747;54744137;54745158;Node_12;1021;315.707;54.3
Zone_4748;54745158;54746179;Node_12;1021;316.154;54.0
Zone_4749;54746179;54747200;Node_12;1021;314.736;47.8
Zone_4750;54747200;54748221;Node_12;1021;313.608;54.8
Zone_4751;54748221;54749242;Node_12;1021;315.247;57.5
Zone_4752;54749242;54750263;Node_12;1021;314.055;50.4
Zone_4753;54750263;54751284;Node_12;1021;314.251;51.1
Zone_4754;54751284;54752305;Node_12;1021;315.183;42.0
Zone_4755;54752305;54753326;Node_12;1021;314.299;46.9
Zone_4756;54753326;54754347;Node_12;1021;315.675;53.4
Zone_4757;54754347;54755368;Node_12;1021;314.589;64.2
Zone_4758;54755368;54756389;Node_12;1021;316.254;50.6
Zone_4759;54756389;54757410;Node_12;1021;316.227;45.5
Zone_4760;54757410;54758431;Node_12;1021;316.153;52.8
Zone_4761;54758431;54759452;Node_12;1021;315.325;53.6
Zone_4762;54759452;54760473;Node_12;1021;314.378;48.3
Zone_4763;54760473;54761494;Node_12;1021;312.1;52.8
Zone_4764;54761494;54762515;Node_12;1021;314.402;48.0
Zone_4765;54762515;54763536;Node_12;1021;313.955;42.4
Zone_4766;54763536;54764557;Node_12;1021;313.797;52.3
Zone_4767;54764557;54765578;Node_12;1021;315.923;45.7
Zone_4768;54765578;54766599;Node_12;1021;316.694;50.2
Zone_4769;54766599;54767620;Node_12;1021;314.766;46.1
Zone_4770;54767620;54768641;Node_12;1021;316.806;53.5
Zone_4771;54768641;54769662;Node_12;1021;314.058;47.5
Zone_4772;54769662;54770683;Node_12;1021;313.797;45.0
Zone_4773;54770683;54771704;Node_12;1021;314.61;46.0
Zone_4774;54771704;54772725;Node_12;1021;314.791;47.2
Zone_4775;54772725;54773746;Node_12;1021;316.356;44.3
Zone_4776;54773746;54774767;Node_12;1021;314.94;50.3
Zone_4777;54774767;54775788;Node_12;1021;316.077;47.8
Zone_4778;54775788;54776809;Node_12;1021;316.557;51.5
Zone_4779;54776809;54777830;Node_12;1021;316.005;49.8
Zone_4780;54777830;54778851;Node_12;1021;316.706;50.2
Zone_4781;54778851;54779872;Node_12;1021;317.578;44.7
Zone_4782;54779872;54780893;Node_12;1021;316.98;52.2
Zone_4783;54780893;54781914;Node_12;1021;313.338;65.7
Zone_4784;54781914;54782935;Node_12;1021;315.186;48.3
Zone_4785;54782935;54783956;Node_12;1021;317.058;44.2
Zone_4786;54783956;54784977;Node_12;1021;317.106;47.0
Zone_4787;54784977;54785998;Node_12;1021;316.234;48.4
Zone_4788;54785998;54787019;Node_12;1021;316.243;54.0
Zone_4789;54787019;54788040;Node_12;1021;316.714;59.3
Zone_4790;54788040;54789061;Node_12;1021;313.304;54.8
Zone_4791;54789061;54790082;Node_12;1021;318.424;54.8
Zone_4792;54790082;54791103;Node_12;1021;315.682;49.6
Zone_4793;54791103;54792124;Node_12;1021;315.171;53.1
Zone_4794;54792124;54793145;Node_12;1021;315.319;50.4
Zone_4795;54793145;54794166;Node_12;1021;315.833;47.5
Zone_4796;54794166;54795187;Node_12;1021;315.695;49.1
Zone_4797;54795187;54796208;Node_12;1021;315.346;51.9
Zone_4798;54796208;54797229;Node_12;1021;316.625;49.5
Zone_4799;54797229;54798250;Node_12;1021;315.195;49.6
Zone_4800;54798250;54799271;Node_12;1021;314.467;49.7
Zone_4801;54799271;54800292;Node_12;1021;315.349;53.2
Zone_4802;54800292;54801313;Node_12;1021;316.545;68.1
Zone_4803;54801313;54802334;Node_12;1021;314.217;52.4
Zone_4804;54802334;54803355;Node_12;1021;314.977;40.8
Zone_4805;54803355;54804376;Node_12;1021;316.438;49.2
Zone_4806;54804376;54805397;Node_12;1021;315.929;50.6
Zone_4807;54805397;54806418;Node_12;1021;315.328;60.4
Zone_4808;54806418;54807439;Node_12;1021;315.278;54.1
Zone_4809;54807439;54808460;Node_12;1021;316.348;53.7
Zone_4810;54808460;54809481;Node_12;1021;317.005;55.4
Zone_4811;54809481;54810502;Node_12;1021;314.549;49.4
Zone_4812;54810502;54811523;Node_12;1021;314.261;55.9
Zone_4813;54811523;54812544;Node_12;1021;315.651;58.6
Zone_4814;54812544;54813565;Node_12;1021;315.804;49.4
Zone_4815;54813565;54814586;Node_12;1021;315.862;55.8
Zone_4816;54814586;54815607;Node_12;1021;314.41;54.4
Zone_4817;54815607;54816628;Node_12;1021;313.64;52.5
Zone_4818;54816628;54817649;Node_12;1021;315.888;50.3
Zone_4819;54817649;54818670;Node_12;1021;314.08;37.5
Zone_4820;54818670;54819691;Node_12;1021;314.452;49.8
Zone_4821;54819691;54820712;Node_12;1021;309.904;42.6
Zone_4822;54820712;54821733;Node_12;1021;314.422;37.8
Zone_4823;54821733;54822754;Node_12;1021;313.803;41.8
Zone_4824;54822754;54823775;Node_12;1021;314.53;33.4
Zone_4825;54823775;54824796;Node_12;1021;314.291;37.8
Zone_4826;54824796;54825817;Node_12;1021;316.028;47.7
Zone_4827;54825817;54826838;Node_12;1021;317.104;58.7
Zone_4828;54826838;54827859;Node_12;1021;314.804;45.2
Zone_4829;54827859;54828880;Node_12;1021;316.29;39.4
Zone_4830;54828880;54829901;Node_12;1021;315.309;38.0
Zone_4831;54829901;54830922;Node_12;1021;314.138;44.1
Zone_4832;54830922;54831943;Node_12;1021;316.692;39.5
Zone_4833;54831943;54832964;Node_12;1021;315.971;37.2
Zone_4834;54832964;54833985;Node_12;1021;315.11;49.7
Zone_4835;54833985;54835006;Node_12;1021;314.932;37.8
Zone_4836;54835006;54836027;Node_12;1021;315.156;46.3
Zone_4837;54836027;54837048;Node_12;1021;317.337;54.4
Zone_4838;54837048;54838069;Node_12;1021;316.023;48.7
Zone_4839;54838069;54839090;Node_12;1021;316.626;48.7
Zone_4840;54839090;54840111;Node_12;1021;315.443;46.0
Zone_4841;54840111;54841132;Node_12;1021;316.0;40.6
Zone_4842;54841132;54842153;Node_12;1021;316.875;48.4
Zone_4843;54842153;54843174;Node_12;1021;315.788;48.5
Zone_4844;54843174;54844195;Node_12;1021;316.516;43.4
Zone_4845;54844195;54845216;Node_12;1021;315.683;46.6
Zone_4846;54845216;54846237;Node_12;1021;314.636;48.7
Zone_4847;54846237;54847258;Node_12;1021;315.446;52.2
Zone_4848;54847258;54848279;Node_12;1021;315.326;42.2
Zone_4849;54848279;54849300;Node_12;1021;315.161;49.5
Zone_4850;54849300;54850321;Node_12;1021;314.137;49.5
Zone_4851;54850321;54851342;Node_12;1021;315.804;50.6
Zone_4852;54851342;54852363;Node_12;1021;316.07;57.0
Zone_4853;54852363;54853384;Node_12;1021;315.534;52.4
Zone_4854;54853384;54854405;Node_12;1021;315.826;57.5
Zone_4855;54854405;54855426;Node_12;1021;314.959;53.9
Zone_4856;54855426;54856447;Node_12;1021;315.066;51.4
Zone_4857;54856447;54857468;Node_12;1021;314.58;44.3
Zone_4858;54857468;54858489;Node_12;1021;315.582;48.2
Zone_4859;54858489;54859510;Node_12;1021;314.511;46.0
Zone_4860;54859510;54860531;Node_12;1021;312.469;49.4
Zone_4861;54860531;54861552;Node_12;1021;314.304;51.1
Zone_4862;54861552;54862573;Node_12;1021;311.258;50.7
Zone_4863;54862573;54863594;Node_12;1021;313.739;50.0
Zone_4864;54863594;54864615;Node_12;1021;316.838;35.7
Zone_4865;54864615;54865636;Node_12;1021;314.237;52.6
Zone_4866;54865636;54866657;Node_12;1021;314.339;51.9
Zone_4867;54866657;54867678;Node_12;1021;315.189;54.3
Zone_4868;54867678;54868699;Node_12;1021;316.238;47.0
Zone_4869;54868699;54869720;Node_12;1021;316.562;42.6
Zone_4870;54869720;54870741;Node_12;1021;315.467;41.5
Zone_4871;54870741;54871762;Node_12;1021;315.131;48.7
Zone_4872;54871762;54872783;Node_12;1021;314.332;50.9
Zone_4873;54872783;54873804;Node_12;1021;314.985;43.6
Zone_4874;54873804;54874825;Node_12;1021;315.218;38.5
Zone_4875;54874825;54875846;Node_12;1021;317.639;48.7
Zone_4876;54875846;54876867;Node_12;1021;315.433;47.8
Zone_4877;54876867;54877888;Node_12;1021;316.489;43.3
Zone_4878;54877888;54878909;Node_12;1021;316.723;44.3
Zone_4879;54878909;54879930;Node_12;1021;316.36;36.5
Zone_4880;54879930;54880951;Node_12;1021;316.347;38.7
Zone_4881;54880951;54881972;Node_12;1021;316.338;40.4
Zone_4882;54881972;54882993;Node_12;1021;317.013;37.0
Zone_4883;54882993;54884014;Node_12;1021;314.63;48.1
Zone_4884;54884014;54885035;Node_12;1021;316.432;45.5
Zone_4885;54885035;54886056;Node_12;1021;316.871;52.1
Zone_4886;54886056;54887077;Node_12;1021;312.733;60.0
Zone_4887;54887077;54888098;Node_12;1021;316.356;64.3
Zone_4888;54888098;54889119;Node_12;1021;314.581;40.3
Zone_4889;54889119;54890140;Node_12;1021;315.545;40.9
Zone_4890;54890140;54891161;Node_12;1021;316.283;40.0
Zone_4891;54891161;54892182;Node_12;1021;316.907;43.8
Zone_4892;54892182;54893203;Node_12;1021;316.931;35.6
Zone_4893;54893203;54894224;Node_12;1021;314.706;41.9
Zone_4894;54894224;54895245;Node_12;1021;314.827;43.3
Zone_4895;54895245;54896266;Node_12;1021;315.957;41.6
Zone_4896;54896266;54897287;Node_12;1021;316.122;42.0
Zone_4897;54897287;54898308;Node_12;1021;315.591;42.9
Zone_4898;54898308;54899329;Node_12;1021;319.015;41.7
Zone_4899;54899329;54900350;Node_12;1021;319.804;45.4
Zone_4900;54900350;54901371;Node_12;1021;319.401;49.6
Zone_4901;54901371;54902392;Node_12;1021;319.652;45.9
Zone_4902;54902392;54903413;Node_12;1021;319.604;51.5
Zone_4903;54903413;54904434;Node_12;1021;314.878;46.1
Zone_4904;54904434;54905455;Node_12;1021;315.988;39.5
Zone_4905;54905455;54906476;Node_12;1021;315.357;45.9
Zone_4906;54906476;54907497;Node_12;1021;315.653;50.2
Zone_4907;54907497;54908518;Node_12;1021;317.782;44.0
Zone_4908;54908518;54909539;Node_12;1021;320.104;45.3
Zone_4909;54909539;54910560;Node_12;1021;318.73;45.5
Zone_4910;54910560;54911581;Node_12;1021;316.842;50.5
Zone_4911;54911581;54912602;Node_12;1021;316.592;45.8
Zone_4912;54912602;54913623;Node_12;1021;317.252;45.6
Zone_4913;54913623;54914644;Node_12;1021;316.315;45.5
Zone_4914;54914644;54915665;Node_12;1021;316.53;48.7
Zone_4915;54915665;54916686;Node_12;1021;314.825;44.3
Zone_4916;54916686;54917707;Node_12;1021;315.006;43.4
Zone_4917;54917707;54918728;Node_12;1021;315.897;46.2
Zone_4918;54918728;54919749;Node_12;1021;316.371;49.8
Zone_4919;54919749;54920770;Node_12;1021;313.338;40.9
Zone_4920;54920770;54921791;Node_12;1021;314.013;46.8
Zone_4921;54921791;54922812;Node_12;1021;315.432;39.4
Zone_4922;54922812;54923833;Node_12;1021;313.481;47.5
Zone_4923;54923833;54924854;Node_12;1021;315.231;46.5
Zone_4924;54924854;54925875;Node_12;1021;313.74;48.9
Zone_4925;54925875;54926896;Node_12;1021;317.16;48.6
Zone_4926;54926896;54927917;Node_12;1021;315.347;41.5
Zone_4927;54927917;54928938;Node_12;1021;315.453;45.5
Zone_4928;54928938;54929959;Node_12;1021;315.52;39.7
Zone_4929;54929959;54930980;Node_12;1021;316.391;38.1
Zone_4930;54930980;54932001;Node_12;1021;315.988;43.1
Zone_4931;54932001;54933022;Node_12;1021;315.806;38.5
Zone_4932;54933022;54934043;Node_12;1021;315.527;40.7
Zone_4933;54934043;54935064;Node_12;1021;316.871;44.2
Zone_4934;54935064;54936085;Node_12;1021;316.002;40.4
Zone_4935;54936085;54937106;Node_12;1021;312.962;43.3
Zone_4936;54937106;54938127;Node_12;1021;316.104;39.8
Zone_4937;54938127;54939148;Node_12;1021;314.696;38.2
Zone_4938;54939148;54940169;Node_12;1021;316.468;39.6
Zone_4939;54940169;54941190;Node_12;1021;314.807;41.7
Zone_4940;54941190;54942211;Node_12;1021;312.651;43.5
Zone_4941;54942211;54943232;Node_12;1021;316.305;42.5
Zone_4942;54943232;54944253;Node_12;1021;316.336;50.0
Zone_4943;54944253;54945274;Node_12;1021;315.684;44.5
Zone_4944;54945274;54946295;Node_12;1021;317.382;55.0
Zone_4945;54946295;54947316;Node_12;1021;314.863;50.3
Zone_4946;54947316;54948337;Node_12;1021;314.929;50.4
Zone_4947;54948337;54949358;Node_12;1021;315.563;48.8
Zone_4948;54949358;54950379;Node_12;1021;316.275;49.8
Zone_4949;54950379;54951400;Node_12;1021;316.655;55.1
Zone_4950;54951400;54952421;Node_12;1021;316.323;43.8
Zone_4951;54952421;54953442;Node_12;1021;315.048;49.5
Zone_4952;54953442;54954463;Node_12;1021;315.118;46.8
Zone_4953;54954463;54955484;Node_12;1021;315.782;39.6
Zone_4954;54955484;54956505;Node_12;1021;314.377;44.4
Zone_4955;54956505;54957526;Node_12;1021;315.812;38.8
Zone_4956;54957526;54958547;Node_12;1021;315.148;37.7
Zone_4957;54958547;54959568;Node_12;1021;315.851;32.5
Zone_4958;54959568;54960589;Node_12;1021;315.572;38.0
Zone_4959;54960589;54961610;Node_12;1021;315.7;32.1
Zone_4960;54961610;54962631;Node_12;1021;315.703;36.2
Zone_4961;54962631;54963652;Node_12;1021;315.578;42.7
Zone_4962;54963652;54964673;Node_12;1021;314.004;41.6
Zone_4963;54964673;54965694;Node_12;1021;315.932;45.4
Zone_4964;54965694;54966715;Node_12;1021;315.623;45.4
Zone_4965;54966715;54967736;Node_12;1021;317.748;51.0
Zone_4966;54967736;54968757;Node_12;1021;315.23;40.8
Zone_4967;54968757;54969778;Node_12;1021;317.128;46.0
Zone_4968;54969778;54970799;Node_12;1021;317.171;49.5
Zone_4969;54970799;54971820;Node_12;1021;315.936;45.4
Zone_4970;54971820;54972841;Node_12;1021;316.802;44.3
Zone_4971;54972841;54973862;Node_12;1021;315.745;51.2
Zone_4972;54973862;54974883;Node_12;1021;316.008;35.0
Zone_4973;54974883;54975904;Node_12;1021;314.531;46.7
Zone_4974;54975904;54976925;Node_12;1021;315.339;43.7
Zone_4975;54976925;54977946;Node_12;1021;315.153;50.0
Zone_4976;54977946;54978967;Node_12;1021;317.564;53.1
Zone_4977;54978967;54979988;Node_12;1021;314.414;56.5
Zone_4978;54979988;54981009;Node_12;1021;315.895;67.1
Zone_4979;54981009;54982030;Node_12;1021;316.224;54.6
Zone_4980;54982030;54983051;Node_12;1021;316.384;52.7
Zone_4981;54983051;54984072;Node_12;1021;314.931;47.6
Zone_4982;54984072;54985093;Node_12;1021;315.822;49.3
Zone_4983;54985093;54986114;Node_12;1021;314.79;49.4
Zone_4984;54986114;54987135;Node_12;1021;315.883;55.5
Zone_4985;54987135;54988156;Node_12;1021;315.205;45.3
Zone_4986;54988156;54989177;Node_12;1021;315.291;55.2
Zone_4987;54989177;54990198;Node_12;1021;316.522;55.1
Zone_4988;54990198;54991219;Node_12;1021;314.652;58.9
Zone_4989;54991219;54992240;Node_12;1021;315.472;54.7
Zone_4990;54992240;54993261;Node_12;1021;314.703;49.7
Zone_4991;54993261;54994282;Node_12;1021;314.699;56.0
Zone_4992;54994282;54995303;Node_13;1021;313.697;55.6
Zone_4993;54995303;54996324;Node_13;1021;317.83;54.7
Zone_4994;54996324;54997345;Node_13;1021;315.398;62.2
Zone_4995;54997345;54998366;Node_13;1021;315.682;52.6
Zone_4996;54998366;54999387;Node_13;1021;315.379;56.6
Zone_4997;54999387;55000408;Node_13;1021;314.696;49.8
Zone_4998;55000408;55001429;Node_13;1021;317.362;56.1
Zone_4999;55001429;55002450;Node_13;1021;317.951;51.3
Zone_5000;55002450;55003471;Node_13;1021;317.448;45.7
Zone_5001;55003471;55004492;Node_13;1021;314.365;43.7
Zone_5002;55004492;55005513;Node_13;1021;315.855;52.3
Zone_5003;55005513;55006534;Node_13;1021;316.197;54.5
Zone_5004;55006534;55007555;Node_13;1021;316.71;54.8
Zone_5005;55007555;55008576;Node_13;1021;315.796;54.2
Zone_5006;55008576;55009597;Node_13;1021;313.646;52.9
Zone_5007;55009597;55010618;Node_13;1021;316.472;52.7
Zone_5008;55010618;55011639;Node_13;1021;315.682;52.4
Zone_5009;55011639;55012660;Node_13;1021;315.584;55.1
Zone_5010;55012660;55013681;Node_13;1021;315.865;49.7
Zone_5011;55013681;55014702;Node_13;1021;313.825;53.3
Zone_5012;55014702;55015723;Node_13;1021;317.641;51.7
Zone_5013;55015723;55016744;Node_13;1021;317.773;50.3
Zone_5014;55016744;55017765;Node_13;1021;315.567;39.4
Zone_5015;55017765;55018786;Node_13;1021;315.697;49.4
Zone_5016;55018786;55019807;Node_13;1021;314.688;51.3
Zone_5017;55019807;55020828;Node_13;1021;316.024;54.5
Zone_5018;55020828;55021849;Node_13;1021;316.634;52.1
Zone_5019;55021849;55022870;Node_13;1021;313.498;57.7
Zone_5020;55022870;55023891;Node_13;1021;311.247;51.2
Zone_5021;55023891;55024912;Node_13;1021;311.564;47.7
Zone_5022;55024912;55025933;Node_13;1021;311.176;49.1
Zone_5023;55025933;55026954;Node_13;1021;311.427;46.4
Zone_5024;55026954;55027975;Node_13;1021;311.77;44.0
Zone_5025;55027975;55028996;Node_13;1021;312.782;47.5
Zone_5026;55028996;55030017;Node_13;1021;312.319;49.4
Zone_5027;55030017;55031038;Node_13;1021;311.717;50.3
Zone_5028;55031038;55032059;Node_13;1021;316.885;45.2
Zone_5029;55032059;55033080;Node_13;1021;317.052;48.4
Zone_5030;55033080;55034101;Node_13;1021;313.256;52.1
Zone_5031;55034101;55035122;Node_13;1021;315.386;46.1
Zone_5032;55035122;55036143;Node_13;1021;315.985;38.1
Zone_5033;55036143;55037164;Node_13;1021;315.838;41.9
Zone_5034;55037164;55038185;Node_13;1021;318.061;48.4
Zone_5035;55038185;55039206;Node_13;1021;315.382;50.3
Zone_5036;55039206;55040227;Node_13;1021;316.304;66.3
Zone_5037;55040227;55041248;Node_13;1021;317.422;58.7
Zone_5038;55041248;55042269;Node_13;1021;315.579;47.6
Zone_5039;55042269;55043290;Node_13;1021;315.84;44.4
Zone_5040;55043290;55044311;Node_13;1021;316.032;50.8
Zone_5041;55044311;55045332;Node_13;1021;315.291;53.5
Zone_5042;55045332;55046353;Node_13;1021;315.873;54.2
Zone_5043;55046353;55047374;Node_13;1021;314.316;57.2
Zone_5044;55047374;55048395;Node_13;1021;315.807;54.4
Zone_5045;55048395;55049416;Node_13;1021;316.588;54.3
Zone_5046;55049416;55050437;Node_13;1021;314.694;60.9
Zone_5047;55050437;55051458;Node_13;1021;316.997;56.2
Zone_5048;55051458;55052479;Node_13;1021;315.215;50.4
Zone_5049;55052479;55053500;Node_13;1021;315.931;57.7
Zone_5050;55053500;55054521;Node_13;1021;315.504;54.5
Zone_5051;55054521;55055542;Node_13;1021;317.182;55.2
Zone_5052;55055542;55056563;Node_13;1021;315.39;59.8
Zone_5053;55056563;55057584;Node_13;1021;315.102;59.5
Zone_5054;55057584;55058605;Node_13;1021;316.384;57.0
Zone_5055;55058605;55059626;Node_13;1021;316.678;57.3
Zone_5056;55059626;55060647;Node_13;1021;316.625;54.9
Zone_5057;55060647;55061668;Node_13;1021;315.711;55.5
Zone_5058;55061668;55062689;Node_13;1021;316.935;50.8
Zone_5059;55062689;55063710;Node_13;1021;318.454;63.0
Zone_5060;55063710;55064731;Node_13;1021;315.638;58.4
Zone_5061;55064731;55065752;Node_13;1021;315.405;44.4
Zone_5062;55065752;55066773;Node_13;1021;316.078;48.6
Zone_5063;55066773;55067794;Node_13;1021;316.101;46.1
Zone_5064;55067794;55068815;Node_13;1021;314.774;31.7
Zone_5065;55068815;55069836;Node_13;1021;315.965;47.6
Zone_5066;55069836;55070857;Node_13;1021;320.111;51.5
Zone_5067;55070857;55071878;Node_13;1021;315.65;45.7
Zone_5068;55071878;55072899;Node_13;1021;314.215;41.6
Zone_5069;55072899;55073920;Node_13;1021;315.641;40.2
Zone_5070;55073920;55074941;Node_13;1021;316.331;36.7
Zone_5071;55074941;55075962;Node_13;1021;315.554;42.9
Zone_5072;55075962;55076983;Node_13;1021;314.022;36.5
Zone_5073;55076983;55078004;Node_13;1021;315.764;36.5
Zone_5074;55078004;55079025;Node_13;1021;315.414;35.5
Zone_5075;55079025;55080046;Node_13;1021;315.425;45.2
Zone_5076;55080046;55081067;Node_13;1021;315.183;37.1
Zone_5077;55081067;55082088;Node_13;1021;315.681;37.3
Zone_5078;55082088;55083109;Node_13;1021;315.226;42.5
Zone_5079;55083109;55084130;Node_13;1021;315.441;32.2
Zone_5080;55084130;55085151;Node_13;1021;314.969;43.5
Zone_5081;55085151;55086172;Node_13;1021;315.834;42.0
Zone_5082;55086172;55087193;Node_13;1021;316.267;36.4
Zone_5083;55087193;55088214;Node_13;1021;317.346;40.0
Zone_5084;55088214;55089235;Node_13;1021;317.085;45.6
Zone_5085;55089235;55090256;Node_13;1021;314.405;38.5
Zone_5086;55090256;55091277;Node_13;1021;315.425;44.4
Zone_5087;55091277;55092298;Node_13;1021;314.049;38.1
Zone_5088;55092298;55093319;Node_13;1021;314.795;31.8
Zone_5089;55093319;55094340;Node_13;1021;315.096;37.5
Zone_5090;55094340;55095361;Node_13;1021;315.193;37.9
Zone_5091;55095361;55096382;Node_13;1021;315.512;36.0
Zone_5092;55096382;55097403;Node_13;1021;315.041;38.1
Zone_5093;55097403;55098424;Node_13;1021;315.359;33.4
Zone_5094;55098424;55099445;Node_13;1021;316.254;44.6
Zone_5095;55099445;55100466;Node_13;1021;316.21;40.9
Zone_5096;55100466;55101487;Node_13;1021;315.43;32.3
Zone_5097;55101487;55102508;Node_13;1021;315.569;37.5
Zone_5098;55102508;55103529;Node_13;1021;313.61;36.0
Zone_5099;55103529;55104550;Node_13;1021;315.98;34.2
Zone_5100;55104550;55105571;Node_13;1021;315.96;37.1
Zone_5101;55105571;55106592;Node_13;1021;315.304;38.5
Zone_5102;55106592;55107613;Node_13;1021;315.277;38.2
Zone_5103;55107613;55108634;Node_13;1021;316.464;46.2
Zone_5104;55108634;55109655;Node_13;1021;313.915;45.4
Zone_5105;55109655;55110676;Node_13;1021;314.666;31.8
Zone_5106;55110676;55111697;Node_13;1021;315.811;29.9
Zone_5107;55111697;55112718;Node_13;1021;315.49;32.2
Zone_5108;55112718;55113739;Node_13;1021;315.313;39.1
Zone_5109;55113739;55114760;Node_13;1021;315.234;37.9
Zone_5110;55114760;55115781;Node_13;1021;316.392;42.6
Zone_5111;55115781;55116802;Node_13;1021;316.899;35.8
Zone_5112;55116802;55117823;Node_13;1021;316.186;41.4
Zone_5113;55117823;55118844;Node_13;1021;315.79;33.3
Zone_5114;55118844;55119865;Node_13;1021;316.389;34.3
Zone_5115;55119865;55120886;Node_13;1021;316.26;43.4
Zone_5116;55120886;55121907;Node_13;1021;315.626;34.9
Zone_5117;55121907;55122928;Node_13;1021;318.852;42.1
Zone_5118;55122928;55123949;Node_13;1021;315.506;40.0
Zone_5119;55123949;55124970;Node_13;1021;313.868;37.5
Zone_5120;55124970;55125991;Node_13;1021;314.025;36.5
Zone_5121;55125991;55127012;Node_13;1021;312.464;45.5
Zone_5122;55127012;55128033;Node_13;1021;313.268;41.2
Zone_5123;55128033;55129054;Node_13;1021;311.772;43.6
Zone_5124;55129054;55130075;Node_13;1021;314.713;35.0
Zone_5125;55130075;55131096;Node_13;1021;315.069;36.4
Zone_5126;55131096;55132117;Node_13;1021;315.016;32.8
Zone_5127;55132117;55133138;Node_13;1021;315.37;34.1
Zone_5128;55133138;55134159;Node_13;1021;315.061;37.8
Zone_5129;55134159;55135180;Node_13;1021;316.136;35.1
Zone_5130;55135180;55136201;Node_13;1021;315.721;36.0
Zone_5131;55136201;55137222;Node_13;1021;319.062;46.9
Zone_5132;55137222;55138243;Node_13;1021;315.153;40.9
Zone_5133;55138243;55139264;Node_13;1021;314.754;37.1
Zone_5134;55139264;55140285;Node_13;1021;315.301;30.8
Zone_5135;55140285;55141306;Node_13;1021;315.583;32.3
Zone_5136;55141306;55142327;Node_13;1021;316.029;39.4
Zone_5137;55142327;55143348;Node_13;1021;315.74;31.4
Zone_5138;55143348;55144369;Node_13;1021;315.444;40.0
Zone_5139;55144369;55145390;Node_13;1021;316.195;38.6
Zone_5140;55145390;55146411;Node_13;1021;315.683;31.7
Zone_5141;55146411;55147432;Node_13;1021;314.848;29.6
Zone_5142;55147432;55148453;Node_13;1021;314.821;30.1
Zone_5143;55148453;55149474;Node_13;1021;315.525;32.0
Zone_5144;55149474;55150495;Node_13;1021;314.855;35.3
Zone_5145;55150495;55151516;Node_13;1021;315.361;33.2
Zone_5146;55151516;55152537;Node_13;1021;317.584;40.1
Zone_5147;55152537;55153558;Node_13;1021;314.812;38.8
Zone_5148;55153558;55154579;Node_13;1021;314.71;34.1
Zone_5149;55154579;55155600;Node_13;1021;315.229;33.8
Zone_5150;55155600;55156621;Node_13;1021;315.86;39.6
Zone_5151;55156621;55157642;Node_13;1021;315.038;33.7
Zone_5152;55157642;55158663;Node_13;1021;315.45;41.4
Zone_5153;55158663;55159684;Node_13;1021;315.735;34.3
Zone_5154;55159684;55160705;Node_13;1021;315.934;33.1
Zone_5155;55160705;55161726;Node_13;1021;316.093;36.8
Zone_5156;55161726;55162747;Node_13;1021;316.242;31.2
Zone_5157;55162747;55163768;Node_13;1021;316.246;28.8
Zone_5158;55163768;55164789;Node_13;1021;315.485;36.6
Zone_5159;55164789;55165810;Node_13;1021;315.434;34.1
Zone_5160;55165810;55166831;Node_13;1021;314.775;32.4
Zone_5161;55166831;55167852;Node_13;1021;317.187;39.1
Zone_5162;55167852;55168873;Node_13;1021;317.362;41.2
Zone_5163;55168873;55169894;Node_13;1021;316.695;31.7
Zone_5164;55169894;55170915;Node_13;1021;316.53;39.4
Zone_5165;55170915;55171936;Node_13;1021;315.194;32.6
Zone_5166;55171936;55172957;Node_13;1021;315.592;36.1
Zone_5167;55172957;55173978;Node_13;1021;315.421;29.9
Zone_5168;55173978;55174999;Node_13;1021;315.675;37.9
Zone_5169;55174999;55176020;Node_13;1021;314.954;40.2
Zone_5170;55176020;55177041;Node_13;1021;315.058;34.5
Zone_5171;55177041;55178062;Node_13;1021;314.507;32.6
Zone_5172;55178062;55179083;Node_13;1021;314.92;42.5
Zone_5173;55179083;55180104;Node_13;1021;311.27;44.1
Zone_5174;55180104;55181125;Node_13;1021;313.477;42.1
Zone_5175;55181125;55182146;Node_13;1021;315.821;35.9
Zone_5176;55182146;55183167;Node_13;1021;314.933;45.2
Zone_5177;55183167;55184188;Node_13;1021;316.818;34.3
Zone_5178;55184188;55185209;Node_13;1021;315.21;38.5
Zone_5179;55185209;55186230;Node_13;1021;315.408;36.8
Zone_5180;55186230;55187251;Node_13;1021;316.481;32.8
Zone_5181;55187251;55188272;Node_13;1021;315.227;32.5
Zone_5182;55188272;55189293;Node_13;1021;316.49;37.1
Zone_5183;55189293;55190314;Node_13;1021;316.767;37.3
Zone_5184;55190314;55191335;Node_13;1021;315.787;32.6
Zone_5185;55191335;55192356;Node_13;1021;314.396;38.7
Zone_5186;55192356;55193377;Node_13;1021;315.845;33.0
Zone_5187;55193377;55194398;Node_13;1021;315.527;37.3
Zone_5188;55194398;55195419;Node_13;1021;313.304;45.9
Zone_5189;55195419;55196440;Node_13;1021;314.861;38.9
Zone_5190;55196440;55197461;Node_13;1021;313.428;42.6
Zone_5191;55197461;55198482;Node_13;1021;314.993;36.1
Zone_5192;55198482;55199503;Node_13;1021;315.979;37.9
Zone_5193;55199503;55200524;Node_13;1021;316.325;40.2
Zone_5194;55200524;55201545;Node_13;1021;315.741;38.3
Zone_5195;55201545;55202566;Node_13;1021;315.934;39.8
Zone_5196;55202566;55203587;Node_13;1021;315.172;38.9
Zone_5197;55203587;55204608;Node_13;1021;314.332;30.5
Zone_5198;55204608;55205629;Node_13;1021;315.487;34.6
Zone_5199;55205629;55206650;Node_13;1021;316.323;34.2
Zone_5200;55206650;55207671;Node_13;1021;316.92;38.1
Zone_5201;55207671;55208692;Node_13;1021;316.152;40.5
Zone_5202;55208692;55209713;Node_13;1021;315.084;39.0
Zone_5203;55209713;55210734;Node_13;1021;314.448;30.1
Zone_5204;55210734;55211755;Node_13;1021;315.071;37.6
Zone_5205;55211755;55212776;Node_13;1021;313.643;39.3
Zone_5206;55212776;55213797;Node_13;1021;315.033;38.8
Zone_5207;55213797;55214818;Node_13;1021;309.758;57.8
Zone_5208;55214818;55215839;Node_13;1021;314.736;75.1
Zone_5209;55215839;55216860;Node_13;1021;311.758;46.8
Zone_5210;55216860;55217881;Node_13;1021;316.407;35.3
Zone_5211;55217881;55218902;Node_13;1021;316.907;36.9
Zone_5212;55218902;55219923;Node_13;1021;315.761;43.5
Zone_5213;55219923;55220944;Node_13;1021;316.91;43.0
Zone_5214;55220944;55221965;Node_13;1021;313.858;41.8
Zone_5215;55221965;55222986;Node_13;1021;314.797;43.0
Zone_5216;55222986;55224007;Node_13;1021;315.212;41.5
Zone_5217;55224007;55225028;Node_13;1021;315.827;44.4
Zone_5218;55225028;55226049;Node_13;1021;315.145;40.1
Zone_5219;55226049;55227070;Node_13;1021;314.312;38.7
Zone_5220;55227070;55228091;Node_13;1021;315.542;38.7
Zone_5221;55228091;55229112;Node_13;1021;314.906;44.6
Zone_5222;55229112;55230133;Node_13;1021;316.285;41.4
Zone_5223;55230133;55231154;Node_13;1021;314.755;41.1
Zone_5224;55231154;55232175;Node_13;1021;315.319;37.9
Zone_5225;55232175;55233196;Node_13;1021;315.747;43.2
Zone_5226;55233196;55234217;Node_13;1021;314.762;43.4
Zone_5227;55234217;55235238;Node_13;1021;316.846;46.3
Zone_5228;55235238;55236259;Node_13;1021;315.575;37.6
Zone_5229;55236259;55237280;Node_13;1021;316.488;39.6
Zone_5230;55237280;55238301;Node_13;1021;315.714;40.2
Zone_5231;55238301;55239322;Node_13;1021;316.093;33.5
Zone_5232;55239322;55240343;Node_13;1021;315.959;41.4
Zone_5233;55240343;55241364;Node_13;1021;313.401;41.1
Zone_5234;55241364;55242385;Node_13;1021;316.178;38.8
Zone_5235;55242385;55243406;Node_13;1021;316.095;41.2
Zone_5236;55243406;55244427;Node_13;1021;314.621;44.5
Zone_5237;55244427;55245448;Node_13;1021;315.604;43.2
Zone_5238;55245448;55246469;Node_13;1021;316.058;42.7
Zone_5239;55246469;55247490;Node_13;1021;316.769;47.8
Zone_5240;55247490;55248511;Node_13;1021;313.578;41.3
Zone_5241;55248511;55249532;Node_13;1021;311.849;41.2
Zone_5242;55249532;55250553;Node_13;1021;316.287;49.1
Zone_5243;55250553;55251574;Node_13;1021;314.174;40.5
Zone_5244;55251574;55252595;Node_13;1021;314.504;45.0
Zone_5245;55252595;55253616;Node_13;1021;313.683;46.8
Zone_5246;55253616;55254637;Node_13;1021;315.916;42.6
Zone_5247;55254637;55255658;Node_13;1021;315.28;42.1
Zone_5248;55255658;55256679;Node_13;1021;316.48;34.5
Zone_5249;55256679;55257700;Node_13;1021;315.089;45.2
Zone_5250;55257700;55258721;Node_13;1021;315.083;44.9
Zone_5251;55258721;55259742;Node_13;1021;317.894;43.2
Zone_5252;55259742;55260763;Node_13;1021;317.637;46.5
Zone_5253;55260763;55261784;Node_13;1021;317.589;47.0
Zone_5254;55261784;55262805;Node_13;1021;318.246;43.9
Zone_5255;55262805;55263826;Node_13;1021;316.675;47.8
Zone_5256;55263826;55264847;Node_13;1021;315.807;41.4
Zone_5257;55264847;55265868;Node_13;1021;316.204;35.9
Zone_5258;55265868;55266889;Node_13;1021;314.282;43.2
Zone_5259;55266889;55267910;Node_13;1021;314.305;29.1
Zone_5260;55267910;55268931;Node_13;1021;314.919;30.2
Zone_5261;55268931;55269952;Node_13;1021;313.776;38.9
Zone_5262;55269952;55270973;Node_13;1021;314.326;39.1
Zone_5263;55270973;55271994;Node_13;1021;314.666;42.0
Zone_5264;55271994;55273015;Node_13;1021;315.016;38.6
Zone_5265;55273015;55274036;Node_13;1021;315.831;47.4
Zone_5266;55274036;55275057;Node_13;1021;315.753;46.7
Zone_5267;55275057;55276078;Node_13;1021;315.653;46.2
Zone_5268;55276078;55277099;Node_13;1021;315.257;42.5
Zone_5269;55277099;55278120;Node_13;1021;315.462;47.3
Zone_5270;55278120;55279141;Node_13;1021;313.792;44.6
Zone_5271;55279141;55280162;Node_13;1021;314.358;40.8
Zone_5272;55280162;55281183;Node_13;1021;315.929;38.9
Zone_5273;55281183;55282204;Node_13;1021;316.096;37.2
Zone_5274;55282204;55283225;Node_13;1021;316.651;40.6
Zone_5275;55283225;55284246;Node_13;1021;315.758;44.4
Zone_5276;55284246;55285267;Node_13;1021;315.299;45.2
Zone_5277;55285267;55286288;Node_13;1021;316.557;43.6
Zone_5278;55286288;55287309;Node_13;1021;315.565;39.4
Zone_5279;55287309;55288330;Node_13;1021;317.747;51.3
Zone_5280;55288330;55289351;Node_13;1021;315.242;49.9
Zone_5281;55289351;55290372;Node_13;1021;315.568;43.0
Zone_5282;55290372;55291393;Node_13;1021;315.88;44.1
Zone_5283;55291393;55292414;Node_13;1021;316.047;46.1
Zone_5284;55292414;55293435;Node_13;1021;314.424;45.8
Zone_5285;55293435;55294456;Node_13;1021;316.323;39.7
Zone_5286;55294456;55295477;Node_13;1021;315.264;36.7
Zone_5287;55295477;55296498;Node_13;1021;315.792;37.6
Zone_5288;55296498;55297519;Node_13;1021;316.5;44.5
Zone_5289;55297519;55298540;Node_13;1021;316.0;48.0
Zone_5290;55298540;55299561;Node_13;1021;316.601;51.9
Zone_5291;55299561;55300582;Node_13;1021;314.897;43.6
Zone_5292;55300582;55301603;Node_13;1021;316.085;49.6
Zone_5293;55301603;55302624;Node_13;1021;315.276;45.6
Zone_5294;55302624;55303645;Node_13;1021;316.619;46.7
Zone_5295;55303645;55304666;Node_13;1021;316.004;46.7
Zone_5296;55304666;55305687;Node_13;1021;312.314;44.7
Zone_5297;55305687;55306708;Node_13;1021;315.957;39.7
Zone_5298;55306708;55307729;Node_13;1021;314.394;38.8
Zone_5299;55307729;55308750;Node_13;1021;316.474;51.4
Zone_5300;55308750;55309771;Node_13;1021;316.593;44.3
Zone_5301;55309771;55310792;Node_13;1021;315.757;52.1
Zone_5302;55310792;55311813;Node_13;1021;313.565;46.0
Zone_5303;55311813;55312834;Node_13;1021;314.32;45.2
Zone_5304;55312834;55313855;Node_13;1021;315.996;48.0
Zone_5305;55313855;55314876;Node_13;1021;315.809;47.8
Zone_5306;55314876;55315897;Node_13;1021;314.842;43.9
Zone_5307;55315897;55316918;Node_13;1021;315.475;47.4
Zone_5308;55316918;55317939;Node_13;1021;314.951;45.5
Zone_5309;55317939;55318960;Node_13;1021;315.052;47.0
Zone_5310;55318960;55319981;Node_13;1021;318.462;50.0
Zone_5311;55319981;55321002;Node_13;1021;315.944;41.2
Zone_5312;55321002;55322023;Node_13;1021;316.02;39.1
Zone_5313;55322023;55323044;Node_13;1021;314.747;37.1
Zone_5314;55323044;55324065;Node_13;1021;316.681;47.1
Zone_5315;55324065;55325086;Node_13;1021;315.969;41.7
Zone_5316;55325086;55326107;Node_13;1021;315.666;43.1
Zone_5317;55326107;55327128;Node_13;1021;316.339;43.8
Zone_5318;55327128;55328149;Node_13;1021;317.068;44.5
Zone_5319;55328149;55329170;Node_13;1021;315.981;43.8
Zone_5320;55329170;55330191;Node_13;1021;315.829;43.8
Zone_5321;55330191;55331212;Node_13;1021;316.072;45.5
Zone_5322;55331212;55332233;Node_13;1021;315.704;44.3
Zone_5323;55332233;55333254;Node_13;1021;317.99;51.6
Zone_5324;55333254;55334275;Node_13;1021;317.143;55.3
Zone_5325;55334275;55335296;Node_13;1021;318.014;55.2
Zone_5326;55335296;55336317;Node_13;1021;317.95;46.5
Zone_5327;55336317;55337338;Node_13;1021;315.313;45.7
Zone_5328;55337338;55338359;Node_13;1021;316.85;43.9
Zone_5329;55338359;55339380;Node_13;1021;314.885;41.3
Zone_5330;55339380;55340401;Node_13;1021;313.439;38.4
Zone_5331;55340401;55341422;Node_13;1021;313.666;39.7
Zone_5332;55341422;55342443;Node_13;1021;315.81;36.9
Zone_5333;55342443;55343464;Node_13;1021;316.004;41.7
Zone_5334;55343464;55344485;Node_13;1021;316.95;51.1
Zone_5335;55344485;55345506;Node_13;1021;315.408;46.0
Zone_5336;55345506;55346527;Node_13;1021;315.299;44.3
Zone_5337;55346527;55347548;Node_13;1021;314.312;34.7
Zone_5338;55347548;55348569;Node_13;1021;315.772;43.3
Zone_5339;55348569;55349590;Node_13;1021;315.535;48.9
Zone_5340;55349590;55350611;Node_13;1021;317.207;44.6
Zone_5341;55350611;55351632;Node_13;1021;314.919;46.3
Zone_5342;55351632;55352653;Node_13;1021;315.775;42.1
Zone_5343;55352653;55353674;Node_13;1021;315.1;45.3
Zone_5344;55353674;55354695;Node_13;1021;315.864;45.5
Zone_5345;55354695;55355716;Node_13;1021;315.297;41.8
Zone_5346;55355716;55356737;Node_13;1021;315.466;44.7
Zone_5347;55356737;55357758;Node_13;1021;316.031;37.3
Zone_5348;55357758;55358779;Node_13;1021;316.424;42.7
Zone_5349;55358779;55359800;Node_13;1021;316.068;44.8
Zone_5350;55359800;55360821;Node_13;1021;315.462;45.0
Zone_5351;55360821;55361842;Node_13;1021;316.515;40.3
Zone_5352;55361842;55362863;Node_13;1021;316.033;35.0
Zone_5353;55362863;55363884;Node_13;1021;315.959;40.0
Zone_5354;55363884;55364905;Node_13;1021;315.41;41.5
Zone_5355;55364905;55365926;Node_13;1021;314.893;39.6
Zone_5356;55365926;55366947;Node_13;1021;316.065;44.6
Zone_5357;55366947;55367968;Node_13;1021;315.095;49.2
Zone_5358;55367968;55368989;Node_13;1021;316.063;47.1
Zone_5359;55368989;55370010;Node_13;1021;314.599;41.3
Zone_5360;55370010;55371031;Node_13;1021;316.674;41.4
Zone_5361;55371031;55372052;Node_13;1021;316.116;45.3
Zone_5362;55372052;55373073;Node_13;1021;316.303;40.5
Zone_5363;55373073;55374094;Node_13;1021;316.707;39.3
Zone_5364;55374094;55375115;Node_13;1021;314.193;45.7
Zone_5365;55375115;55376136;Node_13;1021;315.884;50.4
Zone_5366;55376136;55377157;Node_13;1021;316.763;41.1
Zone_5367;55377157;55378178;Node_13;1021;314.335;45.8
Zone_5368;55378178;55379199;Node_13;1021;314.7;45.5
Zone_5369;55379199;55380220;Node_13;1021;313.554;42.7
Zone_5370;55380220;55381241;Node_13;1021;313.862;51.6
Zone_5371;55381241;55382262;Node_13;1021;314.739;47.6
Zone_5372;55382262;55383283;Node_13;1021;316.432;49.9
Zone_5373;55383283;55384304;Node_13;1021;315.704;44.7
Zone_5374;55384304;55385325;Node_13;1021;315.945;46.4
Zone_5375;55385325;55386346;Node_13;1021;315.325;43.9
Zone_5376;55386346;55387367;Node_14;1021;313.906;39.6
Zone_5377;55387367;55388388;Node_14;1021;314.317;41.3
Zone_5378;55388388;55389409;Node_14;1021;313.596;29.6
Zone_5379;55389409;55390430;Node_14;1021;314.762;39.0
Zone_5380;55390430;55391451;Node_14;1021;314.592;33.4
Zone_5381;55391451;55392472;Node_14;1021;315.872;34.3
Zone_5382;55392472;55393493;Node_14;1021;313.699;32.7
Zone_5383;55393493;55394514;Node_14;1021;315.15;33.4
Zone_5384;55394514;55395535;Node_14;1021;314.565;37.9
Zone_5385;55395535;55396556;Node_14;1021;314.644;34.6
Zone_5386;55396556;55397577;Node_14;1021;313.022;41.0
Zone_5387;55397577;55398598;Node_14;1021;316.523;42.9
Zone_5388;55398598;55399619;Node_14;1021;316.257;39.9
Zone_5389;55399619;55400640;Node_14;1021;314.119;43.7
Zone_5390;55400640;55401661;Node_14;1021;316.601;41.5
Zone_5391;55401661;55402682;Node_14;1021;314.996;46.6
Zone_5392;55402682;55403703;Node_14;1021;317.229;51.1
Zone_5393;55403703;55404724;Node_14;1021;313.699;38.8
Zone_5394;55404724;55405745;Node_14;1021;315.88;42.1
Zone_5395;55405745;55406766;Node_14;1021;315.671;43.3
Zone_5396;55406766;55407787;Node_14;1021;315.581;40.5
Zone_5397;55407787;55408808;Node_14;1021;315.456;40.9
Zone_5398;55408808;55409829;Node_14;1021;315.797;39.2
Zone_5399;55409829;55410850;Node_14;1021;314.301;44.5
Zone_5400;55410850;55411871;Node_14;1021;316.817;41.2
Zone_5401;55411871;55412892;Node_14;1021;315.907;38.9
Zone_5402;55412892;55413913;Node_14;1021;315.758;43.3
Zone_5403;55413913;55414934;Node_14;1021;314.725;37.1
Zone_5404;55414934;55415955;Node_14;1021;315.446;35.3
Zone_5405;55415955;55416976;Node_14;1021;316.085;42.9
Zone_5406;55416976;55417997;Node_14;1021;316.484;44.2
Zone_5407;55417997;55419018;Node_14;1021;316.33;44.2
Zone_5408;55419018;55420039;Node_14;1021;315.413;42.9
Zone_5409;55420039;55421060;Node_14;1021;316.454;39.5
Zone_5410;55421060;55422081;Node_14;1021;317.202;42.5
Zone_5411;55422081;55423102;Node_14;1021;316.628;44.9
Zone_5412;55423102;55424123;Node_14;1021;315.349;39.4
Zone_5413;55424123;55425144;Node_14;1021;315.901;41.6
Zone_5414;55425144;55426165;Node_14;1021;315.023;45.8
Zone_5415;55426165;55427186;Node_14;1021;316.366;45.1
Zone_5416;55427186;55428207;Node_14;1021;314.478;43.7
Zone_5417;55428207;55429228;Node_14;1021;314.057;47.2
Zone_5418;55429228;55430249;Node_14;1021;315.524;47.1
Zone_5419;55430249;55431270;Node_14;1021;316.011;56.1
Zone_5420;55431270;55432291;Node_14;1021;316.654;42.2
Zone_5421;55432291;55433312;Node_14;1021;315.877;38.4
Zone_5422;55433312;55434333;Node_14;1021;315.662;36.5
Zone_5423;55434333;55435354;Node_14;1021;314.993;36.9
Zone_5424;55435354;55436375;Node_14;1021;315.867;36.9
Zone_5425;55436375;55437396;Node_14;1021;316.602;42.4
Zone_5426;55437396;55438417;Node_14;1021;314.846;35.4
Zone_5427;55438417;55439438;Node_14;1021;315.997;39.3
Zone_5428;55439438;55440459;Node_14;1021;315.327;40.9
Zone_5429;55440459;55441480;Node_14;1021;317.241;40.5
Zone_5430;55441480;55442501;Node_14;1021;315.747;33.8
Zone_5431;55442501;55443522;Node_14;1021;314.393;46.4
Zone_5432;55443522;55444543;Node_14;1021;316.605;43.6
Zone_5433;55444543;55445564;Node_14;1021;315.473;45.4
Zone_5434;55445564;55446585;Node_14;1021;314.583;42.7
Zone_5435;55446585;55447606;Node_14;1021;315.973;42.6
Zone_5436;55447606;55448627;Node_14;1021;315.39;34.8
Zone_5437;55448627;55449648;Node_14;1021;315.775;39.8
Zone_5438;55449648;55450669;Node_14;1021;316.79;37.3
Zone_5439;55450669;55451690;Node_14;1021;316.158;42.2
Zone_5440;55451690;55452711;Node_14;1021;315.002;40.9
Zone_5441;55452711;55453732;Node_14;1021;315.361;33.9
Zone_5442;55453732;55454753;Node_14;1021;315.761;28.7
Zone_5443;55454753;55455774;Node_14;1021;314.475;42.9
Zone_5444;55455774;55456795;Node_14;1021;316.295;39.7
Zone_5445;55456795;55457816;Node_14;1021;317.326;40.1
Zone_5446;55457816;55458837;Node_14;1021;315.879;36.2
Zone_5447;55458837;55459858;Node_14;1021;314.903;38.4
Zone_5448;55459858;55460879;Node_14;1021;314.967;38.9
Zone_5449;55460879;55461900;Node_14;1021;315.715;37.2
Zone_5450;55461900;55462921;Node_14;1021;314.914;34.6
Zone_5451;55462921;55463942;Node_14;1021;315.359;33.3
Zone_5452;55463942;55464963;Node_14;1021;313.988;42.3
Zone_5453;55464963;55465984;Node_14;1021;318.14;41.6
Zone_5454;55465984;55467005;Node_14;1021;316.83;45.8
Zone_5455;55467005;55468026;Node_14;1021;316.519;43.5
Zone_5456;55468026;55469047;Node_14;1021;316.567;48.5
Zone_5457;55469047;55470068;Node_14;1021;314.985;40.7
Zone_5458;55470068;55471089;Node_14;1021;314.492;44.8
Zone_5459;55471089;55472110;Node_14;1021;314.675;37.5
Zone_5460;55472110;55473131;Node_14;1021;315.181;42.3
Zone_5461;55473131;55474152;Node_14;1021;314.473;41.2
Zone_5462;55474152;55475173;Node_14;1021;315.118;39.4
Zone_5463;55475173;55476194;Node_14;1021;316.44;42.1
Zone_5464;55476194;55477215;Node_14;1021;316.215;44.9
Zone_5465;55477215;55478236;Node_14;1021;314.33;47.3
Zone_5466;55478236;55479257;Node_14;1021;315.582;43.8
Zone_5467;55479257;55480278;Node_14;1021;316.332;40.5
Zone_5468;55480278;55481299;Node_14;1021;316.998;42.8
Zone_5469;55481299;55482320;Node_14;1021;316.84;38.5
Zone_5470;55482320;55483341;Node_14;1021;316.157;39.8
Zone_5471;55483341;55484362;Node_14;1021;315.562;37.8
Zone_5472;55484362;55485383;Node_14;1021;314.903;43.9
Zone_5473;55485383;55486404;Node_14;1021;314.448;43.5
Zone_5474;55486404;55487425;Node_14;1021;315.153;43.0
Zone_5475;55487425;55488446;Node_14;1021;315.186;47.7
Zone_5476;55488446;55489467;Node_14;1021;315.264;38.2
Zone_5477;55489467;55490488;Node_14;1021;315.524;45.1
Zone_5478;55490488;55491509;Node_14;1021;314.382;46.2
Zone_5479;55491509;55492530;Node_14;1021;316.007;50.0
Zone_5480;55492530;55493551;Node_14;1021;315.113;42.6
Zone_5481;55493551;55494572;Node_14;1021;314.897;42.9
Zone_5482;55494572;55495593;Node_14;1021;315.046;39.0
Zone_5483;55495593;55496614;Node_14;1021;315.804;39.0
Zone_5484;55496614;55497635;Node_14;1021;314.573;38.0
Zone_5485;55497635;55498656;Node_14;1021;314.774;42.1
Zone_5486;55498656;55499677;Node_14;1021;315.106;44.8
Zone_5487;55499677;55500698;Node_14;1021;315.684;42.8
Zone_5488;55500698;55501719;Node_14;1021;315.065;43.3
Zone_5489;55501719;55502740;Node_14;1021;314.476;41.7
Zone_5490;55502740;55503761;Node_14;1021;317.17;41.9
Zone_5491;55503761;55504782;Node_14;1021;316.284;43.5
Zone_5492;55504782;55505803;Node_14;1021;315.914;43.2
Zone_5493;55505803;55506824;Node_14;1021;315.145;46.6
Zone_5494;55506824;55507845;Node_14;1021;313.811;48.4
Zone_5495;55507845;55508866;Node_14;1021;314.223;43.8
Zone_5496;55508866;55509887;Node_14;1021;315.773;32.6
Zone_5497;55509887;55510908;Node_14;1021;315.626;43.1
Zone_5498;55510908;55511929;Node_14;1021;316.363;43.6
Zone_5499;55511929;55512950;Node_14;1021;314.871;42.0
Zone_5500;55512950;55513971;Node_14;1021;315.058;42.5
Zone_5501;55513971;55514992;Node_14;1021;314.828;47.0
Zone_5502;55514992;55516013;Node_14;1021;315.426;40.8
Zone_5503;55516013;55517034;Node_14;1021;316.225;38.7
Zone_5504;55517034;55518055;Node_14;1021;317.808;44.5
Zone_5505;55518055;55519076;Node_14;1021;319.093;44.6
Zone_5506;55519076;55520097;Node_14;1021;315.938;42.0
Zone_5507;55520097;55521118;Node_14;1021;315.1;43.5
Zone_5508;55521118;55522139;Node_14;1021;314.565;51.8
Zone_5509;55522139;55523160;Node_14;1021;316.569;48.6
Zone_5510;55523160;55524181;Node_14;1021;316.382;46.4
Zone_5511;55524181;55525202;Node_14;1021;315.639;47.5
Zone_5512;55525202;55526223;Node_14;1021;316.349;43.0
Zone_5513;55526223;55527244;Node_14;1021;315.721;43.8
Zone_5514;55527244;55528265;Node_14;1021;315.534;44.5
Zone_5515;55528265;55529286;Node_14;1021;314.806;42.4
Zone_5516;55529286;55530307;Node_14;1021;314.655;38.5
Zone_5517;55530307;55531328;Node_14;1021;315.803;40.9
Zone_5518;55531328;55532349;Node_14;1021;315.247;34.9
Zone_5519;55532349;55533370;Node_14;1021;315.33;42.1
Zone_5520;55533370;55534391;Node_14;1021;316.335;37.4
Zone_5521;55534391;55535412;Node_14;1021;314.949;45.1
Zone_5522;55535412;55536433;Node_14;1021;315.866;41.9
Zone_5523;55536433;55537454;Node_14;1021;316.627;41.0
Zone_5524;55537454;55538475;Node_14;1021;315.868;41.8
Zone_5525;55538475;55539496;Node_14;1021;315.065;40.4
Zone_5526;55539496;55540517;Node_14;1021;316.761;49.1
Zone_5527;55540517;55541538;Node_14;1021;313.909;38.3
Zone_5528;55541538;55542559;Node_14;1021;312.524;42.3
Zone_5529;55542559;55543580;Node_14;1021;313.313;36.4
Zone_5530;55543580;55544601;Node_14;1021;315.228;38.3
Zone_5531;55544601;55545622;Node_14;1021;314.832;38.4
Zone_5532;55545622;55546643;Node_14;1021;315.538;43.8
Zone_5533;55546643;55547664;Node_14;1021;316.468;42.9
Zone_5534;55547664;55548685;Node_14;1021;315.319;38.8
Zone_5535;55548685;55549706;Node_14;1021;315.518;34.0
Zone_5536;55549706;55550727;Node_14;1021;316.556;44.1
Zone_5537;55550727;55551748;Node_14;1021;315.401;45.9
Zone_5538;55551748;55552769;Node_14;1021;315.852;40.3
Zone_5539;55552769;55553790;Node_14;1021;315.281;42.4
Zone_5540;55553790;55554811;Node_14;1021;316.686;40.0
Zone_5541;55554811;55555832;Node_14;1021;317.149;46.8
Zone_5542;55555832;55556853;Node_14;1021;315.236;47.0
Zone_5543;55556853;55557874;Node_14;1021;316.351;47.8
Zone_5544;55557874;55558895;Node_14;1021;314.612;49.5
Zone_5545;55558895;55559916;Node_14;1021;315.36;42.8
Zone_5546;55559916;55560937;Node_14;1021;315.13;44.2
Zone_5547;55560937;55561958;Node_14;1021;315.444;40.2
Zone_5548;55561958;55562979;Node_14;1021;314.453;41.1
Zone_5549;55562979;55564000;Node_14;1021;315.292;39.3
Zone_5550;55564000;55565021;Node_14;1021;315.246;37.6
Zone_5551;55565021;55566042;Node_14;1021;315.65;40.0
Zone_5552;55566042;55567063;Node_14;1021;314.021;41.5
Zone_5553;55567063;55568084;Node_14;1021;315.026;53.1
Zone_5554;55568084;55569105;Node_14;1021;315.479;43.2
Zone_5555;55569105;55570126;Node_14;1021;315.561;36.8
Zone_5556;55570126;55571147;Node_14;1021;316.687;42.5
Zone_5557;55571147;55572168;Node_14;1021;314.46;43.6
Zone_5558;55572168;55573189;Node_14;1021;314.451;44.3
Zone_5559;55573189;55574210;Node_14;1021;315.894;45.1
Zone_5560;55574210;55575231;Node_14;1021;315.215;47.9
Zone_5561;55575231;55576252;Node_14;1021;314.497;48.0
Zone_5562;55576252;55577273;Node_14;1021;315.888;45.0
Zone_5563;55577273;55578294;Node_14;1021;315.544;42.6
Zone_5564;55578294;55579315;Node_14;1021;316.235;45.7
Zone_5565;55579315;55580336;Node_14;1021;314.43;38.2
Zone_5566;55580336;55581357;Node_14;1021;315.335;42.0
Zone_5567;55581357;55582378;Node_14;1021;314.761;45.0
Zone_5568;55582378;55583399;Node_14;1021;316.801;46.3
Zone_5569;55583399;55584420;Node_14;1021;314.612;49.6
Zone_5570;55584420;55585441;Node_14;1021;312.554;45.0
Zone_5571;55585441;55586462;Node_14;1021;315.407;41.5
Zone_5572;55586462;55587483;Node_14;1021;314.0;45.7
Zone_5573;55587483;55588504;Node_14;1021;314.801;45.1
Zone_5574;55588504;55589525;Node_14;1021;315.167;37.9
Zone_5575;55589525;55590546;Node_14;1021;315.845;45.9
Zone_5576;55590546;55591567;Node_14;1021;314.342;38.4
Zone_5577;55591567;55592588;Node_14;1021;315.965;44.4
Zone_5578;55592588;55593609;Node_14;1021;315.481;42.5
Zone_5579;55593609;55594630;Node_14;1021;314.872;36.6
Zone_5580;55594630;55595651;Node_14;1021;316.941;42.4
Zone_5581;55595651;55596672;Node_14;1021;314.387;36.9
Zone_5582;55596672;55597693;Node_14;1021;314.957;32.5
Zone_5583;55597693;55598714;Node_14;1021;314.669;29.4
Zone_5584;55598714;55599735;Node_14;1021;315.095;29.4
Zone_5585;55599735;55600756;Node_14;1021;314.728;38.6
Zone_5586;55600756;55601777;Node_14;1021;314.749;44.6
Zone_5587;55601777;55602798;Node_14;1021;316.143;32.4
Zone_5588;55602798;55603819;Node_14;1021;315.404;38.4
Zone_5589;55603819;55604840;Node_14;1021;314.686;41.6
Zone_5590;55604840;55605861;Node_14;1021;314.924;45.3
Zone_5591;55605861;55606882;Node_14;1021;316.006;38.0
Zone_5592;55606882;55607903;Node_14;1021;314.892;42.9
Zone_5593;55607903;55608924;Node_14;1021;314.403;49.7
Zone_5594;55608924;55609945;Node_14;1021;314.645;42.5
Zone_5595;55609945;55610966;Node_14;1021;315.767;43.1
Zone_5596;55610966;55611987;Node_14;1021;314.76;45.9
Zone_5597;55611987;55613008;Node_14;1021;314.195;42.0
Zone_5598;55613008;55614029;Node_14;1021;315.87;37.8
Zone_5599;55614029;55615050;Node_14;1021;315.747;31.8
Zone_5600;55615050;55616071;Node_14;1021;317.659;46.2
Zone_5601;55616071;55617092;Node_14;1021;315.439;43.2
Zone_5602;55617092;55618113;Node_14;1021;314.957;39.8
Zone_5603;55618113;55619134;Node_14;1021;315.757;41.2
Zone_5604;55619134;55620155;Node_14;1021;316.364;41.0
Zone_5605;55620155;55621176;Node_14;1021;316.642;49.7
Zone_5606;55621176;55622197;Node_14;1021;315.128;43.4
Zone_5607;55622197;55623218;Node_14;1021;316.07;41.5
Zone_5608;55623218;55624239;Node_14;1021;315.316;40.0
Zone_5609;55624239;55625260;Node_14;1021;315.526;40.8
Zone_5610;55625260;55626281;Node_14;1021;316.321;35.0
Zone_5611;55626281;55627302;Node_14;1021;315.054;35.7
Zone_5612;55627302;55628323;Node_14;1021;314.134;38.1
Zone_5613;55628323;55629344;Node_14;1021;315.372;32.5
Zone_5614;55629344;55630365;Node_14;1021;313.896;37.6
Zone_5615;55630365;55631386;Node_14;1021;314.204;28.3
Zone_5616;55631386;55632407;Node_14;1021;316.896;37.0
Zone_5617;55632407;55633428;Node_14;1021;314.386;41.7
Zone_5618;55633428;55634449;Node_14;1021;316.818;43.6
Zone_5619;55634449;55635470;Node_14;1021;315.087;45.9
Zone_5620;55635470;55636491;Node_14;1021;315.772;39.7
Zone_5621;55636491;55637512;Node_14;1021;316.5;39.0
Zone_5622;55637512;55638533;Node_14;1021;317.297;45.7
Zone_5623;55638533;55639554;Node_14;1021;315.477;44.0
Zone_5624;55639554;55640575;Node_14;1021;313.576;46.3
Zone_5625;55640575;55641596;Node_14;1021;314.306;43.1
Zone_5626;55641596;55642617;Node_14;1021;315.91;36.8
Zone_5627;55642617;55643638;Node_14;1021;314.799;44.4
Zone_5628;55643638;55644659;Node_14;1021;316.005;31.5
Zone_5629;55644659;55645680;Node_14;1021;316.448;41.9
Zone_5630;55645680;55646701;Node_14;1021;314.746;41.9
Zone_5631;55646701;55647722;Node_14;1021;314.559;44.9
Zone_5632;55647722;55648743;Node_14;1021;316.576;39.7
Zone_5633;55648743;55649764;Node_14;1021;313.84;38.0
Zone_5634;55649764;55650785;Node_14;1021;314.151;44.4
Zone_5635;55650785;55651806;Node_14;1021;315.974;39.0
Zone_5636;55651806;55652827;Node_14;1021;315.104;42.9
Zone_5637;55652827;55653848;Node_14;1021;315.183;43.4
Zone_5638;55653848;55654869;Node_14;1021;317.612;42.6
Zone_5639;55654869;55655890;Node_14;1021;316.112;41.6
Zone_5640;55655890;55656911;Node_14;1021;316.36;40.8
Zone_5641;55656911;55657932;Node_14;1021;314.892;37.0
Zone_5642;55657932;55658953;Node_14;1021;316.897;41.9
Zone_5643;55658953;55659974;Node_14;1021;316.246;42.8
Zone_5644;55659974;55660995;Node_14;1021;314.628;38.3
Zone_5645;55660995;55662016;Node_14;1021;315.266;34.4
Zone_5646;55662016;55663037;Node_14;1021;317.189;27.3
Zone_5647;55663037;55664058;Node_14;1021;317.329;27.5
Zone_5648;55664058;55665079;Node_14;1021;316.899;18.8
Zone_5649;55665079;55666100;Node_14;1021;314.617;22.3
Zone_5650;55666100;55667121;Node_14;1021;314.586;21.4
Zone_5651;55667121;55668142;Node_14;1021;316.405;28.6
Zone_5652;55668142;55669163;Node_14;1021;316.853;39.2
Zone_5653;55669163;55670184;Node_14;1021;315.553;45.1
Zone_5654;55670184;55671205;Node_14;1021;315.277;41.1
Zone_5655;55671205;55672226;Node_14;1021;314.27;35.4
Zone_5656;55672226;55673247;Node_14;1021;314.347;41.1
Zone_5657;55673247;55674268;Node_14;1021;315.723;41.1
Zone_5658;55674268;55675289;Node_14;1021;315.103;31.9
Zone_5659;55675289;55676310;Node_14;1021;314.615;41.0
Zone_5660;55676310;55677331;Node_14;1021;315.073;35.7
Zone_5661;55677331;55678352;Node_14;1021;315.917;35.1
Zone_5662;55678352;55679373;Node_14;1021;315.204;33.2
Zone_5663;55679373;55680394;Node_14;1021;315.564;35.2
Zone_5664;55680394;55681415;Node_14;1021;314.379;36.4
Zone_5665;55681415;55682436;Node_14;1021;314.227;37.3
Zone_5666;55682436;55683457;Node_14;1021;314.618;32.2
Zone_5667;55683457;55684478;Node_14;1021;313.901;33.6
Zone_5668;55684478;55685499;Node_14;1021;316.881;40.5
Zone_5669;55685499;55686520;Node_14;1021;314.716;44.1
Zone_5670;55686520;55687541;Node_14;1021;313.392;45.2
Zone_5671;55687541;55688562;Node_14;1021;315.853;37.5
Zone_5672;55688562;55689583;Node_14;1021;314.713;37.5
Zone_5673;55689583;55690604;Node_14;1021;316.194;42.8
Zone_5674;55690604;55691625;Node_14;1021;315.839;48.5
Zone_5675;55691625;55692646;Node_14;1021;314.688;40.5
Zone_5676;55692646;55693667;Node_14;1021;315.029;40.3
Zone_5677;55693667;55694688;Node_14;1021;316.243;45.2
Zone_5678;55694688;55695709;Node_14;1021;315.684;42.3
Zone_5679;55695709;55696730;Node_14;1021;315.38;41.2
Zone_5680;55696730;55697751;Node_14;1021;314.009;41.5
Zone_5681;55697751;55698772;Node_14;1021;315.801;42.1
Zone_5682;55698772;55699793;Node_14;1021;314.56;39.4
Zone_5683;55699793;55700814;Node_14;1021;315.069;43.6
Zone_5684;55700814;55701835;Node_14;1021;315.62;41.3
Zone_5685;55701835;55702856;Node_14;1021;317.169;42.9
Zone_5686;55702856;55703877;Node_14;1021;315.915;43.2
Zone_5687;55703877;55704898;Node_14;1021;316.565;49.2
Zone_5688;55704898;55705919;Node_14;1021;313.923;47.3
Zone_5689;55705919;55706940;Node_14;1021;315.395;44.6
Zone_5690;55706940;55707961;Node_14;1021;315.229;39.1
Zone_5691;55707961;55708982;Node_14;1021;316.35;45.8
Zone_5692;55708982;55710003;Node_14;1021;315.153;36.6
Zone_5693;55710003;55711024;Node_14;1021;315.909;39.5
Zone_5694;55711024;55712045;Node_14;1021;315.401;40.9
Zone_5695;55712045;55713066;Node_14;1021;315.566;48.4
Zone_5696;55713066;55714087;Node_14;1021;314.117;45.8
Zone_5697;55714087;55715108;Node_14;1021;314.441;37.4
Zone_5698;55715108;55716129;Node_14;1021;313.621;41.3
Zone_5699;55716129;55717150;Node_14;1021;314.928;42.1
Zone_5700;55717150;55718171;Node_14;1021;317.149;38.8
Zone_5701;55718171;55719192;Node_14;1021;317.571;45.9
Zone_5702;55719192;55720213;Node_14;1021;315.221;42.0
Zone_5703;55720213;55721234;Node_14;1021;314.838;45.5
Zone_5704;55721234;55722255;Node_14;1021;315.96;45.5
Zone_5705;55722255;55723276;Node_14;1021;315.365;36.8
Zone_5706;55723276;55724297;Node_14;1021;314.639;41.3
Zone_5707;55724297;55725318;Node_14;1021;316.495;40.1
Zone_5708;55725318;55726339;Node_14;1021;315.444;43.6
Zone_5709;55726339;55727360;Node_14;1021;315.518;45.3
Zone_5710;55727360;55728381;Node_14;1021;314.738;39.8
Zone_5711;55728381;55729402;Node_14;1021;315.704;39.2
Zone_5712;55729402;55730423;Node_14;1021;316.317;38.2
Zone_5713;55730423;55731444;Node_14;1021;315.769;42.4
Zone_5714;55731444;55732465;Node_14;1021;315.978;47.8
Zone_5715;55732465;55733486;Node_14;1021;316.27;47.7
Zone_5716;55733486;55734507;Node_14;1021;316.355;42.1
Zone_5717;55734507;55735528;Node_14;1021;314.074;44.9
Zone_5718;55735528;55736549;Node_14;1021;316.48;40.9
Zone_5719;55736549;55737570;Node_14;1021;315.401;37.5
Zone_5720;55737570;55738591;Node_14;1021;315.744;34.1
Zone_5721;55738591;55739612;Node_14;1021;314.688;39.1
Zone_5722;55739612;55740633;Node_14;1021;314.429;37.0
Zone_5723;55740633;55741654;Node_14;1021;312.629;37.9
Zone_5724;55741654;55742675;Node_14;1021;315.587;40.1
Zone_5725;55742675;55743696;Node_14;1021;314.9;36.5
Zone_5726;55743696;55744717;Node_14;1021;315.157;41.3
Zone_5727;55744717;55745738;Node_14;1021;315.418;42.5
Zone_5728;55745738;55746759;Node_14;1021;313.878;43.4
Zone_5729;55746759;55747780;Node_14;1021;315.544;43.7
Zone_5730;55747780;55748801;Node_14;1021;315.3;40.4
Zone_5731;55748801;55749822;Node_14;1021;316.05;40.7
Zone_5732;55749822;55750843;Node_14;1021;314.963;46.4
Zone_5733;55750843;55751864;Node_14;1021;317.191;39.7
Zone_5734;55751864;55752885;Node_14;1021;313.099;35.2
Zone_5735;55752885;55753906;Node_14;1021;314.991;34.9
Zone_5736;55753906;55754927;Node_14;1021;314.627;32.8
Zone_5737;55754927;55755948;Node_14;1021;313.893;33.0
Zone_5738;55755948;55756969;Node_14;1021;314.939;37.5
Zone_5739;55756969;55757990;Node_14;1021;315.487;29.5
Zone_5740;55757990;55759011;Node_14;1021;316.731;36.6
Zone_5741;55759011;55760032;Node_14;1021;316.531;28.8
Zone_5742;55760032;55761053;Node_14;1021;316.087;54.4
Zone_5743;55761053;55762074;Node_14;1021;316.487;43.1
Zone_5744;55762074;55763095;Node_14;1021;316.04;40.3
Zone_5745;55763095;55764116;Node_14;1021;315.286;37.1
Zone_5746;55764116;55765137;Node_14;1021;315.402;37.6
Zone_5747;55765137;55766158;Node_14;1021;316.411;38.7
Zone_5748;55766158;55767179;Node_14;1021;315.031;38.6
Zone_5749;55767179;55768200;Node_14;1021;315.033;41.4
Zone_5750;55768200;55769221;Node_14;1021;314.632;38.2
Zone_5751;55769221;55770242;Node_14;1021;315.457;40.1
Zone_5752;55770242;55771263;Node_14;1021;314.448;37.3
Zone_5753;55771263;55772284;Node_14;1021;314.812;32.7
Zone_5754;55772284;55773305;Node_14;1021;315.127;28.9
Zone_5755;55773305;55774326;Node_14;1021;315.182;34.9
Zone_5756;55774326;55775347;Node_14;1021;315.281;44.4
Zone_5757;55775347;55776368;Node_14;1021;315.98;38.4
Zone_5758;55776368;55777389;Node_14;1021;315.763;37.5
Zone_5759;55777389;55778410;Node_14;1021;315.261;38.6
Zone_5760;55778410;55779431;Node_15;1021;314.91;34.2
Zone_5761;55779431;55780452;Node_15;1021;314.971;36.3
Zone_5762;55780452;55781473;Node_15;1021;315.423;43.8
Zone_5763;55781473;55782494;Node_15;1021;314.62;43.8
Zone_5764;55782494;55783515;Node_15;1021;316.302;45.3
Zone_5765;55783515;55784536;Node_15;1021;316.825;47.8
Zone_5766;55784536;55785557;Node_15;1021;315.359;45.8
Zone_5767;55785557;55786578;Node_15;1021;314.665;43.4
Zone_5768;55786578;55787599;Node_15;1021;315.512;43.2
Zone_5769;55787599;55788620;Node_15;1021;316.772;50.3
Zone_5770;55788620;55789641;Node_15;1021;315.172;41.8
Zone_5771;55789641;55790662;Node_15;1021;314.692;40.6
Zone_5772;55790662;55791683;Node_15;1021;315.722;39.5
Zone_5773;55791683;55792704;Node_15;1021;314.713;46.9
Zone_5774;55792704;55793725;Node_15;1021;316.363;31.9
Zone_5775;55793725;55794746;Node_15;1021;316.45;60.1
Zone_5776;55794746;55795767;Node_15;1021;316.457;44.4
Zone_5777;55795767;55796788;Node_15;1021;316.694;32.5
Zone_5778;55796788;55797809;Node_15;1021;316.945;35.2
Zone_5779;55797809;55798830;Node_15;1021;317.235;33.4
Zone_5780;55798830;55799851;Node_15;1021;315.085;38.6
Zone_5781;55799851;55800872;Node_15;1021;316.051;35.4
Zone_5782;55800872;55801893;Node_15;1021;315.57;38.9
Zone_5783;55801893;55802914;Node_15;1021;313.354;42.5
Zone_5784;55802914;55803935;Node_15;1021;315.09;41.7
Zone_5785;55803935;55804956;Node_15;1021;315.083;43.1
Zone_5786;55804956;55805977;Node_15;1021;315.768;42.1
Zone_5787;55805977;55806998;Node_15;1021;317.071;46.3
Zone_5788;55806998;55808019;Node_15;1021;315.618;48.5
Zone_5789;55808019;55809040;Node_15;1021;315.911;32.7
Zone_5790;55809040;55810061;Node_15;1021;316.574;32.0
Zone_5791;55810061;55811082;Node_15;1021;315.845;33.9
Zone_5792;55811082;55812103;Node_15;1021;315.642;37.6
Zone_5793;55812103;55813124;Node_15;1021;316.715;39.9
Zone_5794;55813124;55814145;Node_15;1021;316.025;37.6
Zone_5795;55814145;55815166;Node_15;1021;315.354;39.8
Zone_5796;55815166;55816187;Node_15;1021;315.55;44.0
Zone_5797;55816187;55817208;Node_15;1021;315.36;40.6
Zone_5798;55817208;55818229;Node_15;1021;315.878;41.5
Zone_5799;55818229;55819250;Node_15;1021;315.298;47.2
Zone_5800;55819250;55820271;Node_15;1021;314.567;39.7
Zone_5801;55820271;55821292;Node_15;1021;316.204;35.0
Zone_5802;55821292;55822313;Node_15;1021;314.209;38.8
Zone_5803;55822313;55823334;Node_15;1021;316.276;40.4
Zone_5804;55823334;55824355;Node_15;1021;315.862;39.7
Zone_5805;55824355;55825376;Node_15;1021;315.107;36.4
Zone_5806;55825376;55826397;Node_15;1021;315.69;39.4
Zone_5807;55826397;55827418;Node_15;1021;315.724;46.6
Zone_5808;55827418;55828439;Node_15;1021;315.565;42.8
Zone_5809;55828439;55829460;Node_15;1021;316.295;45.1
Zone_5810;55829460;55830481;Node_15;1021;316.549;43.8
Zone_5811;55830481;55831502;Node_15;1021;315.09;41.4
Zone_5812;55831502;55832523;Node_15;1021;314.467;41.8
Zone_5813;55832523;55833544;Node_15;1021;314.781;40.6
Zone_5814;55833544;55834565;Node_15;1021;315.843;40.8
Zone_5815;55834565;55835586;Node_15;1021;315.035;31.1
Zone_5816;55835586;55836607;Node_15;1021;316.254;44.3
Zone_5817;55836607;55837628;Node_15;1021;315.7;31.4
Zone_5818;55837628;55838649;Node_15;1021;314.494;35.9
Zone_5819;55838649;55839670;Node_15;1021;315.154;43.7
Zone_5820;55839670;55840691;Node_15;1021;315.317;46.4
Zone_5821;55840691;55841712;Node_15;1021;315.787;37.0
Zone_5822;55841712;55842733;Node_15;1021;315.443;43.7
Zone_5823;55842733;55843754;Node_15;1021;315.811;41.5
Zone_5824;55843754;55844775;Node_15;1021;314.624;41.5
Zone_5825;55844775;55845796;Node_15;1021;315.233;36.7
Zone_5826;55845796;55846817;Node_15;1021;315.337;37.6
Zone_5827;55846817;55847838;Node_15;1021;314.722;42.4
Zone_5828;55847838;55848859;Node_15;1021;316.014;45.2
Zone_5829;55848859;55849880;Node_15;1021;315.178;38.2
Zone_5830;55849880;55850901;Node_15;1021;314.226;44.0
Zone_5831;55850901;55851922;Node_15;1021;314.733;43.0
Zone_5832;55851922;55852943;Node_15;1021;316.221;39.7
Zone_5833;55852943;55853964;Node_15;1021;315.217;36.3
Zone_5834;55853964;55854985;Node_15;1021;316.446;45.2
Zone_5835;55854985;55856006;Node_15;1021;315.626;40.7
Zone_5836;55856006;55857027;Node_15;1021;315.387;41.7
Zone_5837;55857027;55858048;Node_15;1021;316.115;39.1
Zone_5838;55858048;55859069;Node_15;1021;316.057;38.0
Zone_5839;55859069;55860090;Node_15;1021;316.02;41.0
Zone_5840;55860090;55861111;Node_15;1021;315.189;41.4
Zone_5841;55861111;55862132;Node_15;1021;315.819;40.6
Zone_5842;55862132;55863153;Node_15;1021;316.522;36.2
Zone_5843;55863153;55864174;Node_15;1021;316.253;37.6
Zone_5844;55864174;55865195;Node_15;1021;315.849;40.6
Zone_5845;55865195;55866216;Node_15;1021;315.944;42.3
Zone_5846;55866216;55867237;Node_15;1021;315.035;39.0
Zone_5847;55867237;55868258;Node_15;1021;316.112;38.0
Zone_5848;55868258;55869279;Node_15;1021;315.466;35.7
Zone_5849;55869279;55870300;Node_15;1021;315.699;37.7
Zone_5850;55870300;55871321;Node_15;1021;315.048;40.1
Zone_5851;55871321;55872342;Node_15;1021;314.86;43.0
Zone_5852;55872342;55873363;Node_15;1021;314.334;36.8
Zone_5853;55873363;55874384;Node_15;1021;314.561;46.9
Zone_5854;55874384;55875405;Node_15;1021;315.796;44.0
Zone_5855;55875405;55876426;Node_15;1021;315.074;46.0
Zone_5856;55876426;55877447;Node_15;1021;315.015;40.0
Zone_5857;55877447;55878468;Node_15;1021;315.497;40.5
Zone_5858;55878468;55879489;Node_15;1021;315.04;44.0
Zone_5859;55879489;55880510;Node_15;1021;314.533;42.7
Zone_5860;55880510;55881531;Node_15;1021;314.535;35.3
Zone_5861;55881531;55882552;Node_15;1021;314.172;38.9
Zone_5862;55882552;55883573;Node_15;1021;315.178;38.4
Zone_5863;55883573;55884594;Node_15;1021;316.458;30.3
Zone_5864;55884594;55885615;Node_15;1021;314.979;35.3
Zone_5865;55885615;55886636;Node_15;1021;316.154;41.4
Zone_5866;55886636;55887657;Node_15;1021;315.478;39.4
Zone_5867;55887657;55888678;Node_15;1021;314.074;42.6
Zone_5868;55888678;55889699;Node_15;1021;314.283;41.9
Zone_5869;55889699;55890720;Node_15;1021;314.432;39.1
Zone_5870;55890720;55891741;Node_15;1021;315.109;37.0
Zone_5871;55891741;55892762;Node_15;1021;315.416;34.2
Zone_5872;55892762;55893783;Node_15;1021;315.153;40.5
Zone_5873;55893783;55894804;Node_15;1021;313.835;35.7
Zone_5874;55894804;55895825;Node_15;1021;315.18;37.6
Zone_5875;55895825;55896846;Node_15;1021;314.056;29.0
Zone_5876;55896846;55897867;Node_15;1021;313.812;29.3
Zone_5877;55897867;55898888;Node_15;1021;315.242;32.5
Zone_5878;55898888;55899909;Node_15;1021;313.299;32.1
Zone_5879;55899909;55900930;Node_15;1021;314.597;36.3
Zone_5880;55900930;55901951;Node_15;1021;315.473;39.6
Zone_5881;55901951;55902972;Node_15;1021;313.678;33.2
Zone_5882;55902972;55903993;Node_15;1021;314.808;27.2
Zone_5883;55903993;55905014;Node_15;1021;314.681;35.3
Zone_5884;55905014;55906035;Node_15;1021;315.992;42.0
Zone_5885;55906035;55907056;Node_15;1021;317.175;40.4
Zone_5886;55907056;55908077;Node_15;1021;317.043;43.5
Zone_5887;55908077;55909098;Node_15;1021;316.401;35.4
Zone_5888;55909098;55910119;Node_15;1021;317.633;35.9
Zone_5889;55910119;55911140;Node_15;1021;316.139;38.2
Zone_5890;55911140;55912161;Node_15;1021;314.883;33.0
Zone_5891;55912161;55913182;Node_15;1021;316.174;54.8
Zone_5892;55913182;55914203;Node_15;1021;314.964;50.0
Zone_5893;55914203;55915224;Node_15;1021;315.704;33.3
Zone_5894;55915224;55916245;Node_15;1021;315.604;37.2
Zone_5895;55916245;55917266;Node_15;1021;315.037;34.7
Zone_5896;55917266;55918287;Node_15;1021;314.976;39.4
Zone_5897;55918287;55919308;Node_15;1021;314.835;37.3
Zone_5898;55919308;55920329;Node_15;1021;314.977;35.2
Zone_5899;55920329;55921350;Node_15;1021;315.768;40.5
Zone_5900;55921350;55922371;Node_15;1021;315.695;33.2
Zone_5901;55922371;55923392;Node_15;1021;313.952;29.1
Zone_5902;55923392;55924413;Node_15;1021;316.119;30.1
Zone_5903;55924413;55925434;Node_15;1021;315.255;31.7
Zone_5904;55925434;55926455;Node_15;1021;314.353;35.7
Zone_5905;55926455;55927476;Node_15;1021;314.327;48.7
Zone_5906;55927476;55928497;Node_15;1021;315.257;33.9
Zone_5907;55928497;55929518;Node_15;1021;315.444;37.9
Zone_5908;55929518;55930539;Node_15;1021;317.015;49.5
Zone_5909;55930539;55931560;Node_15;1021;316.396;42.1
Zone_5910;55931560;55932581;Node_15;1021;316.105;38.8
Zone_5911;55932581;55933602;Node_15;1021;313.792;40.3
Zone_5912;55933602;55934623;Node_15;1021;314.984;49.1
Zone_5913;55934623;55935644;Node_15;1021;314.963;41.8
Zone_5914;55935644;55936665;Node_15;1021;316.242;46.3
Zone_5915;55936665;55937686;Node_15;1021;314.544;43.8
Zone_5916;55937686;55938707;Node_15;1021;315.771;55.6
Zone_5917;55938707;55939728;Node_15;1021;315.49;50.4
Zone_5918;55939728;55940749;Node_15;1021;314.886;39.4
Zone_5919;55940749;55941770;Node_15;1021;315.123;36.3
Zone_5920;55941770;55942791;Node_15;1021;314.637;39.1
Zone_5921;55942791;55943812;Node_15;1021;315.783;37.7
Zone_5922;55943812;55944833;Node_15;1021;316.887;40.6
Zone_5923;55944833;55945854;Node_15;1021;316.304;39.4
Zone_5924;55945854;55946875;Node_15;1021;314.806;35.4
Zone_5925;55946875;55947896;Node_15;1021;312.721;37.3
Zone_5926;55947896;55948917;Node_15;1021;314.247;38.1
Zone_5927;55948917;55949938;Node_15;1021;314.553;34.6
Zone_5928;55949938;55950959;Node_15;1021;315.458;36.1
Zone_5929;55950959;55951980;Node_15;1021;315.985;37.2
Zone_5930;55951980;55953001;Node_15;1021;317.26;32.2
Zone_5931;55953001;55954022;Node_15;1021;313.935;44.8
Zone_5932;55954022;55955043;Node_15;1021;316.217;34.1
Zone_5933;55955043;55956064;Node_15;1021;317.973;37.7
Zone_5934;55956064;55957085;Node_15;1021;316.326;33.8
Zone_5935;55957085;55958106;Node_15;1021;314.831;31.8
Zone_5936;55958106;55959127;Node_15;1021;315.13;38.7
Zone_5937;55959127;55960148;Node_15;1021;313.58;44.5
Zone_5938;55960148;55961169;Node_15;1021;315.185;39.2
Zone_5939;55961169;55962190;Node_15;1021;313.391;42.9
Zone_5940;55962190;55963211;Node_15;1021;314.019;41.2
Zone_5941;55963211;55964232;Node_15;1021;315.212;39.7
Zone_5942;55964232;55965253;Node_15;1021;316.577;36.9
Zone_5943;55965253;55966274;Node_15;1021;315.203;35.7
Zone_5944;55966274;55967295;Node_15;1021;314.459;37.4
Zone_5945;55967295;55968316;Node_15;1021;314.919;37.2
Zone_5946;55968316;55969337;Node_15;1021;312.782;41.4
Zone_5947;55969337;55970358;Node_15;1021;314.889;31.2
Zone_5948;55970358;55971379;Node_15;1021;315.353;39.7
Zone_5949;55971379;55972400;Node_15;1021;318.085;45.8
Zone_5950;55972400;55973421;Node_15;1021;317.403;35.4
Zone_5951;55973421;55974442;Node_15;1021;314.681;41.9
Zone_5952;55974442;55975463;Node_15;1021;316.319;39.4
Zone_5953;55975463;55976484;Node_15;1021;315.224;33.5
Zone_5954;55976484;55977505;Node_15;1021;315.955;30.2
Zone_5955;55977505;55978526;Node_15;1021;316.229;35.8
Zone_5956;55978526;55979547;Node_15;1021;316.211;31.8
Zone_5957;55979547;55980568;Node_15;1021;314.76;30.6
Zone_5958;55980568;55981589;Node_15;1021;314.733;36.9
Zone_5959;55981589;55982610;Node_15;1021;315.776;39.3
Zone_5960;55982610;55983631;Node_15;1021;318.967;45.1
Zone_5961;55983631;55984652;Node_15;1021;315.742;30.4
Zone_5962;55984652;55985673;Node_15;1021;314.504;35.2
Zone_5963;55985673;55986694;Node_15;1021;314.849;38.4
Zone_5964;55986694;55987715;Node_15;1021;316.811;36.9
Zone_5965;55987715;55988736;Node_15;1021;315.631;39.7
Zone_5966;55988736;55989757;Node_15;1021;314.651;39.5
Zone_5967;55989757;55990778;Node_15;1021;316.595;40.5
Zone_5968;55990778;55991799;Node_15;1021;315.178;44.6
Zone_5969;55991799;55992820;Node_15;1021;315.486;44.4
Zone_5970;55992820;55993841;Node_15;1021;313.946;36.2
Zone_5971;55993841;55994862;Node_15;1021;313.458;39.3
Zone_5972;55994862;55995883;Node_15;1021;314.945;43.9
Zone_5973;55995883;55996904;Node_15;1021;315.949;43.3
Zone_5974;55996904;55997925;Node_15;1021;314.448;39.2
Zone_5975;55997925;55998946;Node_15;1021;316.387;40.7
Zone_5976;55998946;55999967;Node_15;1021;317.196;33.0
Zone_5977;55999967;56000988;Node_15;1021;315.352;37.8
Zone_5978;56000988;56002009;Node_15;1021;315.96;44.0
Zone_5979;56002009;56003030;Node_15;1021;315.719;37.8
Zone_5980;56003030;56004051;Node_15;1021;314.996;35.1
Zone_5981;56004051;56005072;Node_15;1021;315.561;37.0
Zone_5982;56005072;56006093;Node_15;1021;314.927;37.6
Zone_5983;56006093;56007114;Node_15;1021;315.243;36.7
Zone_5984;56007114;56008135;Node_15;1021;313.691;37.3
Zone_5985;56008135;56009156;Node_15;1021;314.529;38.7
Zone_5986;56009156;56010177;Node_15;1021;315.446;50.4
Zone_5987;56010177;56011198;Node_15;1021;314.121;50.9
Zone_5988;56011198;56012219;Node_15;1021;315.992;43.3
Zone_5989;56012219;56013240;Node_15;1021;316.507;41.7
Zone_5990;56013240;56014261;Node_15;1021;315.465;35.4
Zone_5991;56014261;56015282;Node_15;1021;315.661;36.7
Zone_5992;56015282;56016303;Node_15;1021;315.596;37.0
Zone_5993;56016303;56017324;Node_15;1021;315.873;37.0
Zone_5994;56017324;56018345;Node_15;1021;314.242;39.2
Zone_5995;56018345;56019366;Node_15;1021;315.934;35.4
Zone_5996;56019366;56020387;Node_15;1021;314.789;33.3
Zone_5997;56020387;56021408;Node_15;1021;317.537;39.7
Zone_5998;56021408;56022429;Node_15;1021;314.273;48.7
Zone_5999;56022429;56023450;Node_15;1021;313.636;44.9
Zone_6000;56023450;56024471;Node_15;1021;316.357;42.3
Zone_6001;56024471;56025492;Node_15;1021;314.521;44.1
Zone_6002;56025492;56026513;Node_15;1021;314.255;41.8
Zone_6003;56026513;56027534;Node_15;1021;314.917;37.9
Zone_6004;56027534;56028555;Node_15;1021;315.364;45.3
Zone_6005;56028555;56029576;Node_15;1021;314.593;41.0
Zone_6006;56029576;56030597;Node_15;1021;314.064;38.2
Zone_6007;56030597;56031618;Node_15;1021;314.508;37.1
Zone_6008;56031618;56032639;Node_15;1021;315.091;36.0
Zone_6009;56032639;56033660;Node_15;1021;314.675;41.7
Zone_6010;56033660;56034681;Node_15;1021;315.129;32.3
Zone_6011;56034681;56035702;Node_15;1021;314.56;46.5
Zone_6012;56035702;56036723;Node_15;1021;315.057;39.8
Zone_6013;56036723;56037744;Node_15;1021;313.933;39.6
Zone_6014;56037744;56038765;Node_15;1021;313.343;40.5
Zone_6015;56038765;56039786;Node_15;1021;314.851;44.1
Zone_6016;56039786;56040807;Node_15;1021;315.294;48.0
Zone_6017;56040807;56041828;Node_15;1021;313.504;40.1
Zone_6018;56041828;56042849;Node_15;1021;315.542;36.2
Zone_6019;56042849;56043870;Node_15;1021;313.557;47.1
Zone_6020;56043870;56044891;Node_15;1021;315.821;41.9
Zone_6021;56044891;56045912;Node_15;1021;315.239;37.8
Zone_6022;56045912;56046933;Node_15;1021;315.313;36.7
Zone_6023;56046933;56047954;Node_15;1021;315.415;34.4
Zone_6024;56047954;56048975;Node_15;1021;314.348;39.1
Zone_6025;56048975;56049996;Node_15;1021;315.201;38.2
Zone_6026;56049996;56051017;Node_15;1021;314.692;39.1
Zone_6027;56051017;56052038;Node_15;1021;314.687;35.3
Zone_6028;56052038;56053059;Node_15;1021;316.334;41.0
Zone_6029;56053059;56054080;Node_15;1021;316.603;37.7
Zone_6030;56054080;56055101;Node_15;1021;316.317;41.7
Zone_6031;56055101;56056122;Node_15;1021;316.377;38.4
Zone_6032;56056122;56057143;Node_15;1021;315.689;38.0
Zone_6033;56057143;56058164;Node_15;1021;316.083;42.0
Zone_6034;56058164;56059185;Node_15;1021;316.36;39.2
Zone_6035;56059185;56060206;Node_15;1021;315.176;34.7
Zone_6036;56060206;56061227;Node_15;1021;314.829;45.5
Zone_6037;56061227;56062248;Node_15;1021;316.669;38.8
Zone_6038;56062248;56063269;Node_15;1021;317.782;47.6
Zone_6039;56063269;56064290;Node_15;1021;316.273;40.0
Zone_6040;56064290;56065311;Node_15;1021;316.255;39.4
Zone_6041;56065311;56066332;Node_15;1021;314.341;37.9
Zone_6042;56066332;56067353;Node_15;1021;314.593;43.2
Zone_6043;56067353;56068374;Node_15;1021;314.411;40.4
Zone_6044;56068374;56069395;Node_15;1021;315.329;38.4
Zone_6045;56069395;56070416;Node_15;1021;317.187;41.9
Zone_6046;56070416;56071437;Node_15;1021;314.731;35.4
Zone_6047;56071437;56072458;Node_15;1021;315.851;35.9
Zone_6048;56072458;56073479;Node_15;1021;315.919;42.5
Zone_6049;56073479;56074500;Node_15;1021;315.228;42.7
Zone_6050;56074500;56075521;Node_15;1021;315.506;35.2
Zone_6051;56075521;56076542;Node_15;1021;313.831;37.1
Zone_6052;56076542;56077563;Node_15;1021;315.352;44.9
Zone_6053;56077563;56078584;Node_15;1021;315.301;36.1
Zone_6054;56078584;56079605;Node_15;1021;316.346;34.0
Zone_6055;56079605;56080626;Node_15;1021;316.031;43.7
Zone_6056;56080626;56081647;Node_15;1021;314.649;44.7
Zone_6057;56081647;56082668;Node_15;1021;311.965;34.9
Zone_6058;56082668;56083689;Node_15;1021;313.469;35.7
Zone_6059;56083689;56084710;Node_15;1021;315.205;40.1
Zone_6060;56084710;56085731;Node_15;1021;315.66;37.1
Zone_6061;56085731;56086752;Node_15;1021;316.346;25.8
Zone_6062;56086752;56087773;Node_15;1021;316.14;37.6
Zone_6063;56087773;56088794;Node_15;1021;314.751;32.6
Zone_6064;56088794;56089815;Node_15;1021;316.631;49.1
Zone_6065;56089815;56090836;Node_15;1021;316.045;50.8
Zone_6066;56090836;56091857;Node_15;1021;317.009;40.8
Zone_6067;56091857;56092878;Node_15;1021;315.615;39.3
Zone_6068;56092878;56093899;Node_15;1021;314.979;38.8
Zone_6069;56093899;56094920;Node_15;1021;316.064;37.4
Zone_6070;56094920;56095941;Node_15;1021;315.109;46.6
Zone_6071;56095941;56096962;Node_15;1021;316.348;43.2
Zone_6072;56096962;56097983;Node_15;1021;314.866;32.5
Zone_6073;56097983;56099004;Node_15;1021;315.619;35.7
Zone_6074;56099004;56100025;Node_15;1021;314.442;37.2
Zone_6075;56100025;56101046;Node_15;1021;315.239;36.8
Zone_6076;56101046;56102067;Node_15;1021;315.034;39.2
Zone_6077;56102067;56103088;Node_15;1021;314.265;35.6
Zone_6078;56103088;56104109;Node_15;1021;314.538;32.5
Zone_6079;56104109;56105130;Node_15;1021;314.13;36.7
Zone_6080;56105130;56106151;Node_15;1021;315.659;41.7
Zone_6081;56106151;56107172;Node_15;1021;316.073;49.5
Zone_6082;56107172;56108193;Node_15;1021;316.155;39.2
Zone_6083;56108193;56109214;Node_15;1021;315.898;41.4
Zone_6084;56109214;56110235;Node_15;1021;315.72;37.5
Zone_6085;56110235;56111256;Node_15;1021;314.533;35.7
Zone_6086;56111256;56112277;Node_15;1021;315.416;32.6
Zone_6087;56112277;56113298;Node_15;1021;315.006;34.4
Zone_6088;56113298;56114319;Node_15;1021;316.806;36.3
Zone_6089;56114319;56115340;Node_15;1021;315.03;28.2
Zone_6090;56115340;56116361;Node_15;1021;315.478;39.6
Zone_6091;56116361;56117382;Node_15;1021;317.616;42.5
Zone_6092;56117382;56118403;Node_15;1021;318.62;42.4
Zone_6093;56118403;56119424;Node_15;1021;317.126;42.3
Zone_6094;56119424;56120445;Node_15;1021;313.967;35.9
Zone_6095;56120445;56121466;Node_15;1021;315.534;40.4
Zone_6096;56121466;56122487;Node_15;1021;314.576;35.7
Zone_6097;56122487;56123508;Node_15;1021;315.537;36.0
Zone_6098;56123508;56124529;Node_15;1021;315.133;37.3
Zone_6099;56124529;56125550;Node_15;1021;315.732;47.1
Zone_6100;56125550;56126571;Node_15;1021;313.614;40.9
Zone_6101;56126571;56127592;Node_15;1021;314.694;36.3
Zone_6102;56127592;56128613;Node_15;1021;315.262;36.7
Zone_6103;56128613;56129634;Node_15;1021;312.619;35.5
Zone_6104;56129634;56130655;Node_15;1021;314.987;41.0
Zone_6105;56130655;56131676;Node_15;1021;315.555;37.1
Zone_6106;56131676;56132697;Node_15;1021;314.573;41.7
Zone_6107;56132697;56133718;Node_15;1021;316.712;39.1
Zone_6108;56133718;56134739;Node_15;1021;315.037;49.5
Zone_6109;56134739;56135760;Node_15;1021;314.677;48.0
Zone_6110;56135760;56136781;Node_15;1021;316.084;44.6
Zone_6111;56136781;56137802;Node_15;1021;314.144;39.2
Zone_6112;56137802;56138823;Node_15;1021;314.883;33.2
Zone_6113;56138823;56139844;Node_15;1021;315.756;37.7
Zone_6114;56139844;56140865;Node_15;1021;315.207;39.5
Zone_6115;56140865;56141886;Node_15;1021;315.315;43.8
Zone_6116;56141886;56142907;Node_15;1021;314.835;40.5
Zone_6117;56142907;56143928;Node_15;1021;313.25;35.2
Zone_6118;56143928;56144949;Node_15;1021;315.364;41.2
Zone_6119;56144949;56145970;Node_15;1021;315.498;45.2
Zone_6120;56145970;56146991;Node_15;1021;314.979;41.2
Zone_6121;56146991;56148012;Node_15;1021;315.946;37.1
Zone_6122;56148012;56149033;Node_15;1021;315.472;35.5
Zone_6123;56149033;56150054;Node_15;1021;315.984;37.9
Zone_6124;56150054;56151075;Node_15;1021;314.107;45.5
Zone_6125;56151075;56152096;Node_15;1021;314.888;36.7
Zone_6126;56152096;56153117;Node_15;1021;315.278;43.4
Zone_6127;56153117;56154138;Node_15;1021;316.538;34.8
Zone_6128;56154138;56155159;Node_15;1021;315.876;32.6
Zone_6129;56155159;56156180;Node_15;1021;316.545;36.3
Zone_6130;56156180;56157201;Node_15;1021;316.225;48.0
Zone_6131;56157201;56158222;Node_15;1021;316.101;46.4
Zone_6132;56158222;56159243;Node_15;1021;317.072;35.1
Zone_6133;56159243;56160264;Node_15;1021;316.86;45.1
Zone_6134;56160264;56161285;Node_15;1021;315.155;37.1
Zone_6135;56161285;56162306;Node_15;1021;315.526;35.1
Zone_6136;56162306;56163327;Node_15;1021;315.641;34.6
Zone_6137;56163327;56164348;Node_15;1021;315.287;35.2
Zone_6138;56164348;56165369;Node_15;1021;315.37;32.7
Zone_6139;56165369;56166390;Node_15;1021;316.1;39.1
Zone_6140;56166390;56167411;Node_15;1021;315.921;43.0
Zone_6141;56167411;56168432;Node_15;1021;318.083;39.5
Zone_6142;56168432;56169453;Node_15;1021;315.372;40.1
Zone_6143;56169453;56170474;Node_15;1021;314.686;31.1
Zone_6144;56170474;56171495;Node_16;1021;315.627;46.7
Zone_6145;56171495;56172516;Node_16;1021;314.028;30.7
Zone_6146;56172516;56173537;Node_16;1021;314.425;34.5
Zone_6147;56173537;56174558;Node_16;1021;313.8;32.7
Zone_6148;56174558;56175579;Node_16;1021;315.486;38.1
Zone_6149;56175579;56176600;Node_16;1021;315.885;32.6
Zone_6150;56176600;56177621;Node_16;1021;315.567;33.7
Zone_6151;56177621;56178642;Node_16;1021;315.462;42.0
Zone_6152;56178642;56179663;Node_16;1021;315.18;36.0
Zone_6153;56179663;56180684;Node_16;1021;314.777;37.9
Zone_6154;56180684;56181705;Node_16;1021;317.286;36.8
Zone_6155;56181705;56182726;Node_16;1021;317.277;44.6
Zone_6156;56182726;56183747;Node_16;1021;316.336;36.0
Zone_6157;56183747;56184768;Node_16;1021;316.192;40.1
Zone_6158;56184768;56185789;Node_16;1021;315.71;37.0
Zone_6159;56185789;56186810;Node_16;1021;315.712;38.3
Zone_6160;56186810;56187831;Node_16;1021;315.811;29.4
Zone_6161;56187831;56188852;Node_16;1021;315.544;38.8
Zone_6162;56188852;56189873;Node_16;1021;315.432;41.8
Zone_6163;56189873;56190894;Node_16;1021;317.311;44.4
Zone_6164;56190894;56191915;Node_16;1021;314.624;43.0
Zone_6165;56191915;56192936;Node_16;1021;314.781;41.1
Zone_6166;56192936;56193957;Node_16;1021;315.434;42.0
Zone_6167;56193957;56194978;Node_16;1021;315.416;40.8
Zone_6168;56194978;56195999;Node_16;1021;314.204;39.1
Zone_6169;56195999;56197020;Node_16;1021;313.992;41.5
Zone_6170;56197020;56198041;Node_16;1021;313.79;41.6
Zone_6171;56198041;56199062;Node_16;1021;315.051;41.2
Zone_6172;56199062;56200083;Node_16;1021;315.071;40.7
Zone_6173;56200083;56201104;Node_16;1021;315.822;39.7
Zone_6174;56201104;56202125;Node_16;1021;314.416;40.9
Zone_6175;56202125;56203146;Node_16;1021;315.02;39.2
Zone_6176;56203146;56204167;Node_16;1021;315.496;42.1
Zone_6177;56204167;56205188;Node_16;1021;316.178;37.3
Zone_6178;56205188;56206209;Node_16;1021;314.98;39.9
Zone_6179;56206209;56207230;Node_16;1021;314.382;45.2
Zone_6180;56207230;56208251;Node_16;1021;315.412;40.8
Zone_6181;56208251;56209272;Node_16;1021;316.092;35.7
Zone_6182;56209272;56210293;Node_16;1021;316.342;31.5
Zone_6183;56210293;56211314;Node_16;1021;315.982;34.6
Zone_6184;56211314;56212335;Node_16;1021;315.574;31.3
Zone_6185;56212335;56213356;Node_16;1021;313.27;38.0
Zone_6186;56213356;56214377;Node_16;1021;312.645;40.3
Zone_6187;56214377;56215398;Node_16;1021;311.877;40.1
Zone_6188;56215398;56216419;Node_16;1021;314.739;40.4
Zone_6189;56216419;56217440;Node_16;1021;315.208;33.4
Zone_6190;56217440;56218461;Node_16;1021;315.456;36.9
Zone_6191;56218461;56219482;Node_16;1021;316.634;34.9
Zone_6192;56219482;56220503;Node_16;1021;315.257;40.6
Zone_6193;56220503;56221524;Node_16;1021;315.493;35.7
Zone_6194;56221524;56222545;Node_16;1021;315.735;37.0
Zone_6195;56222545;56223566;Node_16;1021;313.761;35.6
Zone_6196;56223566;56224587;Node_16;1021;314.63;39.1
Zone_6197;56224587;56225608;Node_16;1021;314.947;45.5
Zone_6198;56225608;56226629;Node_16;1021;315.002;35.7
Zone_6199;56226629;56227650;Node_16;1021;315.638;40.0
Zone_6200;56227650;56228671;Node_16;1021;314.196;40.9
Zone_6201;56228671;56229692;Node_16;1021;315.822;36.6
Zone_6202;56229692;56230713;Node_16;1021;316.081;40.8
Zone_6203;56230713;56231734;Node_16;1021;316.31;41.3
Zone_6204;56231734;56232755;Node_16;1021;317.275;43.1
Zone_6205;56232755;56233776;Node_16;1021;314.539;43.3
Zone_6206;56233776;56234797;Node_16;1021;313.929;38.6
Zone_6207;56234797;56235818;Node_16;1021;317.779;45.1
Zone_6208;56235818;56236839;Node_16;1021;316.343;41.1
Zone_6209;56236839;56237860;Node_16;1021;316.426;38.5
Zone_6210;56237860;56238881;Node_16;1021;314.601;37.7
Zone_6211;56238881;56239902;Node_16;1021;315.571;39.4
Zone_6212;56239902;56240923;Node_16;1021;316.315;31.4
Zone_6213;56240923;56241944;Node_16;1021;316.056;36.0
Zone_6214;56241944;56242965;Node_16;1021;314.186;42.5
Zone_6215;56242965;56243986;Node_16;1021;314.259;41.4
Zone_6216;56243986;56245007;Node_16;1021;315.192;38.6
Zone_6217;56245007;56246028;Node_16;1021;316.06;39.4
Zone_6218;56246028;56247049;Node_16;1021;315.157;40.8
Zone_6219;56247049;56248070;Node_16;1021;314.765;39.4
Zone_6220;56248070;56249091;Node_16;1021;315.578;26.2
Zone_6221;56249091;56250112;Node_16;1021;314.098;38.7
Zone_6222;56250112;56251133;Node_16;1021;313.095;40.1
Zone_6223;56251133;56252154;Node_16;1021;316.535;42.7
Zone_6224;56252154;56253175;Node_16;1021;318.505;41.6
Zone_6225;56253175;56254196;Node_16;1021;314.217;41.5
Zone_6226;56254196;56255217;Node_16;1021;314.761;42.0
Zone_6227;56255217;56256238;Node_16;1021;315.175;45.1
Zone_6228;56256238;56257259;Node_16;1021;315.498;40.4
Zone_6229;56257259;56258280;Node_16;1021;315.197;41.5
Zone_6230;56258280;56259301;Node_16;1021;315.269;45.5
Zone_6231;56259301;56260322;Node_16;1021;315.343;42.6
Zone_6232;56260322;56261343;Node_16;1021;317.181;44.8
Zone_6233;56261343;56262364;Node_16;1021;316.48;44.5
Zone_6234;56262364;56263385;Node_16;1021;315.836;39.9
Zone_6235;56263385;56264406;Node_16;1021;317.039;39.2
Zone_6236;56264406;56265427;Node_16;1021;314.067;45.6
Zone_6237;56265427;56266448;Node_16;1021;315.496;35.0
Zone_6238;56266448;56267469;Node_16;1021;315.487;39.3
Zone_6239;56267469;56268490;Node_16;1021;316.471;35.5
Zone_6240;56268490;56269511;Node_16;1021;315.688;41.5
Zone_6241;56269511;56270532;Node_16;1021;315.994;31.9
Zone_6242;56270532;56271553;Node_16;1021;315.016;36.2
Zone_6243;56271553;56272574;Node_16;1021;316.137;37.3
Zone_6244;56272574;56273595;Node_16;1021;315.163;37.7
Zone_6245;56273595;56274616;Node_16;1021;316.057;38.2
Zone_6246;56274616;56275637;Node_16;1021;315.958;37.4
Zone_6247;56275637;56276658;Node_16;1021;314.575;36.7
Zone_6248;56276658;56277679;Node_16;1021;315.51;35.8
Zone_6249;56277679;56278700;Node_16;1021;314.665;35.0
Zone_6250;56278700;56279721;Node_16;1021;314.075;39.1
Zone_6251;56279721;56280742;Node_16;1021;314.811;40.5
Zone_6252;56280742;56281763;Node_16;1021;315.198;38.7
Zone_6253;56281763;56282784;Node_16;1021;315.227;37.9
Zone_6254;56282784;56283805;Node_16;1021;314.377;40.9
Zone_6255;56283805;56284826;Node_16;1021;315.919;39.9
Zone_6256;56284826;56285847;Node_16;1021;314.099;43.2
Zone_6257;56285847;56286868;Node_16;1021;315.896;46.1
Zone_6258;56286868;56287889;Node_16;1021;313.78;44.5
Zone_6259;56287889;56288910;Node_16;1021;316.212;45.2
Zone_6260;56288910;56289931;Node_16;1021;316.167;42.1
Zone_6261;56289931;56290952;Node_16;1021;314.925;36.5
Zone_6262;56290952;56291973;Node_16;1021;315.221;46.9
Zone_6263;56291973;56292994;Node_16;1021;314.217;41.8
Zone_6264;56292994;56294015;Node_16;1021;314.28;42.7
Zone_6265;56294015;56295036;Node_16;1021;311.545;43.9
Zone_6266;56295036;56296057;Node_16;1021;315.179;43.4
Zone_6267;56296057;56297078;Node_16;1021;315.138;45.2
Zone_6268;56297078;56298099;Node_16;1021;315.75;37.8
Zone_6269;56298099;56299120;Node_16;1021;314.594;35.3
Zone_6270;56299120;56300141;Node_16;1021;314.315;43.5
Zone_6271;56300141;56301162;Node_16;1021;315.351;43.1
Zone_6272;56301162;56302183;Node_16;1021;313.753;36.4
Zone_6273;56302183;56303204;Node_16;1021;313.722;46.9
Zone_6274;56303204;56304225;Node_16;1021;314.47;42.7
Zone_6275;56304225;56305246;Node_16;1021;316.733;41.6
Zone_6276;56305246;56306267;Node_16;1021;315.018;39.2
Zone_6277;56306267;56307288;Node_16;1021;314.028;40.8
Zone_6278;56307288;56308309;Node_16;1021;315.754;39.1
Zone_6279;56308309;56309330;Node_16;1021;315.502;38.7
Zone_6280;56309330;56310351;Node_16;1021;315.274;40.7
Zone_6281;56310351;56311372;Node_16;1021;315.347;42.5
Zone_6282;56311372;56312393;Node_16;1021;313.23;44.4
Zone_6283;56312393;56313414;Node_16;1021;317.367;42.2
Zone_6284;56313414;56314435;Node_16;1021;316.372;35.6
Zone_6285;56314435;56315456;Node_16;1021;316.536;33.7
Zone_6286;56315456;56316477;Node_16;1021;317.669;41.3
Zone_6287;56316477;56317498;Node_16;1021;318.217;34.3
Zone_6288;56317498;56318519;Node_16;1021;315.703;42.8
Zone_6289;56318519;56319540;Node_16;1021;314.357;43.1
Zone_6290;56319540;56320561;Node_16;1021;315.637;39.4
Zone_6291;56320561;56321582;Node_16;1021;314.465;42.2
Zone_6292;56321582;56322603;Node_16;1021;316.794;46.0
Zone_6293;56322603;56323624;Node_16;1021;314.893;45.6
Zone_6294;56323624;56324645;Node_16;1021;315.529;37.9
Zone_6295;56324645;56325666;Node_16;1021;315.069;42.9
Zone_6296;56325666;56326687;Node_16;1021;316.833;39.6
Zone_6297;56326687;56327708;Node_16;1021;318.697;38.8
Zone_6298;56327708;56328729;Node_16;1021;315.26;39.7
Zone_6299;56328729;56329750;Node_16;1021;314.066;40.4
Zone_6300;56329750;56330771;Node_16;1021;314.066;40.6
Zone_6301;56330771;56331792;Node_16;1021;315.12;39.4
Zone_6302;56331792;56332813;Node_16;1021;315.83;43.0
Zone_6303;56332813;56333834;Node_16;1021;315.793;45.1
Zone_6304;56333834;56334855;Node_16;1021;315.002;44.2
Zone_6305;56334855;56335876;Node_16;1021;314.707;40.5
Zone_6306;56335876;56336897;Node_16;1021;316.128;41.9
Zone_6307;56336897;56337918;Node_16;1021;315.85;39.2
Zone_6308;56337918;56338939;Node_16;1021;314.714;38.0
Zone_6309;56338939;56339960;Node_16;1021;314.396;37.1
Zone_6310;56339960;56340981;Node_16;1021;313.827;53.1
Zone_6311;56340981;56342002;Node_16;1021;316.827;40.6
Zone_6312;56342002;56343023;Node_16;1021;315.498;47.0
Zone_6313;56343023;56344044;Node_16;1021;315.945;46.3
Zone_6314;56344044;56345065;Node_16;1021;315.755;35.0
Zone_6315;56345065;56346086;Node_16;1021;315.622;31.2
Zone_6316;56346086;56347107;Node_16;1021;315.234;34.0
Zone_6317;56347107;56348128;Node_16;1021;315.784;33.5
Zone_6318;56348128;56349149;Node_16;1021;316.871;38.3
Zone_6319;56349149;56350170;Node_16;1021;314.184;32.8
Zone_6320;56350170;56351191;Node_16;1021;314.158;34.9
Zone_6321;56351191;56352212;Node_16;1021;314.164;36.5
Zone_6322;56352212;56353233;Node_16;1021;314.342;40.5
Zone_6323;56353233;56354254;Node_16;1021;313.358;35.9
Zone_6324;56354254;56355275;Node_16;1021;313.701;37.4
Zone_6325;56355275;56356296;Node_16;1021;315.509;38.2
Zone_6326;56356296;56357317;Node_16;1021;317.212;45.9
Zone_6327;56357317;56358338;Node_16;1021;314.602;42.8
Zone_6328;56358338;56359359;Node_16;1021;315.707;35.9
Zone_6329;56359359;56360380;Node_16;1021;314.784;49.3
Zone_6330;56360380;56361401;Node_16;1021;316.263;45.1
Zone_6331;56361401;56362422;Node_16;1021;314.314;31.8
Zone_6332;56362422;56363443;Node_16;1021;315.325;36.5
Zone_6333;56363443;56364464;Node_16;1021;315.023;38.7
Zone_6334;56364464;56365485;Node_16;1021;315.305;36.2
Zone_6335;56365485;56366506;Node_16;1021;315.297;37.9
Zone_6336;56366506;56367527;Node_16;1021;315.051;39.7
Zone_6337;56367527;56368548;Node_16;1021;315.55;38.6
Zone_6338;56368548;56369569;Node_16;1021;316.903;38.6
Zone_6339;56369569;56370590;Node_16;1021;316.039;39.7
Zone_6340;56370590;56371611;Node_16;1021;313.821;43.6
Zone_6341;56371611;56372632;Node_16;1021;313.737;40.8
Zone_6342;56372632;56373653;Node_16;1021;315.416;38.4
Zone_6343;56373653;56374674;Node_16;1021;314.588;43.6
Zone_6344;56374674;56375695;Node_16;1021;315.398;42.5
Zone_6345;56375695;56376716;Node_16;1021;315.665;38.7
Zone_6346;56376716;56377737;Node_16;1021;314.062;42.4
Zone_6347;56377737;56378758;Node_16;1021;315.367;48.8
Zone_6348;56378758;56379779;Node_16;1021;313.42;44.7
Zone_6349;56379779;56380800;Node_16;1021;316.56;43.6
Zone_6350;56380800;56381821;Node_16;1021;317.027;43.1
Zone_6351;56381821;56382842;Node_16;1021;315.066;43.5
Zone_6352;56382842;56383863;Node_16;1021;314.036;45.1
Zone_6353;56383863;56384884;Node_16;1021;312.305;48.4
Zone_6354;56384884;56385905;Node_16;1021;316.442;36.1
Zone_6355;56385905;56386926;Node_16;1021;314.905;35.0
Zone_6356;56386926;56387947;Node_16;1021;312.655;38.6
Zone_6357;56387947;56388968;Node_16;1021;314.661;38.9
Zone_6358;56388968;56389989;Node_16;1021;314.527;36.7
Zone_6359;56389989;56391010;Node_16;1021;316.812;44.9
Zone_6360;56391010;56392031;Node_16;1021;316.59;43.5
Zone_6361;56392031;56393052;Node_16;1021;314.579;47.9
Zone_6362;56393052;56394073;Node_16;1021;315.232;41.2
Zone_6363;56394073;56395094;Node_16;1021;313.83;47.2
Zone_6364;56395094;56396115;Node_16;1021;315.628;37.7
Zone_6365;56396115;56397136;Node_16;1021;314.57;42.1
Zone_6366;56397136;56398157;Node_16;1021;315.329;39.4
Zone_6367;56398157;56399178;Node_16;1021;315.981;37.7
Zone_6368;56399178;56400199;Node_16;1021;315.421;44.8
Zone_6369;56400199;56401220;Node_16;1021;316.16;42.7
Zone_6370;56401220;56402241;Node_16;1021;313.442;41.4
Zone_6371;56402241;56403262;Node_16;1021;316.245;43.2
Zone_6372;56403262;56404283;Node_16;1021;316.065;40.2
Zone_6373;56404283;56405304;Node_16;1021;313.963;47.8
Zone_6374;56405304;56406325;Node_16;1021;315.611;43.6
Zone_6375;56406325;56407346;Node_16;1021;314.621;45.2
Zone_6376;56407346;56408367;Node_16;1021;314.141;46.0
Zone_6377;56408367;56409388;Node_16;1021;315.349;39.2
Zone_6378;56409388;56410409;Node_16;1021;314.902;36.5
Zone_6379;56410409;56411430;Node_16;1021;314.167;42.5
Zone_6380;56411430;56412451;Node_16;1021;315.204;46.1
Zone_6381;56412451;56413472;Node_16;1021;316.26;41.4
Zone_6382;56413472;56414493;Node_16;1021;312.432;47.2
Zone_6383;56414493;56415514;Node_16;1021;313.997;47.9
Zone_6384;56415514;56416535;Node_16;1021;315.248;51.1
Zone_6385;56416535;56417556;Node_16;1021;314.432;46.5
Zone_6386;56417556;56418577;Node_16;1021;315.574;47.0
Zone_6387;56418577;56419598;Node_16;1021;312.624;42.8
Zone_6388;56419598;56420619;Node_16;1021;314.328;40.9
Zone_6389;56420619;56421640;Node_16;1021;313.297;39.7
Zone_6390;56421640;56422661;Node_16;1021;313.686;44.5
Zone_6391;56422661;56423682;Node_16;1021;314.739;36.1
Zone_6392;56423682;56424703;Node_16;1021;314.567;46.4
Zone_6393;56424703;56425724;Node_16;1021;314.765;47.0
Zone_6394;56425724;56426745;Node_16;1021;314.04;43.6
Zone_6395;56426745;56427766;Node_16;1021;316.734;46.9
Zone_6396;56427766;56428787;Node_16;1021;315.262;43.7
Zone_6397;56428787;56429808;Node_16;1021;315.126;44.6
Zone_6398;56429808;56430829;Node_16;1021;315.565;45.2
Zone_6399;56430829;56431850;Node_16;1021;316.6;44.8
Zone_6400;56431850;56432871;Node_16;1021;316.101;47.0
Zone_6401;56432871;56433892;Node_16;1021;312.354;49.9
Zone_6402;56433892;56434913;Node_16;1021;315.683;47.8
Zone_6403;56434913;56435934;Node_16;1021;315.112;47.3
Zone_6404;56435934;56436955;Node_16;1021;314.744;46.6
Zone_6405;56436955;56437976;Node_16;1021;313.972;48.6
Zone_6406;56437976;56438997;Node_16;1021;316.089;44.9
Zone_6407;56438997;56440018;Node_16;1021;314.968;46.4
Zone_6408;56440018;56441039;Node_16;1021;314.875;39.6
Zone_6409;56441039;56442060;Node_16;1021;316.566;44.8
Zone_6410;56442060;56443081;Node_16;1021;315.356;45.1
Zone_6411;56443081;56444102;Node_16;1021;315.133;43.6
Zone_6412;56444102;56445123;Node_16;1021;315.209;44.7
Zone_6413;56445123;56446144;Node_16;1021;313.905;43.3
Zone_6414;56446144;56447165;Node_16;1021;314.918;48.4
Zone_6415;56447165;56448186;Node_16;1021;314.951;44.8
Zone_6416;56448186;56449207;Node_16;1021;315.262;41.9
Zone_6417;56449207;56450228;Node_16;1021;316.339;47.6
Zone_6418;56450228;56451249;Node_16;1021;315.569;50.1
Zone_6419;56451249;56452270;Node_16;1021;313.834;48.9
Zone_6420;56452270;56453291;Node_16;1021;314.451;47.4
Zone_6421;56453291;56454312;Node_16;1021;315.929;47.3
Zone_6422;56454312;56455333;Node_16;1021;316.009;40.2
Zone_6423;56455333;56456354;Node_16;1021;316.628;37.6
Zone_6424;56456354;56457375;Node_16;1021;314.08;41.2
Zone_6425;56457375;56458396;Node_16;1021;314.528;46.0
Zone_6426;56458396;56459417;Node_16;1021;314.988;46.4
Zone_6427;56459417;56460438;Node_16;1021;315.0;40.9
Zone_6428;56460438;56461459;Node_16;1021;316.058;43.1
Zone_6429;56461459;56462480;Node_16;1021;312.16;48.0
Zone_6430;56462480;56463501;Node_16;1021;315.978;47.8
Zone_6431;56463501;56464522;Node_16;1021;314.437;46.6
Zone_6432;56464522;56465543;Node_16;1021;316.216;42.8
Zone_6433;56465543;56466564;Node_16;1021;312.922;42.3
Zone_6434;56466564;56467585;Node_16;1021;315.344;44.5
Zone_6435;56467585;56468606;Node_16;1021;316.031;39.6
Zone_6436;56468606;56469627;Node_16;1021;315.718;44.4
Zone_6437;56469627;56470648;Node_16;1021;314.294;38.5
Zone_6438;56470648;56471669;Node_16;1021;318.253;40.2
Zone_6439;56471669;56472690;Node_16;1021;315.48;40.5
Zone_6440;56472690;56473711;Node_16;1021;315.408;46.0
Zone_6441;56473711;56474732;Node_16;1021;314.359;45.7
Zone_6442;56474732;56475753;Node_16;1021;315.806;48.2
Zone_6443;56475753;56476774;Node_16;1021;315.662;47.1
Zone_6444;56476774;56477795;Node_16;1021;313.948;55.6
Zone_6445;56477795;56478816;Node_16;1021;313.919;47.0
Zone_6446;56478816;56479837;Node_16;1021;314.54;45.2
Zone_6447;56479837;56480858;Node_16;1021;314.199;35.7
Zone_6448;56480858;56481879;Node_16;1021;314.717;40.9
Zone_6449;56481879;56482900;Node_16;1021;313.454;27.8
Zone_6450;56482900;56483921;Node_16;1021;315.029;41.6
Zone_6451;56483921;56484942;Node_16;1021;315.493;35.0
Zone_6452;56484942;56485963;Node_16;1021;316.407;43.4
Zone_6453;56485963;56486984;Node_16;1021;316.222;45.3
Zone_6454;56486984;56488005;Node_16;1021;315.777;33.8
Zone_6455;56488005;56489026;Node_16;1021;315.617;36.1
Zone_6456;56489026;56490047;Node_16;1021;315.598;42.2
Zone_6457;56490047;56491068;Node_16;1021;314.097;44.2
Zone_6458;56491068;56492089;Node_16;1021;315.278;39.8
Zone_6459;56492089;56493110;Node_16;1021;314.439;49.1
Zone_6460;56493110;56494131;Node_16;1021;316.416;45.5
Zone_6461;56494131;56495152;Node_16;1021;314.592;37.7
Zone_6462;56495152;56496173;Node_16;1021;315.332;45.9
Zone_6463;56496173;56497194;Node_16;1021;315.907;43.7
Zone_6464;56497194;56498215;Node_16;1021;315.867;38.9
Zone_6465;56498215;56499236;Node_16;1021;313.209;46.6
Zone_6466;56499236;56500257;Node_16;1021;314.997;40.4
Zone_6467;56500257;56501278;Node_16;1021;318.719;46.3
Zone_6468;56501278;56502299;Node_16;1021;315.154;41.7
Zone_6469;56502299;56503320;Node_16;1021;315.198;41.5
Zone_6470;56503320;56504341;Node_16;1021;316.221;48.0
Zone_6471;56504341;56505362;Node_16;1021;314.534;41.1
Zone_6472;56505362;56506383;Node_16;1021;314.576;42.6
Zone_6473;56506383;56507404;Node_16;1021;315.441;50.1
Zone_6474;56507404;56508425;Node_16;1021;317.663;45.4
Zone_6475;56508425;56509446;Node_16;1021;314.465;48.6
Zone_6476;56509446;56510467;Node_16;1021;316.021;49.0
Zone_6477;56510467;56511488;Node_16;1021;315.364;47.6
Zone_6478;56511488;56512509;Node_16;1021;315.779;48.5
Zone_6479;56512509;56513530;Node_16;1021;317.116;41.9
Zone_6480;56513530;56514551;Node_16;1021;317.936;36.7
Zone_6481;56514551;56515572;Node_16;1021;315.661;40.3
Zone_6482;56515572;56516593;Node_16;1021;315.726;45.3
Zone_6483;56516593;56517614;Node_16;1021;314.549;43.0
Zone_6484;56517614;56518635;Node_16;1021;315.087;46.3
Zone_6485;56518635;56519656;Node_16;1021;315.373;46.8
Zone_6486;56519656;56520677;Node_16;1021;315.391;46.2
Zone_6487;56520677;56521698;Node_16;1021;316.996;46.0
Zone_6488;56521698;56522719;Node_16;1021;315.16;40.4
Zone_6489;56522719;56523740;Node_16;1021;315.362;40.9
Zone_6490;56523740;56524761;Node_16;1021;315.906;45.7
Zone_6491;56524761;56525782;Node_16;1021;315.353;41.4
Zone_6492;56525782;56526803;Node_16;1021;315.192;42.6
Zone_6493;56526803;56527824;Node_16;1021;315.623;40.5
Zone_6494;56527824;56528845;Node_16;1021;315.269;42.5
Zone_6495;56528845;56529866;Node_16;1021;314.847;39.9
Zone_6496;56529866;56530887;Node_16;1021;312.43;43.4
Zone_6497;56530887;56531908;Node_16;1021;314.002;42.3
Zone_6498;56531908;56532929;Node_16;1021;315.405;45.5
Zone_6499;56532929;56533950;Node_16;1021;315.767;45.9
Zone_6500;56533950;56534971;Node_16;1021;315.597;44.2
Zone_6501;56534971;56535992;Node_16;1021;315.351;41.6
Zone_6502;56535992;56537013;Node_16;1021;314.69;43.2
Zone_6503;56537013;56538034;Node_16;1021;314.91;47.2
Zone_6504;56538034;56539055;Node_16;1021;315.462;42.6
Zone_6505;56539055;56540076;Node_16;1021;315.258;37.8
Zone_6506;56540076;56541097;Node_16;1021;315.392;40.4
Zone_6507;56541097;56542118;Node_16;1021;316.423;38.6
Zone_6508;56542118;56543139;Node_16;1021;315.862;43.0
Zone_6509;56543139;56544160;Node_16;1021;315.23;38.5
Zone_6510;56544160;56545181;Node_16;1021;314.005;36.2
Zone_6511;56545181;56546202;Node_16;1021;315.634;44.9
Zone_6512;56546202;56547223;Node_16;1021;315.506;37.1
Zone_6513;56547223;56548244;Node_16;1021;314.393;45.2
Zone_6514;56548244;56549265;Node_16;1021;315.272;39.1
Zone_6515;56549265;56550286;Node_16;1021;315.714;45.2
Zone_6516;56550286;56551307;Node_16;1021;314.789;49.0
Zone_6517;56551307;56552328;Node_16;1021;315.554;45.4
Zone_6518;56552328;56553349;Node_16;1021;315.666;40.9
Zone_6519;56553349;56554370;Node_16;1021;315.729;44.4
Zone_6520;56554370;56555391;Node_16;1021;315.255;44.0
Zone_6521;56555391;56556412;Node_16;1021;316.106;37.3
Zone_6522;56556412;56557433;Node_16;1021;319.219;42.0
Zone_6523;56557433;56558454;Node_16;1021;314.917;41.3
Zone_6524;56558454;56559475;Node_16;1021;316.095;40.3
Zone_6525;56559475;56560496;Node_16;1021;314.435;39.5
Zone_6526;56560496;56561517;Node_16;1021;314.192;43.2
Zone_6527;56561517;56562538;Node_16;1021;317.725;40.7
Zone_6528;56562538;56563559;Node_17;1021;314.202;41.2
Zone_6529;56563559;56564580;Node_17;1021;315.378;37.5
Zone_6530;56564580;56565601;Node_17;1021;314.652;42.9
Zone_6531;56565601;56566622;Node_17;1021;314.798;44.5
Zone_6532;56566622;56567643;Node_17;1021;314.519;40.3
Zone_6533;56567643;56568664;Node_17;1021;316.201;37.5
Zone_6534;56568664;56569685;Node_17;1021;313.09;47.7
Zone_6535;56569685;56570706;Node_17;1021;313.726;41.3
Zone_6536;56570706;56571727;Node_17;1021;314.236;39.1
Zone_6537;56571727;56572748;Node_17;1021;314.772;44.7
Zone_6538;56572748;56573769;Node_17;1021;314.976;37.3
Zone_6539;56573769;56574790;Node_17;1021;315.225;45.6
Zone_6540;56574790;56575811;Node_17;1021;315.652;38.3
Zone_6541;56575811;56576832;Node_17;1021;315.437;34.6
Zone_6542;56576832;56577853;Node_17;1021;314.975;44.2
Zone_6543;56577853;56578874;Node_17;1021;315.596;60.2
Zone_6544;56578874;56579895;Node_17;1021;315.046;58.0
Zone_6545;56579895;56580916;Node_17;1021;313.93;40.1
Zone_6546;56580916;56581937;Node_17;1021;315.067;44.3
Zone_6547;56581937;56582958;Node_17;1021;315.494;36.6
Zone_6548;56582958;56583979;Node_17;1021;315.232;38.6
Zone_6549;56583979;56585000;Node_17;1021;315.827;33.1
Zone_6550;56585000;56586021;Node_17;1021;315.24;37.1
Zone_6551;56586021;56587042;Node_17;1021;316.565;43.4
Zone_6552;56587042;56588063;Node_17;1021;316.443;35.7
Zone_6553;56588063;56589084;Node_17;1021;316.522;37.8
Zone_6554;56589084;56590105;Node_17;1021;316.999;34.8
Zone_6555;56590105;56591126;Node_17;1021;315.166;45.2
Zone_6556;56591126;56592147;Node_17;1021;314.205;44.8
Zone_6557;56592147;56593168;Node_17;1021;313.411;36.3
Zone_6558;56593168;56594189;Node_17;1021;314.288;38.8
Zone_6559;56594189;56595210;Node_17;1021;315.683;42.7
Zone_6560;56595210;56596231;Node_17;1021;314.161;42.0
Zone_6561;56596231;56597252;Node_17;1021;314.277;35.7
Zone_6562;56597252;56598273;Node_17;1021;314.972;34.9
Zone_6563;56598273;56599294;Node_17;1021;316.178;38.1
Zone_6564;56599294;56600315;Node_17;1021;316.655;40.7
Zone_6565;56600315;56601336;Node_17;1021;316.666;47.4
Zone_6566;56601336;56602357;Node_17;1021;314.715;38.8
Zone_6567;56602357;56603378;Node_17;1021;315.001;37.8
Zone_6568;56603378;56604399;Node_17;1021;314.404;38.8
Zone_6569;56604399;56605420;Node_17;1021;313.038;37.3
Zone_6570;56605420;56606441;Node_17;1021;315.964;39.2
Zone_6571;56606441;56607462;Node_17;1021;316.697;33.2
Zone_6572;56607462;56608483;Node_17;1021;317.579;43.9
Zone_6573;56608483;56609504;Node_17;1021;314.716;44.5
Zone_6574;56609504;56610525;Node_17;1021;314.628;48.1
Zone_6575;56610525;56611546;Node_17;1021;315.618;37.8
Zone_6576;56611546;56612567;Node_17;1021;315.061;38.9
Zone_6577;56612567;56613588;Node_17;1021;315.806;37.6
Zone_6578;56613588;56614609;Node_17;1021;314.909;41.8
Zone_6579;56614609;56615630;Node_17;1021;315.644;42.1
Zone_6580;56615630;56616651;Node_17;1021;317.286;43.6
Zone_6581;56616651;56617672;Node_17;1021;317.574;42.8
Zone_6582;56617672;56618693;Node_17;1021;317.881;41.8
Zone_6583;56618693;56619714;Node_17;1021;314.71;40.7
Zone_6584;56619714;56620735;Node_17;1021;316.289;40.5
Zone_6585;56620735;56621756;Node_17;1021;316.744;36.5
Zone_6586;56621756;56622777;Node_17;1021;315.888;42.2
Zone_6587;56622777;56623798;Node_17;1021;317.456;48.8
Zone_6588;56623798;56624819;Node_17;1021;315.17;46.9
Zone_6589;56624819;56625840;Node_17;1021;315.065;33.1
Zone_6590;56625840;56626861;Node_17;1021;315.486;33.5
Zone_6591;56626861;56627882;Node_17;1021;315.246;33.5
Zone_6592;56627882;56628903;Node_17;1021;315.247;33.2
Zone_6593;56628903;56629924;Node_17;1021;316.41;36.1
Zone_6594;56629924;56630945;Node_17;1021;316.39;34.0
Zone_6595;56630945;56631966;Node_17;1021;315.295;35.9
Zone_6596;56631966;56632987;Node_17;1021;316.381;43.0
Zone_6597;56632987;56634008;Node_17;1021;316.67;36.3
Zone_6598;56634008;56635029;Node_17;1021;317.989;41.6
Zone_6599;56635029;56636050;Node_17;1021;314.34;39.9
Zone_6600;56636050;56637071;Node_17;1021;312.908;44.8
Zone_6601;56637071;56638092;Node_17;1021;311.902;38.5
Zone_6602;56638092;56639113;Node_17;1021;313.906;34.9
Zone_6603;56639113;56640134;Node_17;1021;315.667;33.6
Zone_6604;56640134;56641155;Node_17;1021;315.233;34.9
Zone_6605;56641155;56642176;Node_17;1021;315.932;32.6
Zone_6606;56642176;56643197;Node_17;1021;316.497;37.2
Zone_6607;56643197;56644218;Node_17;1021;316.202;31.5
Zone_6608;56644218;56645239;Node_17;1021;312.262;54.7
Zone_6609;56645239;56646260;Node_17;1021;316.895;65.0
Zone_6610;56646260;56647281;Node_17;1021;317.174;35.2
Zone_6611;56647281;56648302;Node_17;1021;315.184;38.4
Zone_6612;56648302;56649323;Node_17;1021;315.252;32.0
Zone_6613;56649323;56650344;Node_17;1021;316.703;39.5
Zone_6614;56650344;56651365;Node_17;1021;315.581;31.4
Zone_6615;56651365;56652386;Node_17;1021;314.454;42.1
Zone_6616;56652386;56653407;Node_17;1021;315.966;32.3
Zone_6617;56653407;56654428;Node_17;1021;315.417;35.5
Zone_6618;56654428;56655449;Node_17;1021;315.067;28.1
Zone_6619;56655449;56656470;Node_17;1021;316.621;34.8
Zone_6620;56656470;56657491;Node_17;1021;316.392;40.9
Zone_6621;56657491;56658512;Node_17;1021;318.203;38.0
Zone_6622;56658512;56659533;Node_17;1021;314.968;45.3
Zone_6623;56659533;56660554;Node_17;1021;314.298;36.6
Zone_6624;56660554;56661575;Node_17;1021;315.275;38.4
Zone_6625;56661575;56662596;Node_17;1021;315.031;28.2
Zone_6626;56662596;56663617;Node_17;1021;315.217;42.3
Zone_6627;56663617;56664638;Node_17;1021;315.055;36.3
Zone_6628;56664638;56665659;Node_17;1021;313.66;39.4
Zone_6629;56665659;56666680;Node_17;1021;316.171;36.7
Zone_6630;56666680;56667701;Node_17;1021;314.818;35.4
Zone_6631;56667701;56668722;Node_17;1021;315.77;35.3
Zone_6632;56668722;56669743;Node_17;1021;316.242;43.3
Zone_6633;56669743;56670764;Node_17;1021;316.699;35.9
Zone_6634;56670764;56671785;Node_17;1021;315.654;33.5
Zone_6635;56671785;56672806;Node_17;1021;316.647;40.6
Zone_6636;56672806;56673827;Node_17;1021;318.282;39.9
Zone_6637;56673827;56674848;Node_17;1021;316.123;28.9
Zone_6638;56674848;56675869;Node_17;1021;315.745;28.6
Zone_6639;56675869;56676890;Node_17;1021;317.101;38.8
Zone_6640;56676890;56677911;Node_17;1021;314.401;39.5
Zone_6641;56677911;56678932;Node_17;1021;314.926;36.9
Zone_6642;56678932;56679953;Node_17;1021;313.039;40.5
Zone_6643;56679953;56680974;Node_17;1021;314.439;39.2
Zone_6644;56680974;56681995;Node_17;1021;315.187;38.8
Zone_6645;56681995;56683016;Node_17;1021;318.093;38.4
Zone_6646;56683016;56684037;Node_17;1021;318.594;38.4
Zone_6647;56684037;56685058;Node_17;1021;319.648;39.9
Zone_6648;56685058;56686079;Node_17;1021;316.898;32.0
Zone_6649;56686079;56687100;Node_17;1021;315.504;40.0
Zone_6650;56687100;56688121;Node_17;1021;316.416;33.2
Zone_6651;56688121;56689142;Node_17;1021;316.031;37.2
Zone_6652;56689142;56690163;Node_17;1021;314.848;39.1
Zone_6653;56690163;56691184;Node_17;1021;314.507;39.6
Zone_6654;56691184;56692205;Node_17;1021;315.289;33.0
Zone_6655;56692205;56693226;Node_17;1021;315.689;37.7
Zone_6656;56693226;56694247;Node_17;1021;315.661;28.1
Zone_6657;56694247;56695268;Node_17;1021;316.246;33.8
Zone_6658;56695268;56696289;Node_17;1021;314.458;40.0
Zone_6659;56696289;56697310;Node_17;1021;314.195;38.8
Zone_6660;56697310;56698331;Node_17;1021;315.34;32.9
Zone_6661;56698331;56699352;Node_17;1021;314.987;30.1
Zone_6662;56699352;56700373;Node_17;1021;314.212;32.6
Zone_6663;56700373;56701394;Node_17;1021;315.253;40.9
Zone_6664;56701394;56702415;Node_17;1021;315.379;44.2
Zone_6665;56702415;56703436;Node_17;1021;314.586;31.8
Zone_6666;56703436;56704457;Node_17;1021;315.644;37.5
Zone_6667;56704457;56705478;Node_17;1021;315.657;31.7
Zone_6668;56705478;56706499;Node_17;1021;315.165;40.4
Zone_6669;56706499;56707520;Node_17;1021;315.744;38.3
Zone_6670;56707520;56708541;Node_17;1021;314.278;33.9
Zone_6671;56708541;56709562;Node_17;1021;315.53;32.2
Zone_6672;56709562;56710583;Node_17;1021;316.083;35.1
Zone_6673;56710583;56711604;Node_17;1021;315.562;32.6
Zone_6674;56711604;56712625;Node_17;1021;316.103;33.6
Zone_6675;56712625;56713646;Node_17;1021;315.927;36.4
Zone_6676;56713646;56714667;Node_17;1021;314.765;32.5
Zone_6677;56714667;56715688;Node_17;1021;315.336;31.1
Zone_6678;56715688;56716709;Node_17;1021;315.869;36.4
Zone_6679;56716709;56717730;Node_17;1021;315.17;37.4
Zone_6680;56717730;56718751;Node_17;1021;313.406;38.0
Zone_6681;56718751;56719772;Node_17;1021;315.645;29.8
Zone_6682;56719772;56720793;Node_17;1021;315.199;31.5
Zone_6683;56720793;56721814;Node_17;1021;313.701;36.2
Zone_6684;56721814;56722835;Node_17;1021;316.887;35.0
Zone_6685;56722835;56723856;Node_17;1021;315.912;35.6
Zone_6686;56723856;56724877;Node_17;1021;314.61;35.3
Zone_6687;56724877;56725898;Node_17;1021;314.698;36.4
Zone_6688;56725898;56726919;Node_17;1021;314.878;34.5
Zone_6689;56726919;56727940;Node_17;1021;316.097;32.6
Zone_6690;56727940;56728961;Node_17;1021;313.626;36.9
Zone_6691;56728961;56729982;Node_17;1021;317.249;38.0
Zone_6692;56729982;56731003;Node_17;1021;318.307;36.7
Zone_6693;56731003;56732024;Node_17;1021;314.825;43.5
Zone_6694;56732024;56733045;Node_17;1021;315.813;34.5
Zone_6695;56733045;56734066;Node_17;1021;315.448;34.3
Zone_6696;56734066;56735087;Node_17;1021;315.756;38.4
Zone_6697;56735087;56736108;Node_17;1021;315.857;36.4
Zone_6698;56736108;56737129;Node_17;1021;315.586;37.1
Zone_6699;56737129;56738150;Node_17;1021;314.996;31.9
Zone_6700;56738150;56739171;Node_17;1021;317.184;39.0
Zone_6701;56739171;56740192;Node_17;1021;314.877;38.1
Zone_6702;56740192;56741213;Node_17;1021;315.692;39.4
Zone_6703;56741213;56742234;Node_17;1021;315.253;35.7
Zone_6704;56742234;56743255;Node_17;1021;314.021;30.1
Zone_6705;56743255;56744276;Node_17;1021;316.316;38.5
Zone_6706;56744276;56745297;Node_17;1021;314.914;37.1
Zone_6707;56745297;56746318;Node_17;1021;312.395;37.3
Zone_6708;56746318;56747339;Node_17;1021;314.378;30.6
Zone_6709;56747339;56748360;Node_17;1021;314.345;39.5
Zone_6710;56748360;56749381;Node_17;1021;313.529;31.9
Zone_6711;56749381;56750402;Node_17;1021;315.119;31.5
Zone_6712;56750402;56751423;Node_17;1021;315.265;38.3
Zone_6713;56751423;56752444;Node_17;1021;317.002;40.3
Zone_6714;56752444;56753465;Node_17;1021;315.059;40.5
Zone_6715;56753465;56754486;Node_17;1021;314.062;39.5
Zone_6716;56754486;56755507;Node_17;1021;315.823;41.6
Zone_6717;56755507;56756528;Node_17;1021;316.282;41.3
Zone_6718;56756528;56757549;Node_17;1021;315.909;35.4
Zone_6719;56757549;56758570;Node_17;1021;313.306;43.0
Zone_6720;56758570;56759591;Node_17;1021;315.285;36.1
Zone_6721;56759591;56760612;Node_17;1021;315.437;36.5
Zone_6722;56760612;56761633;Node_17;1021;315.006;37.2
Zone_6723;56761633;56762654;Node_17;1021;313.928;32.8
Zone_6724;56762654;56763675;Node_17;1021;314.931;31.3
Zone_6725;56763675;56764696;Node_17;1021;313.348;35.8
Zone_6726;56764696;56765717;Node_17;1021;315.34;44.3
Zone_6727;56765717;56766738;Node_17;1021;314.865;48.5
Zone_6728;56766738;56767759;Node_17;1021;315.686;40.2
Zone_6729;56767759;56768780;Node_17;1021;316.109;38.0
Zone_6730;56768780;56769801;Node_17;1021;317.104;34.1
Zone_6731;56769801;56770822;Node_17;1021;315.96;31.5
Zone_6732;56770822;56771843;Node_17;1021;316.471;33.0
Zone_6733;56771843;56772864;Node_17;1021;314.912;31.8
Zone_6734;56772864;56773885;Node_17;1021;315.221;37.2
Zone_6735;56773885;56774906;Node_17;1021;314.422;37.4
Zone_6736;56774906;56775927;Node_17;1021;314.741;38.9
Zone_6737;56775927;56776948;Node_17;1021;315.161;38.2
Zone_6738;56776948;56777969;Node_17;1021;314.48;42.9
Zone_6739;56777969;56778990;Node_17;1021;313.534;39.6
Zone_6740;56778990;56780011;Node_17;1021;316.317;36.1
Zone_6741;56780011;56781032;Node_17;1021;315.379;42.5
Zone_6742;56781032;56782053;Node_17;1021;313.471;38.4
Zone_6743;56782053;56783074;Node_17;1021;314.402;35.7
Zone_6744;56783074;56784095;Node_17;1021;316.728;34.9
Zone_6745;56784095;56785116;Node_17;1021;313.925;36.7
Zone_6746;56785116;56786137;Node_17;1021;314.093;44.2
Zone_6747;56786137;56787158;Node_17;1021;314.803;39.6
Zone_6748;56787158;56788179;Node_17;1021;314.827;41.0
Zone_6749;56788179;56789200;Node_17;1021;316.839;47.2
Zone_6750;56789200;56790221;Node_17;1021;313.746;40.5
Zone_6751;56790221;56791242;Node_17;1021;315.535;39.5
Zone_6752;56791242;56792263;Node_17;1021;315.778;44.8
Zone_6753;56792263;56793284;Node_17;1021;314.9;40.7
Zone_6754;56793284;56794305;Node_17;1021;315.13;39.6
Zone_6755;56794305;56795326;Node_17;1021;313.844;38.6
Zone_6756;56795326;56796347;Node_17;1021;315.248;36.6
Zone_6757;56796347;56797368;Node_17;1021;314.177;43.6
Zone_6758;56797368;56798389;Node_17;1021;314.925;43.7
Zone_6759;56798389;56799410;Node_17;1021;314.982;33.6
Zone_6760;56799410;56800431;Node_17;1021;315.58;36.8
Zone_6761;56800431;56801452;Node_17;1021;312.791;43.9
Zone_6762;56801452;56802473;Node_17;1021;313.406;42.7
Zone_6763;56802473;56803494;Node_17;1021;315.179;37.4
Zone_6764;56803494;56804515;Node_17;1021;313.836;42.6
Zone_6765;56804515;56805536;Node_17;1021;314.527;42.7
Zone_6766;56805536;56806557;Node_17;1021;315.966;44.3
Zone_6767;56806557;56807578;Node_17;1021;315.07;40.6
Zone_6768;56807578;56808599;Node_17;1021;314.604;38.5
Zone_6769;56808599;56809620;Node_17;1021;314.23;39.7
Zone_6770;56809620;56810641;Node_17;1021;315.44;42.5
Zone_6771;56810641;56811662;Node_17;1021;314.875;41.8
Zone_6772;56811662;56812683;Node_17;1021;315.465;34.1
Zone_6773;56812683;56813704;Node_17;1021;315.51;43.4
Zone_6774;56813704;56814725;Node_17;1021;316.566;44.9
Zone_6775;56814725;56815746;Node_17;1021;313.538;44.6
Zone_6776;56815746;56816767;Node_17;1021;315.178;40.6
Zone_6777;56816767;56817788;Node_17;1021;312.512;40.5
Zone_6778;56817788;56818809;Node_17;1021;315.639;45.3
Zone_6779;56818809;56819830;Node_17;1021;314.075;58.8
Zone_6780;56819830;56820851;Node_17;1021;316.757;47.8
Zone_6781;56820851;56821872;Node_17;1021;315.196;47.3
Zone_6782;56821872;56822893;Node_17;1021;315.358;41.1
Zone_6783;56822893;56823914;Node_17;1021;316.609;38.0
Zone_6784;56823914;56824935;Node_17;1021;315.386;45.7
Zone_6785;56824935;56825956;Node_17;1021;315.057;45.4
Zone_6786;56825956;56826977;Node_17;1021;312.865;49.4
Zone_6787;56826977;56827998;Node_17;1021;314.626;45.8
Zone_6788;56827998;56829019;Node_17;1021;317.727;46.7
Zone_6789;56829019;56830040;Node_17;1021;315.556;37.8
Zone_6790;56830040;56831061;Node_17;1021;313.849;47.6
Zone_6791;56831061;56832082;Node_17;1021;315.027;46.3
Zone_6792;56832082;56833103;Node_17;1021;316.234;39.0
Zone_6793;56833103;56834124;Node_17;1021;316.635;45.8
Zone_6794;56834124;56835145;Node_17;1021;314.395;50.0
Zone_6795;56835145;56836166;Node_17;1021;314.075;43.5
Zone_6796;56836166;56837187;Node_17;1021;316.746;45.7
Zone_6797;56837187;56838208;Node_17;1021;316.442;44.8
Zone_6798;56838208;56839229;Node_17;1021;315.728;45.7
Zone_6799;56839229;56840250;Node_17;1021;315.461;48.5
Zone_6800;56840250;56841271;Node_17;1021;316.302;45.3
Zone_6801;56841271;56842292;Node_17;1021;315.898;41.4
Zone_6802;56842292;56843313;Node_17;1021;315.517;44.5
Zone_6803;56843313;56844334;Node_17;1021;315.008;40.7
Zone_6804;56844334;56845355;Node_17;1021;314.923;47.0
Zone_6805;56845355;56846376;Node_17;1021;314.116;46.8
Zone_6806;56846376;56847397;Node_17;1021;315.091;44.9
Zone_6807;56847397;56848418;Node_17;1021;313.122;48.7
Zone_6808;56848418;56849439;Node_17;1021;316.406;42.4
Zone_6809;56849439;56850460;Node_17;1021;315.473;45.8
Zone_6810;56850460;56851481;Node_17;1021;314.328;42.4
Zone_6811;56851481;56852502;Node_17;1021;314.865;40.3
Zone_6812;56852502;56853523;Node_17;1021;318.62;49.0
Zone_6813;56853523;56854544;Node_17;1021;315.444;36.6
Zone_6814;56854544;56855565;Node_17;1021;316.206;38.6
Zone_6815;56855565;56856586;Node_17;1021;315.771;32.0
Zone_6816;56856586;56857607;Node_17;1021;314.768;28.2
Zone_6817;56857607;56858628;Node_17;1021;314.233;32.1
Zone_6818;56858628;56859649;Node_17;1021;316.379;35.7
Zone_6819;56859649;56860670;Node_17;1021;318.005;41.9
Zone_6820;56860670;56861691;Node_17;1021;316.658;41.3
Zone_6821;56861691;56862712;Node_17;1021;315.351;38.2
Zone_6822;56862712;56863733;Node_17;1021;314.963;35.0
Zone_6823;56863733;56864754;Node_17;1021;316.745;39.5
Zone_6824;56864754;56865775;Node_17;1021;315.667;38.1
Zone_6825;56865775;56866796;Node_17;1021;315.435;35.6
Zone_6826;56866796;56867817;Node_17;1021;315.513;38.3
Zone_6827;56867817;56868838;Node_17;1021;315.532;42.9
Zone_6828;56868838;56869859;Node_17;1021;314.05;36.3
Zone_6829;56869859;56870880;Node_17;1021;314.19;39.6
Zone_6830;56870880;56871901;Node_17;1021;315.976;36.8
Zone_6831;56871901;56872922;Node_17;1021;316.522;34.1
Zone_6832;56872922;56873943;Node_17;1021;314.916;44.0
Zone_6833;56873943;56874964;Node_17;1021;315.684;42.6
Zone_6834;56874964;56875985;Node_17;1021;317.724;45.8
Zone_6835;56875985;56877006;Node_17;1021;314.712;47.8
Zone_6836;56877006;56878027;Node_17;1021;314.668;46.1
Zone_6837;56878027;56879048;Node_17;1021;313.85;38.2
Zone_6838;56879048;56880069;Node_17;1021;315.21;35.9
Zone_6839;56880069;56881090;Node_17;1021;315.744;36.9
Zone_6840;56881090;56882111;Node_17;1021;315.513;44.6
Zone_6841;56882111;56883132;Node_17;1021;314.547;42.1
Zone_6842;56883132;56884153;Node_17;1021;315.437;35.7
Zone_6843;56884153;56885174;Node_17;1021;317.087;38.9
Zone_6844;56885174;56886195;Node_17;1021;314.995;33.5
Zone_6845;56886195;56887216;Node_17;1021;314.356;40.4
Zone_6846;56887216;56888237;Node_17;1021;315.291;39.2
Zone_6847;56888237;56889258;Node_17;1021;315.856;35.2
Zone_6848;56889258;56890279;Node_17;1021;313.438;40.8
Zone_6849;56890279;56891300;Node_17;1021;314.904;40.0
Zone_6850;56891300;56892321;Node_17;1021;316.053;42.3
Zone_6851;56892321;56893342;Node_17;1021;314.799;40.5
Zone_6852;56893342;56894363;Node_17;1021;315.225;39.5
Zone_6853;56894363;56895384;Node_17;1021;314.034;38.2
Zone_6854;56895384;56896405;Node_17;1021;316.42;39.4
Zone_6855;56896405;56897426;Node_17;1021;316.37;41.3
Zone_6856;56897426;56898447;Node_17;1021;316.887;45.0
Zone_6857;56898447;56899468;Node_17;1021;314.037;44.4
Zone_6858;56899468;56900489;Node_17;1021;315.321;43.8
Zone_6859;56900489;56901510;Node_17;1021;316.025;43.6
Zone_6860;56901510;56902531;Node_17;1021;312.419;43.5
Zone_6861;56902531;56903552;Node_17;1021;314.381;40.1
Zone_6862;56903552;56904573;Node_17;1021;314.443;43.7
Zone_6863;56904573;56905594;Node_17;1021;314.575;42.6
Zone_6864;56905594;56906615;Node_17;1021;316.574;40.4
Zone_6865;56906615;56907636;Node_17;1021;315.503;39.7
Zone_6866;56907636;56908657;Node_17;1021;315.813;42.0
Zone_6867;56908657;56909678;Node_17;1021;314.878;40.2
Zone_6868;56909678;56910699;Node_17;1021;315.494;44.2
Zone_6869;56910699;56911720;Node_17;1021;314.626;44.2
Zone_6870;56911720;56912741;Node_17;1021;315.846;51.4
Zone_6871;56912741;56913762;Node_17;1021;315.204;40.3
Zone_6872;56913762;56914783;Node_17;1021;316.92;44.3
Zone_6873;56914783;56915804;Node_17;1021;316.195;46.4
Zone_6874;56915804;56916825;Node_17;1021;317.144;50.2
Zone_6875;56916825;56917846;Node_17;1021;314.383;53.5
Zone_6876;56917846;56918867;Node_17;1021;314.602;37.6
Zone_6877;56918867;56919888;Node_17;1021;316.215;39.6
Zone_6878;56919888;56920909;Node_17;1021;315.754;47.1
Zone_6879;56920909;56921930;Node_17;1021;317.492;44.7
Zone_6880;56921930;56922951;Node_17;1021;313.931;44.7
Zone_6881;56922951;56923972;Node_17;1021;314.358;47.9
Zone_6882;56923972;56924993;Node_17;1021;316.069;46.4
Zone_6883;56924993;56926014;Node_17;1021;315.325;39.4
Zone_6884;56926014;56927035;Node_17;1021;314.606;43.8
Zone_6885;56927035;56928056;Node_17;1021;315.064;40.1
Zone_6886;56928056;56929077;Node_17;1021;313.892;42.6
Zone_6887;56929077;56930098;Node_17;1021;314.643;44.2
Zone_6888;56930098;56931119;Node_17;1021;316.16;39.8
Zone_6889;56931119;56932140;Node_17;1021;316.33;43.5
Zone_6890;56932140;56933161;Node_17;1021;313.39;47.8
Zone_6891;56933161;56934182;Node_17;1021;314.945;44.3
Zone_6892;56934182;56935203;Node_17;1021;316.152;46.0
Zone_6893;56935203;56936224;Node_17;1021;313.382;36.5
Zone_6894;56936224;56937245;Node_17;1021;314.176;38.6
Zone_6895;56937245;56938266;Node_17;1021;313.776;36.6
Zone_6896;56938266;56939287;Node_17;1021;313.997;39.9
Zone_6897;56939287;56940308;Node_17;1021;315.897;39.3
Zone_6898;56940308;56941329;Node_17;1021;316.307;46.1
Zone_6899;56941329;56942350;Node_17;1021;316.736;37.6
Zone_6900;56942350;56943371;Node_17;1021;316.642;45.8
Zone_6901;56943371;56944392;Node_17;1021;315.491;40.5
Zone_6902;56944392;56945413;Node_17;1021;317.052;40.7
Zone_6903;56945413;56946434;Node_17;1021;316.61;45.2
Zone_6904;56946434;56947455;Node_17;1021;313.432;42.7
Zone_6905;56947455;56948476;Node_17;1021;316.695;42.5
Zone_6906;56948476;56949497;Node_17;1021;317.105;41.5
Zone_6907;56949497;56950518;Node_17;1021;317.582;44.3
Zone_6908;56950518;56951539;Node_17;1021;315.985;48.7
Zone_6909;56951539;56952560;Node_17;1021;314.53;47.4
Zone_6910;56952560;56953581;Node_17;1021;314.73;42.2
Zone_6911;56953581;56954602;Node_17;1021;314.45;49.0
Zone_6912;56954602;56955623;Node_18;1021;314.285;41.0
Zone_6913;56955623;56956644;Node_18;1021;314.786;35.9
Zone_6914;56956644;56957665;Node_18;1021;315.008;42.1
Zone_6915;56957665;56958686;Node_18;1021;317.815;47.3
Zone_6916;56958686;56959707;Node_18;1021;316.483;43.3
Zone_6917;56959707;56960728;Node_18;1021;316.453;43.3
Zone_6918;56960728;56961749;Node_18;1021;317.008;45.6
Zone_6919;56961749;56962770;Node_18;1021;315.315;39.1
Zone_6920;56962770;56963791;Node_18;1021;315.712;42.3
Zone_6921;56963791;56964812;Node_18;1021;313.54;46.2
Zone_6922;56964812;56965833;Node_18;1021;316.007;42.3
Zone_6923;56965833;56966854;Node_18;1021;315.38;40.9
Zone_6924;56966854;56967875;Node_18;1021;316.091;44.4
Zone_6925;56967875;56968896;Node_18;1021;313.912;46.0
Zone_6926;56968896;56969917;Node_18;1021;315.358;43.0
Zone_6927;56969917;56970938;Node_18;1021;317.669;42.3
Zone_6928;56970938;56971959;Node_18;1021;315.492;45.2
Zone_6929;56971959;56972980;Node_18;1021;316.282;43.0
Zone_6930;56972980;56974001;Node_18;1021;314.603;40.7
Zone_6931;56974001;56975022;Node_18;1021;315.989;46.7
Zone_6932;56975022;56976043;Node_18;1021;316.013;44.5
Zone_6933;56976043;56977064;Node_18;1021;315.012;40.1
Zone_6934;56977064;56978085;Node_18;1021;314.586;49.8
Zone_6935;56978085;56979106;Node_18;1021;314.968;44.3
Zone_6936;56979106;56980127;Node_18;1021;315.622;40.2
Zone_6937;56980127;56981148;Node_18;1021;315.294;43.2
Zone_6938;56981148;56982169;Node_18;1021;313.778;43.0
Zone_6939;56982169;56983190;Node_18;1021;315.269;39.2
Zone_6940;56983190;56984211;Node_18;1021;317.444;49.5
Zone_6941;56984211;56985232;Node_18;1021;316.248;41.4
Zone_6942;56985232;56986253;Node_18;1021;315.086;41.0
Zone_6943;56986253;56987274;Node_18;1021;314.477;42.3
Zone_6944;56987274;56988295;Node_18;1021;315.046;35.0
Zone_6945;56988295;56989316;Node_18;1021;314.315;30.2
Zone_6946;56989316;56990337;Node_18;1021;315.071;28.7
Zone_6947;56990337;56991358;Node_18;1021;314.117;40.5
Zone_6948;56991358;56992379;Node_18;1021;315.664;39.4
Zone_6949;56992379;56993400;Node_18;1021;315.397;38.7
Zone_6950;56993400;56994421;Node_18;1021;315.068;39.2
Zone_6951;56994421;56995442;Node_18;1021;315.962;40.0
Zone_6952;56995442;56996463;Node_18;1021;314.45;35.7
Zone_6953;56996463;56997484;Node_18;1021;315.022;37.1
Zone_6954;56997484;56998505;Node_18;1021;316.349;40.6
Zone_6955;56998505;56999526;Node_18;1021;314.864;41.8
Zone_6956;56999526;57000547;Node_18;1021;314.051;44.4
Zone_6957;57000547;57001568;Node_18;1021;314.423;40.8
Zone_6958;57001568;57002589;Node_18;1021;315.098;44.6
Zone_6959;57002589;57003610;Node_18;1021;315.121;42.3
Zone_6960;57003610;57004631;Node_18;1021;313.959;44.0
Zone_6961;57004631;57005652;Node_18;1021;316.43;42.9
Zone_6962;57005652;57006673;Node_18;1021;314.579;41.6
Zone_6963;57006673;57007694;Node_18;1021;314.045;37.8
Zone_6964;57007694;57008715;Node_18;1021;316.735;41.0
Zone_6965;57008715;57009736;Node_18;1021;315.497;39.0
Zone_6966;57009736;57010757;Node_18;1021;315.697;44.3
Zone_6967;57010757;57011778;Node_18;1021;315.215;41.1
Zone_6968;57011778;57012799;Node_18;1021;316.026;36.5
Zone_6969;57012799;57013820;Node_18;1021;315.23;40.9
Zone_6970;57013820;57014841;Node_18;1021;315.054;36.3
Zone_6971;57014841;57015862;Node_18;1021;317.432;53.9
Zone_6972;57015862;57016883;Node_18;1021;316.102;38.9
Zone_6973;57016883;57017904;Node_18;1021;315.536;48.0
Zone_6974;57017904;57018925;Node_18;1021;314.791;41.4
Zone_6975;57018925;57019946;Node_18;1021;314.948;47.3
Zone_6976;57019946;57020967;Node_18;1021;315.219;38.8
Zone_6977;57020967;57021988;Node_18;1021;315.068;45.2
Zone_6978;57021988;57023009;Node_18;1021;315.063;35.1
Zone_6979;57023009;57024030;Node_18;1021;315.828;47.8
Zone_6980;57024030;57025051;Node_18;1021;315.208;47.3
Zone_6981;57025051;57026072;Node_18;1021;316.338;50.1
Zone_6982;57026072;57027093;Node_18;1021;314.439;41.9
Zone_6983;57027093;57028114;Node_18;1021;315.133;45.5
Zone_6984;57028114;57029135;Node_18;1021;316.795;43.7
Zone_6985;57029135;57030156;Node_18;1021;316.766;48.7
Zone_6986;57030156;57031177;Node_18;1021;315.546;39.5
Zone_6987;57031177;57032198;Node_18;1021;314.925;41.2
Zone_6988;57032198;57033219;Node_18;1021;314.39;43.2
Zone_6989;57033219;57034240;Node_18;1021;316.421;45.3
Zone_6990;57034240;57035261;Node_18;1021;314.792;41.2
Zone_6991;57035261;57036282;Node_18;1021;315.282;42.0
Zone_6992;57036282;57037303;Node_18;1021;314.443;39.4
Zone_6993;57037303;57038324;Node_18;1021;315.801;38.0
Zone_6994;57038324;57039345;Node_18;1021;316.383;40.4
Zone_6995;57039345;57040366;Node_18;1021;316.826;42.4
Zone_6996;57040366;57041387;Node_18;1021;315.749;40.1
Zone_6997;57041387;57042408;Node_18;1021;315.471;38.5
Zone_6998;57042408;57043429;Node_18;1021;314.014;39.5
Zone_6999;57043429;57044450;Node_18;1021;314.365;48.6
Zone_7000;57044450;57045471;Node_18;1021;316.594;43.3
Zone_7001;57045471;57046492;Node_18;1021;316.178;40.5
Zone_7002;57046492;57047513;Node_18;1021;315.869;42.1
Zone_7003;57047513;57048534;Node_18;1021;314.042;41.6
Zone_7004;57048534;57049555;Node_18;1021;316.03;45.1
Zone_7005;57049555;57050576;Node_18;1021;312.399;49.2
Zone_7006;57050576;57051597;Node_18;1021;315.675;37.4
Zone_7007;57051597;57052618;Node_18;1021;316.776;43.0
Zone_7008;57052618;57053639;Node_18;1021;314.539;42.9
Zone_7009;57053639;57054660;Node_18;1021;315.232;43.6
Zone_7010;57054660;57055681;Node_18;1021;315.466;43.3
Zone_7011;57055681;57056702;Node_18;1021;316.786;41.9
Zone_7012;57056702;57057723;Node_18;1021;316.729;41.2
Zone_7013;57057723;57058744;Node_18;1021;315.956;43.6
Zone_7014;57058744;57059765;Node_18;1021;316.779;43.9
Zone_7015;57059765;57060786;Node_18;1021;315.718;45.2
Zone_7016;57060786;57061807;Node_18;1021;316.526;46.2
Zone_7017;57061807;57062828;Node_18;1021;314.144;48.3
Zone_7018;57062828;57063849;Node_18;1021;315.825;42.0
Zone_7019;57063849;57064870;Node_18;1021;315.353;43.4
Zone_7020;57064870;57065891;Node_18;1021;315.059;42.9
Zone_7021;57065891;57066912;Node_18;1021;315.761;37.0
Zone_7022;57066912;57067933;Node_18;1021;315.921;41.7
Zone_7023;57067933;57068954;Node_18;1021;314.484;37.8
Zone_7024;57068954;57069975;Node_18;1021;315.364;36.9
Zone_7025;57069975;57070996;Node_18;1021;314.711;44.2
Zone_7026;57070996;57072017;Node_18;1021;315.213;38.5
Zone_7027;57072017;57073038;Node_18;1021;315.895;42.7
Zone_7028;57073038;57074059;Node_18;1021;313.745;40.6
Zone_7029;57074059;57075080;Node_18;1021;314.882;41.8
Zone_7030;57075080;57076101;Node_18;1021;316.328;39.5
Zone_7031;57076101;57077122;Node_18;1021;314.912;45.9
Zone_7032;57077122;57078143;Node_18;1021;316.252;38.1
Zone_7033;57078143;57079164;Node_18;1021;316.41;36.0
Zone_7034;57079164;57080185;Node_18;1021;312.821;43.3
Zone_7035;57080185;57081206;Node_18;1021;314.185;40.3
Zone_7036;57081206;57082227;Node_18;1021;315.964;34.4
Zone_7037;57082227;57083248;Node_18;1021;313.732;42.6
Zone_7038;57083248;57084269;Node_18;1021;316.119;39.1
Zone_7039;57084269;57085290;Node_18;1021;314.793;42.6
Zone_7040;57085290;57086311;Node_18;1021;316.078;47.7
Zone_7041;57086311;57087332;Node_18;1021;316.611;50.0
Zone_7042;57087332;57088353;Node_18;1021;315.723;49.3
Zone_7043;57088353;57089374;Node_18;1021;314.0;43.9
Zone_7044;57089374;57090395;Node_18;1021;316.413;45.8
Zone_7045;57090395;57091416;Node_18;1021;314.507;43.7
Zone_7046;57091416;57092437;Node_18;1021;314.903;41.0
Zone_7047;57092437;57093458;Node_18;1021;316.317;45.8
Zone_7048;57093458;57094479;Node_18;1021;315.293;41.8
Zone_7049;57094479;57095500;Node_18;1021;314.716;44.8
Zone_7050;57095500;57096521;Node_18;1021;316.106;38.5
Zone_7051;57096521;57097542;Node_18;1021;314.797;40.4
Zone_7052;57097542;57098563;Node_18;1021;314.496;39.6
Zone_7053;57098563;57099584;Node_18;1021;316.398;36.0
Zone_7054;57099584;57100605;Node_18;1021;316.946;38.8
Zone_7055;57100605;57101626;Node_18;1021;316.153;44.4
Zone_7056;57101626;57102647;Node_18;1021;314.462;39.9
Zone_7057;57102647;57103668;Node_18;1021;316.42;46.6
Zone_7058;57103668;57104689;Node_18;1021;317.526;44.7
Zone_7059;57104689;57105710;Node_18;1021;316.034;43.9
Zone_7060;57105710;57106731;Node_18;1021;314.84;42.5
Zone_7061;57106731;57107752;Node_18;1021;316.49;43.9
Zone_7062;57107752;57108773;Node_18;1021;314.231;43.1
Zone_7063;57108773;57109794;Node_18;1021;314.677;44.0
Zone_7064;57109794;57110815;Node_18;1021;314.725;40.5
Zone_7065;57110815;57111836;Node_18;1021;314.69;41.8
Zone_7066;57111836;57112857;Node_18;1021;315.341;39.9
Zone_7067;57112857;57113878;Node_18;1021;315.698;36.5
Zone_7068;57113878;57114899;Node_18;1021;315.632;39.5
Zone_7069;57114899;57115920;Node_18;1021;316.18;42.5
Zone_7070;57115920;57116941;Node_18;1021;315.968;45.5
Zone_7071;57116941;57117962;Node_18;1021;315.605;41.4
Zone_7072;57117962;57118983;Node_18;1021;315.963;38.3
Zone_7073;57118983;57120004;Node_18;1021;314.528;38.0
Zone_7074;57120004;57121025;Node_18;1021;314.658;37.6
Zone_7075;57121025;57122046;Node_18;1021;318.577;42.7
Zone_7076;57122046;57123067;Node_18;1021;315.826;36.9
Zone_7077;57123067;57124088;Node_18;1021;315.788;32.3
Zone_7078;57124088;57125109;Node_18;1021;315.695;38.5
Zone_7079;57125109;57126130;Node_18;1021;315.853;41.5
Zone_7080;57126130;57127151;Node_18;1021;314.253;41.0
Zone_7081;57127151;57128172;Node_18;1021;315.652;39.9
Zone_7082;57128172;57129193;Node_18;1021;315.1;40.8
Zone_7083;57129193;57130214;Node_18;1021;315.56;40.7
Zone_7084;57130214;57131235;Node_18;1021;315.86;33.5
Zone_7085;57131235;57132256;Node_18;1021;314.127;40.5
Zone_7086;57132256;57133277;Node_18;1021;315.457;37.7
Zone_7087;57133277;57134298;Node_18;1021;314.847;37.4
Zone_7088;57134298;57135319;Node_18;1021;315.462;39.9
Zone_7089;57135319;57136340;Node_18;1021;315.015;35.3
Zone_7090;57136340;57137361;Node_18;1021;314.927;35.4
Zone_7091;57137361;57138382;Node_18;1021;315.804;40.2
Zone_7092;57138382;57139403;Node_18;1021;313.968;43.4
Zone_7093;57139403;57140424;Node_18;1021;315.995;44.3
Zone_7094;57140424;57141445;Node_18;1021;315.446;42.8
Zone_7095;57141445;57142466;Node_18;1021;314.673;39.1
Zone_7096;57142466;57143487;Node_18;1021;315.361;46.0
Zone_7097;57143487;57144508;Node_18;1021;315.45;27.3
Zone_7098;57144508;57145529;Node_18;1021;315.092;35.6
Zone_7099;57145529;57146550;Node_18;1021;314.542;38.6
Zone_7100;57146550;57147571;Node_18;1021;314.731;41.6
Zone_7101;57147571;57148592;Node_18;1021;315.535;38.4
Zone_7102;57148592;57149613;Node_18;1021;313.795;35.7
Zone_7103;57149613;57150634;Node_18;1021;314.547;41.0
Zone_7104;57150634;57151655;Node_18;1021;316.808;40.8
Zone_7105;57151655;57152676;Node_18;1021;315.184;42.8
Zone_7106;57152676;57153697;Node_18;1021;315.033;37.1
Zone_7107;57153697;57154718;Node_18;1021;313.623;40.4
Zone_7108;57154718;57155739;Node_18;1021;315.163;34.3
Zone_7109;57155739;57156760;Node_18;1021;313.841;39.7
Zone_7110;57156760;57157781;Node_18;1021;314.766;42.5
Zone_7111;57157781;57158802;Node_18;1021;316.339;40.7
Zone_7112;57158802;57159823;Node_18;1021;314.988;37.7
Zone_7113;57159823;57160844;Node_18;1021;316.329;41.7
Zone_7114;57160844;57161865;Node_18;1021;315.114;43.1
Zone_7115;57161865;57162886;Node_18;1021;315.805;39.0
Zone_7116;57162886;57163907;Node_18;1021;318.656;46.6
Zone_7117;57163907;57164928;Node_18;1021;315.465;42.8
Zone_7118;57164928;57165949;Node_18;1021;314.906;38.1
Zone_7119;57165949;57166970;Node_18;1021;316.64;39.9
Zone_7120;57166970;57167991;Node_18;1021;313.75;41.1
Zone_7121;57167991;57169012;Node_18;1021;313.648;40.6
Zone_7122;57169012;57170033;Node_18;1021;313.174;38.6
Zone_7123;57170033;57171054;Node_18;1021;315.599;46.8
Zone_7124;57171054;57172075;Node_18;1021;316.363;41.7
Zone_7125;57172075;57173096;Node_18;1021;315.627;42.3
Zone_7126;57173096;57174117;Node_18;1021;315.613;35.9
Zone_7127;57174117;57175138;Node_18;1021;314.713;37.4
Zone_7128;57175138;57176159;Node_18;1021;315.315;36.7
Zone_7129;57176159;57177180;Node_18;1021;315.306;40.5
Zone_7130;57177180;57178201;Node_18;1021;314.622;35.8
Zone_7131;57178201;57179222;Node_18;1021;316.58;32.9
Zone_7132;57179222;57180243;Node_18;1021;315.096;41.4
Zone_7133;57180243;57181264;Node_18;1021;314.109;41.8
Zone_7134;57181264;57182285;Node_18;1021;315.301;42.6
Zone_7135;57182285;57183306;Node_18;1021;317.255;42.2
Zone_7136;57183306;57184327;Node_18;1021;317.104;41.1
Zone_7137;57184327;57185348;Node_18;1021;312.585;48.8
Zone_7138;57185348;57186369;Node_18;1021;315.696;44.4
Zone_7139;57186369;57187390;Node_18;1021;314.721;35.1
Zone_7140;57187390;57188411;Node_18;1021;316.108;42.5
Zone_7141;57188411;57189432;Node_18;1021;314.256;38.7
Zone_7142;57189432;57190453;Node_18;1021;316.761;46.3
Zone_7143;57190453;57191474;Node_18;1021;314.762;43.2
Zone_7144;57191474;57192495;Node_18;1021;315.492;46.1
Zone_7145;57192495;57193516;Node_18;1021;313.223;40.8
Zone_7146;57193516;57194537;Node_18;1021;315.555;42.7
Zone_7147;57194537;57195558;Node_18;1021;314.452;40.8
Zone_7148;57195558;57196579;Node_18;1021;316.966;42.3
Zone_7149;57196579;57197600;Node_18;1021;315.726;39.0
Zone_7150;57197600;57198621;Node_18;1021;314.448;39.0
Zone_7151;57198621;57199642;Node_18;1021;316.773;45.9
Zone_7152;57199642;57200663;Node_18;1021;315.867;42.8
Zone_7153;57200663;57201684;Node_18;1021;314.617;40.4
Zone_7154;57201684;57202705;Node_18;1021;315.663;36.2
Zone_7155;57202705;57203726;Node_18;1021;314.767;43.1
Zone_7156;57203726;57204747;Node_18;1021;315.044;41.4
Zone_7157;57204747;57205768;Node_18;1021;315.704;39.9
Zone_7158;57205768;57206789;Node_18;1021;315.307;40.5
Zone_7159;57206789;57207810;Node_18;1021;313.688;46.4
Zone_7160;57207810;57208831;Node_18;1021;315.945;41.2
Zone_7161;57208831;57209852;Node_18;1021;315.056;42.1
Zone_7162;57209852;57210873;Node_18;1021;315.836;34.2
Zone_7163;57210873;57211894;Node_18;1021;315.869;36.8
Zone_7164;57211894;57212915;Node_18;1021;314.607;43.5
Zone_7165;57212915;57213936;Node_18;1021;315.23;42.4
Zone_7166;57213936;57214957;Node_18;1021;316.063;42.8
Zone_7167;57214957;57215978;Node_18;1021;315.234;41.7
Zone_7168;57215978;57216999;Node_18;1021;315.403;38.0
Zone_7169;57216999;57218020;Node_18;1021;314.448;39.2
Zone_7170;57218020;57219041;Node_18;1021;316.656;44.3
Zone_7171;57219041;57220062;Node_18;1021;315.352;41.4
Zone_7172;57220062;57221083;Node_18;1021;316.146;40.6
Zone_7173;57221083;57222104;Node_18;1021;315.121;37.7
Zone_7174;57222104;57223125;Node_18;1021;315.607;43.9
Zone_7175;57223125;57224146;Node_18;1021;315.031;48.1
Zone_7176;57224146;57225167;Node_18;1021;314.705;44.6
Zone_7177;57225167;57226188;Node_18;1021;314.693;39.5
Zone_7178;57226188;57227209;Node_18;1021;314.193;41.9
Zone_7179;57227209;57228230;Node_18;1021;316.215;42.7
Zone_7180;57228230;57229251;Node_18;1021;315.409;30.5
Zone_7181;57229251;57230272;Node_18;1021;314.699;38.8
Zone_7182;57230272;57231293;Node_18;1021;315.205;28.6
Zone_7183;57231293;57232314;Node_18;1021;314.278;40.2
Zone_7184;57232314;57233335;Node_18;1021;315.0;40.7
Zone_7185;57233335;57234356;Node_18;1021;316.039;45.5
Zone_7186;57234356;57235377;Node_18;1021;315.028;38.0
Zone_7187;57235377;57236398;Node_18;1021;315.565;40.3
Zone_7188;57236398;57237419;Node_18;1021;316.61;43.5
Zone_7189;57237419;57238440;Node_18;1021;316.585;42.4
Zone_7190;57238440;57239461;Node_18;1021;313.801;42.6
Zone_7191;57239461;57240482;Node_18;1021;314.182;35.8
Zone_7192;57240482;57241503;Node_18;1021;315.196;36.8
Zone_7193;57241503;57242524;Node_18;1021;315.024;41.0
Zone_7194;57242524;57243545;Node_18;1021;314.866;37.3
Zone_7195;57243545;57244566;Node_18;1021;313.614;40.4
Zone_7196;57244566;57245587;Node_18;1021;316.1;40.8
Zone_7197;57245587;57246608;Node_18;1021;316.187;44.4
Zone_7198;57246608;57247629;Node_18;1021;315.728;45.2
Zone_7199;57247629;57248650;Node_18;1021;314.743;37.1
Zone_7200;57248650;57249671;Node_18;1021;314.227;42.8
Zone_7201;57249671;57250692;Node_18;1021;314.093;36.1
Zone_7202;57250692;57251713;Node_18;1021;315.667;35.7
Zone_7203;57251713;57252734;Node_18;1021;315.285;38.6
Zone_7204;57252734;57253755;Node_18;1021;316.459;46.2
Zone_7205;57253755;57254776;Node_18;1021;315.43;38.1
Zone_7206;57254776;57255797;Node_18;1021;315.015;38.4
Zone_7207;57255797;57256818;Node_18;1021;313.666;39.1
Zone_7208;57256818;57257839;Node_18;1021;314.344;45.4
Zone_7209;57257839;57258860;Node_18;1021;314.66;42.2
Zone_7210;57258860;57259881;Node_18;1021;316.355;44.3
Zone_7211;57259881;57260902;Node_18;1021;314.561;44.4
Zone_7212;57260902;57261923;Node_18;1021;314.06;42.9
Zone_7213;57261923;57262944;Node_18;1021;315.638;46.8
Zone_7214;57262944;57263965;Node_18;1021;316.087;43.9
Zone_7215;57263965;57264986;Node_18;1021;314.098;38.1
Zone_7216;57264986;57266007;Node_18;1021;314.763;42.8
Zone_7217;57266007;57267028;Node_18;1021;314.681;39.8
Zone_7218;57267028;57268049;Node_18;1021;315.987;43.2
Zone_7219;57268049;57269070;Node_18;1021;316.311;42.3
Zone_7220;57269070;57270091;Node_18;1021;315.193;50.0
Zone_7221;57270091;57271112;Node_18;1021;314.501;44.4
Zone_7222;57271112;57272133;Node_18;1021;316.573;47.9
Zone_7223;57272133;57273154;Node_18;1021;315.698;44.9
Zone_7224;57273154;57274175;Node_18;1021;313.118;49.2
Zone_7225;57274175;57275196;Node_18;1021;315.49;41.4
Zone_7226;57275196;57276217;Node_18;1021;316.453;36.5
Zone_7227;57276217;57277238;Node_18;1021;315.647;36.5
Zone_7228;57277238;57278259;Node_18;1021;314.685;39.5
Zone_7229;57278259;57279280;Node_18;1021;316.032;39.9
Zone_7230;57279280;57280301;Node_18;1021;314.985;39.3
Zone_7231;57280301;57281322;Node_18;1021;315.68;40.5
Zone_7232;57281322;57282343;Node_18;1021;317.875;45.2
Zone_7233;57282343;57283364;Node_18;1021;315.19;40.9
Zone_7234;57283364;57284385;Node_18;1021;315.572;40.2
Zone_7235;57284385;57285406;Node_18;1021;315.394;41.9
Zone_7236;57285406;57286427;Node_18;1021;314.395;40.8
Zone_7237;57286427;57287448;Node_18;1021;315.348;34.7
Zone_7238;57287448;57288469;Node_18;1021;316.09;38.2
Zone_7239;57288469;57289490;Node_18;1021;316.581;38.8
Zone_7240;57289490;57290511;Node_18;1021;315.781;41.5
Zone_7241;57290511;57291532;Node_18;1021;315.514;36.0
Zone_7242;57291532;57292553;Node_18;1021;314.792;35.7
Zone_7243;57292553;57293574;Node_18;1021;315.855;40.8
Zone_7244;57293574;57294595;Node_18;1021;314.869;34.9
Zone_7245;57294595;57295616;Node_18;1021;316.113;37.7
Zone_7246;57295616;57296637;Node_18;1021;317.253;35.8
Zone_7247;57296637;57297658;Node_18;1021;317.129;32.9
Zone_7248;57297658;57298679;Node_18;1021;314.16;40.0
Zone_7249;57298679;57299700;Node_18;1021;315.783;32.3
Zone_7250;57299700;57300721;Node_18;1021;315.773;45.5
Zone_7251;57300721;57301742;Node_18;1021;314.988;42.4
Zone_7252;57301742;57302763;Node_18;1021;313.766;46.6
Zone_7253;57302763;57303784;Node_18;1021;316.682;46.3
Zone_7254;57303784;57304805;Node_18;1021;314.622;44.6
Zone_7255;57304805;57305826;Node_18;1021;316.021;47.3
Zone_7256;57305826;57306847;Node_18;1021;314.608;39.1
Zone_7257;57306847;57307868;Node_18;1021;312.319;47.2
Zone_7258;57307868;57308889;Node_18;1021;314.933;38.0
Zone_7259;57308889;57309910;Node_18;1021;315.173;40.3
Zone_7260;57309910;57310931;Node_18;1021;317.042;43.5
Zone_7261;57310931;57311952;Node_18;1021;315.458;43.2
Zone_7262;57311952;57312973;Node_18;1021;315.098;42.1
Zone_7263;57312973;57313994;Node_18;1021;315.91;45.3
Zone_7264;57313994;57315015;Node_18;1021;315.796;40.8
Zone_7265;57315015;57316036;Node_18;1021;314.063;43.7
Zone_7266;57316036;57317057;Node_18;1021;315.268;40.5
Zone_7267;57317057;57318078;Node_18;1021;314.619;42.9
Zone_7268;57318078;57319099;Node_18;1021;314.333;40.4
Zone_7269;57319099;57320120;Node_18;1021;314.976;45.4
Zone_7270;57320120;57321141;Node_18;1021;314.772;37.4
Zone_7271;57321141;57322162;Node_18;1021;313.359;43.3
Zone_7272;57322162;57323183;Node_18;1021;314.035;41.7
Zone_7273;57323183;57324204;Node_18;1021;316.537;38.6
Zone_7274;57324204;57325225;Node_18;1021;313.953;44.9
Zone_7275;57325225;57326246;Node_18;1021;314.165;41.3
Zone_7276;57326246;57327267;Node_18;1021;314.465;45.5
Zone_7277;57327267;57328288;Node_18;1021;315.873;44.7
Zone_7278;57328288;57329309;Node_18;1021;314.667;42.1
Zone_7279;57329309;57330330;Node_18;1021;315.121;36.6
Zone_7280;57330330;57331351;Node_18;1021;314.186;44.5
Zone_7281;57331351;57332372;Node_18;1021;314.634;43.5
Zone_7282;57332372;57333393;Node_18;1021;314.137;41.3
Zone_7283;57333393;57334414;Node_18;1021;315.78;43.3
Zone_7284;57334414;57335435;Node_18;1021;315.601;37.1
Zone_7285;57335435;57336456;Node_18;1021;315.337;35.5
Zone_7286;57336456;57337477;Node_18;1021;313.052;43.9
Zone_7287;57337477;57338498;Node_18;1021;312.091;46.9
Zone_7288;57338498;57339519;Node_18;1021;315.079;42.4
Zone_7289;57339519;57340540;Node_18;1021;315.804;38.2
Zone_7290;57340540;57341561;Node_18;1021;314.616;44.9
Zone_7291;57341561;57342582;Node_18;1021;314.379;39.3
Zone_7292;57342582;57343603;Node_18;1021;316.34;55.1
Zone_7293;57343603;57344624;Node_18;1021;314.669;51.0
Zone_7294;57344624;57345645;Node_18;1021;315.542;43.9
Zone_7295;57345645;57346666;Node_18;1021;315.409;37.3
Zone_7296;57346666;57347687;Node_19;1021;315.357;40.0
Zone_7297;57347687;57348708;Node_19;1021;315.62;40.3
Zone_7298;57348708;57349729;Node_19;1021;313.673;41.8
Zone_7299;57349729;57350750;Node_19;1021;314.741;39.7
Zone_7300;57350750;57351771;Node_19;1021;316.549;42.0
Zone_7301;57351771;57352792;Node_19;1021;315.381;34.3
Zone_7302;57352792;57353813;Node_19;1021;314.189;42.0
Zone_7303;57353813;57354834;Node_19;1021;314.736;37.3
Zone_7304;57354834;57355855;Node_19;1021;314.519;41.3
Zone_7305;57355855;57356876;Node_19;1021;313.882;38.4
Zone_7306;57356876;57357897;Node_19;1021;314.653;39.0
Zone_7307;57357897;57358918;Node_19;1021;315.46;34.2
Zone_7308;57358918;57359939;Node_19;1021;316.226;33.5
Zone_7309;57359939;57360960;Node_19;1021;315.783;33.4
Zone_7310;57360960;57361981;Node_19;1021;315.905;38.5
Zone_7311;57361981;57363002;Node_19;1021;314.57;37.0
Zone_7312;57363002;57364023;Node_19;1021;315.494;41.3
Zone_7313;57364023;57365044;Node_19;1021;316.473;35.7
Zone_7314;57365044;57366065;Node_19;1021;315.796;27.9
Zone_7315;57366065;57367086;Node_19;1021;314.987;37.6
Zone_7316;57367086;57368107;Node_19;1021;315.37;51.5
Zone_7317;57368107;57369128;Node_19;1021;315.532;52.9
Zone_7318;57369128;57370149;Node_19;1021;314.615;41.2
Zone_7319;57370149;57371170;Node_19;1021;315.741;36.7
Zone_7320;57371170;57372191;Node_19;1021;315.595;39.9
Zone_7321;57372191;57373212;Node_19;1021;315.229;40.7
Zone_7322;57373212;57374233;Node_19;1021;315.892;37.9
Zone_7323;57374233;57375254;Node_19;1021;314.283;39.0
Zone_7324;57375254;57376275;Node_19;1021;314.509;44.2
Zone_7325;57376275;57377296;Node_19;1021;315.826;41.3
Zone_7326;57377296;57378317;Node_19;1021;316.203;46.6
Zone_7327;57378317;57379338;Node_19;1021;315.694;37.6
Zone_7328;57379338;57380359;Node_19;1021;315.066;39.2
Zone_7329;57380359;57381380;Node_19;1021;315.599;39.0
Zone_7330;57381380;57382401;Node_19;1021;314.882;43.3
Zone_7331;57382401;57383422;Node_19;1021;315.905;37.9
Zone_7332;57383422;57384443;Node_19;1021;316.027;34.4
Zone_7333;57384443;57385464;Node_19;1021;316.172;36.6
Zone_7334;57385464;57386485;Node_19;1021;316.639;43.1
Zone_7335;57386485;57387506;Node_19;1021;314.821;42.6
Zone_7336;57387506;57388527;Node_19;1021;313.641;46.4
Zone_7337;57388527;57389548;Node_19;1021;311.426;45.8
Zone_7338;57389548;57390569;Node_19;1021;315.005;38.9
Zone_7339;57390569;57391590;Node_19;1021;313.793;38.1
Zone_7340;57391590;57392611;Node_19;1021;315.507;42.1
Zone_7341;57392611;57393632;Node_19;1021;317.082;41.8
Zone_7342;57393632;57394653;Node_19;1021;315.183;40.7
Zone_7343;57394653;57395674;Node_19;1021;314.542;42.7
Zone_7344;57395674;57396695;Node_19;1021;315.575;40.0
Zone_7345;57396695;57397716;Node_19;1021;313.608;38.2
Zone_7346;57397716;57398737;Node_19;1021;315.21;39.4
Zone_7347;57398737;57399758;Node_19;1021;315.607;40.3
Zone_7348;57399758;57400779;Node_19;1021;315.034;40.2
Zone_7349;57400779;57401800;Node_19;1021;315.087;38.1
Zone_7350;57401800;57402821;Node_19;1021;315.686;35.4
Zone_7351;57402821;57403842;Node_19;1021;315.098;43.5
Zone_7352;57403842;57404863;Node_19;1021;315.987;31.5
Zone_7353;57404863;57405884;Node_19;1021;314.725;38.1
Zone_7354;57405884;57406905;Node_19;1021;313.377;43.2
Zone_7355;57406905;57407926;Node_19;1021;316.297;39.9
Zone_7356;57407926;57408947;Node_19;1021;314.411;44.6
Zone_7357;57408947;57409968;Node_19;1021;315.012;48.6
Zone_7358;57409968;57410989;Node_19;1021;316.098;37.3
Zone_7359;57410989;57412010;Node_19;1021;314.674;44.9
Zone_7360;57412010;57413031;Node_19;1021;316.019;39.2
Zone_7361;57413031;57414052;Node_19;1021;316.388;40.3
Zone_7362;57414052;57415073;Node_19;1021;315.407;33.1
Zone_7363;57415073;57416094;Node_19;1021;314.801;37.7
Zone_7364;57416094;57417115;Node_19;1021;315.044;30.3
Zone_7365;57417115;57418136;Node_19;1021;314.47;36.7
Zone_7366;57418136;57419157;Node_19;1021;315.471;35.9
Zone_7367;57419157;57420178;Node_19;1021;315.052;36.4
Zone_7368;57420178;57421199;Node_19;1021;314.66;38.1
Zone_7369;57421199;57422220;Node_19;1021;315.43;41.1
Zone_7370;57422220;57423241;Node_19;1021;314.585;60.7
Zone_7371;57423241;57424262;Node_19;1021;316.699;71.1
Zone_7372;57424262;57425283;Node_19;1021;315.771;57.4
Zone_7373;57425283;57426304;Node_19;1021;315.594;41.2
Zone_7374;57426304;57427325;Node_19;1021;314.9;41.3
Zone_7375;57427325;57428346;Node_19;1021;315.326;38.3
Zone_7376;57428346;57429367;Node_19;1021;314.396;36.8
Zone_7377;57429367;57430388;Node_19;1021;314.171;32.0
Zone_7378;57430388;57431409;Node_19;1021;315.486;40.0
Zone_7379;57431409;57432430;Node_19;1021;315.656;41.5
Zone_7380;57432430;57433451;Node_19;1021;315.972;31.1
Zone_7381;57433451;57434472;Node_19;1021;316.34;31.0
Zone_7382;57434472;57435493;Node_19;1021;315.387;37.8
Zone_7383;57435493;57436514;Node_19;1021;314.443;41.6
Zone_7384;57436514;57437535;Node_19;1021;316.286;41.5
Zone_7385;57437535;57438556;Node_19;1021;314.776;38.8
Zone_7386;57438556;57439577;Node_19;1021;314.544;42.3
Zone_7387;57439577;57440598;Node_19;1021;315.558;42.4
Zone_7388;57440598;57441619;Node_19;1021;314.18;39.4
Zone_7389;57441619;57442640;Node_19;1021;315.609;35.7
Zone_7390;57442640;57443661;Node_19;1021;314.284;41.6
Zone_7391;57443661;57444682;Node_19;1021;313.637;40.3
Zone_7392;57444682;57445703;Node_19;1021;315.676;33.1
Zone_7393;57445703;57446724;Node_19;1021;315.052;38.0
Zone_7394;57446724;57447745;Node_19;1021;314.826;39.8
Zone_7395;57447745;57448766;Node_19;1021;315.168;35.9
Zone_7396;57448766;57449787;Node_19;1021;313.902;40.6
Zone_7397;57449787;57450808;Node_19;1021;315.576;33.8
Zone_7398;57450808;57451829;Node_19;1021;315.022;39.3
Zone_7399;57451829;57452850;Node_19;1021;315.186;41.2
Zone_7400;57452850;57453871;Node_19;1021;317.723;32.3
Zone_7401;57453871;57454892;Node_19;1021;315.919;38.6
Zone_7402;57454892;57455913;Node_19;1021;317.791;41.6
Zone_7403;57455913;57456934;Node_19;1021;314.886;33.0
Zone_7404;57456934;57457955;Node_19;1021;317.404;38.2
Zone_7405;57457955;57458976;Node_19;1021;315.549;27.9
Zone_7406;57458976;57459997;Node_19;1021;314.452;32.9
Zone_7407;57459997;57461018;Node_19;1021;315.049;44.1
Zone_7408;57461018;57462039;Node_19;1021;313.347;41.8
Zone_7409;57462039;57463060;Node_19;1021;315.96;40.9
Zone_7410;57463060;57464081;Node_19;1021;315.147;37.9
Zone_7411;57464081;57465102;Node_19;1021;314.351;37.2
Zone_7412;57465102;57466123;Node_19;1021;315.625;37.8
Zone_7413;57466123;57467144;Node_19;1021;314.438;39.7
Zone_7414;57467144;57468165;Node_19;1021;314.6;36.9
Zone_7415;57468165;57469186;Node_19;1021;317.62;38.4
Zone_7416;57469186;57470207;Node_19;1021;314.533;39.5
Zone_7417;57470207;57471228;Node_19;1021;315.039;35.7
Zone_7418;57471228;57472249;Node_19;1021;315.879;38.9
Zone_7419;57472249;57473270;Node_19;1021;314.731;42.6
Zone_7420;57473270;57474291;Node_19;1021;314.516;38.5
Zone_7421;57474291;57475312;Node_19;1021;316.611;39.5
Zone_7422;57475312;57476333;Node_19;1021;316.462;46.5
Zone_7423;57476333;57477354;Node_19;1021;315.729;38.9
Zone_7424;57477354;57478375;Node_19;1021;315.057;40.2
Zone_7425;57478375;57479396;Node_19;1021;315.081;38.0
Zone_7426;57479396;57480417;Node_19;1021;316.3;44.1
Zone_7427;57480417;57481438;Node_19;1021;313.41;43.5
Zone_7428;57481438;57482459;Node_19;1021;316.273;38.0
Zone_7429;57482459;57483480;Node_19;1021;315.446;33.2
Zone_7430;57483480;57484501;Node_19;1021;316.689;42.1
Zone_7431;57484501;57485522;Node_19;1021;317.343;42.1
Zone_7432;57485522;57486543;Node_19;1021;314.751;41.1
Zone_7433;57486543;57487564;Node_19;1021;315.729;45.1
Zone_7434;57487564;57488585;Node_19;1021;315.78;42.3
Zone_7435;57488585;57489606;Node_19;1021;314.821;38.5
Zone_7436;57489606;57490627;Node_19;1021;314.988;36.2
Zone_7437;57490627;57491648;Node_19;1021;316.39;39.7
Zone_7438;57491648;57492669;Node_19;1021;317.426;40.6
Zone_7439;57492669;57493690;Node_19;1021;313.694;41.4
Zone_7440;57493690;57494711;Node_19;1021;314.906;38.3
Zone_7441;57494711;57495732;Node_19;1021;315.748;39.0
Zone_7442;57495732;57496753;Node_19;1021;314.261;37.8
Zone_7443;57496753;57497774;Node_19;1021;314.927;41.5
Zone_7444;57497774;57498795;Node_19;1021;319.249;42.7
Zone_7445;57498795;57499816;Node_19;1021;316.822;45.1
Zone_7446;57499816;57500837;Node_19;1021;315.448;36.1
Zone_7447;57500837;57501858;Node_19;1021;315.92;39.9
Zone_7448;57501858;57502879;Node_19;1021;316.174;40.6
Zone_7449;57502879;57503900;Node_19;1021;312.82;42.3
Zone_7450;57503900;57504921;Node_19;1021;316.133;36.8
Zone_7451;57504921;57505942;Node_19;1021;315.734;40.3
Zone_7452;57505942;57506963;Node_19;1021;313.779;41.9
Zone_7453;57506963;57507984;Node_19;1021;312.723;43.5
Zone_7454;57507984;57509005;Node_19;1021;314.736;37.3
Zone_7455;57509005;57510026;Node_19;1021;312.193;40.3
Zone_7456;57510026;57511047;Node_19;1021;311.693;44.9
Zone_7457;57511047;57512068;Node_19;1021;312.292;39.1
Zone_7458;57512068;57513089;Node_19;1021;315.645;41.3
Zone_7459;57513089;57514110;Node_19;1021;312.893;37.8
Zone_7460;57514110;57515131;Node_19;1021;315.173;34.9
Zone_7461;57515131;57516152;Node_19;1021;315.4;39.4
Zone_7462;57516152;57517173;Node_19;1021;315.198;37.3
Zone_7463;57517173;57518194;Node_19;1021;314.299;40.5
Zone_7464;57518194;57519215;Node_19;1021;312.845;41.9
Zone_7465;57519215;57520236;Node_19;1021;315.279;40.6
Zone_7466;57520236;57521257;Node_19;1021;315.891;35.7
Zone_7467;57521257;57522278;Node_19;1021;317.129;47.2
Zone_7468;57522278;57523299;Node_19;1021;315.842;44.0
Zone_7469;57523299;57524320;Node_19;1021;317.21;39.9
Zone_7470;57524320;57525341;Node_19;1021;317.403;39.2
Zone_7471;57525341;57526362;Node_19;1021;316.366;36.9
Zone_7472;57526362;57527383;Node_19;1021;314.576;34.5
Zone_7473;57527383;57528404;Node_19;1021;316.691;32.8
Zone_7474;57528404;57529425;Node_19;1021;316.762;30.7
Zone_7475;57529425;57530446;Node_19;1021;315.301;34.5
Zone_7476;57530446;57531467;Node_19;1021;314.504;42.2
Zone_7477;57531467;57532488;Node_19;1021;316.629;37.2
Zone_7478;57532488;57533509;Node_19;1021;314.532;36.8
Zone_7479;57533509;57534530;Node_19;1021;315.868;38.3
Zone_7480;57534530;57535551;Node_19;1021;314.046;41.3
Zone_7481;57535551;57536572;Node_19;1021;314.538;44.2
Zone_7482;57536572;57537593;Node_19;1021;314.761;40.4
Zone_7483;57537593;57538614;Node_19;1021;315.039;45.9
Zone_7484;57538614;57539635;Node_19;1021;315.067;40.1
Zone_7485;57539635;57540656;Node_19;1021;316.297;36.1
Zone_7486;57540656;57541677;Node_19;1021;316.05;41.6
Zone_7487;57541677;57542698;Node_19;1021;317.47;42.9
Zone_7488;57542698;57543719;Node_19;1021;315.77;42.0
Zone_7489;57543719;57544740;Node_19;1021;315.577;41.1
Zone_7490;57544740;57545761;Node_19;1021;312.731;44.8
Zone_7491;57545761;57546782;Node_19;1021;316.653;39.5
Zone_7492;57546782;57547803;Node_19;1021;316.531;34.4
Zone_7493;57547803;57548824;Node_19;1021;314.118;36.2
Zone_7494;57548824;57549845;Node_19;1021;315.67;38.7
Zone_7495;57549845;57550866;Node_19;1021;314.412;40.5
Zone_7496;57550866;57551887;Node_19;1021;315.668;42.3
Zone_7497;57551887;57552908;Node_19;1021;316.713;43.9
Zone_7498;57552908;57553929;Node_19;1021;319.945;44.0
Zone_7499;57553929;57554950;Node_19;1021;316.196;37.1
Zone_7500;57554950;57555971;Node_19;1021;314.138;40.6
Zone_7501;57555971;57556992;Node_19;1021;315.057;34.4
Zone_7502;57556992;57558013;Node_19;1021;316.303;40.3
Zone_7503;57558013;57559034;Node_19;1021;316.642;44.1
Zone_7504;57559034;57560055;Node_19;1021;316.206;45.3
Zone_7505;57560055;57561076;Node_19;1021;315.666;46.0
Zone_7506;57561076;57562097;Node_19;1021;315.671;49.0
Zone_7507;57562097;57563118;Node_19;1021;315.928;47.6
Zone_7508;57563118;57564139;Node_19;1021;316.159;51.9
Zone_7509;57564139;57565160;Node_19;1021;316.399;42.6
Zone_7510;57565160;57566181;Node_19;1021;315.29;39.7
Zone_7511;57566181;57567202;Node_19;1021;315.864;37.0
Zone_7512;57567202;57568223;Node_19;1021;315.202;39.5
Zone_7513;57568223;57569244;Node_19;1021;316.034;45.0
Zone_7514;57569244;57570265;Node_19;1021;316.885;39.5
Zone_7515;57570265;57571286;Node_19;1021;315.011;36.4
Zone_7516;57571286;57572307;Node_19;1021;316.377;44.6
Zone_7517;57572307;57573328;Node_19;1021;315.493;42.8
Zone_7518;57573328;57574349;Node_19;1021;316.43;43.5
Zone_7519;57574349;57575370;Node_19;1021;315.583;41.5
Zone_7520;57575370;57576391;Node_19;1021;315.719;35.7
Zone_7521;57576391;57577412;Node_19;1021;316.216;43.3
Zone_7522;57577412;57578433;Node_19;1021;315.213;44.9
Zone_7523;57578433;57579454;Node_19;1021;315.051;41.8
Zone_7524;57579454;57580475;Node_19;1021;316.27;47.2
Zone_7525;57580475;57581496;Node_19;1021;315.654;42.0
Zone_7526;57581496;57582517;Node_19;1021;315.465;38.7
Zone_7527;57582517;57583538;Node_19;1021;315.052;46.5
Zone_7528;57583538;57584559;Node_19;1021;314.695;44.2
Zone_7529;57584559;57585580;Node_19;1021;314.913;42.5
Zone_7530;57585580;57586601;Node_19;1021;313.613;41.0
Zone_7531;57586601;57587622;Node_19;1021;314.18;37.3
Zone_7532;57587622;57588643;Node_19;1021;314.647;39.5
Zone_7533;57588643;57589664;Node_19;1021;316.512;38.2
Zone_7534;57589664;57590685;Node_19;1021;314.912;39.9
Zone_7535;57590685;57591706;Node_19;1021;315.186;40.0
Zone_7536;57591706;57592727;Node_19;1021;316.191;40.9
Zone_7537;57592727;57593748;Node_19;1021;314.539;41.2
Zone_7538;57593748;57594769;Node_19;1021;315.365;42.1
Zone_7539;57594769;57595790;Node_19;1021;314.681;40.9
Zone_7540;57595790;57596811;Node_19;1021;314.087;44.1
Zone_7541;57596811;57597832;Node_19;1021;314.599;40.9
Zone_7542;57597832;57598853;Node_19;1021;314.819;46.1
Zone_7543;57598853;57599874;Node_19;1021;313.935;44.6
Zone_7544;57599874;57600895;Node_19;1021;314.763;45.2
Zone_7545;57600895;57601916;Node_19;1021;315.671;39.0
Zone_7546;57601916;57602937;Node_19;1021;316.327;40.8
Zone_7547;57602937;57603958;Node_19;1021;314.126;47.0
Zone_7548;57603958;57604979;Node_19;1021;315.57;42.7
Zone_7549;57604979;57606000;Node_19;1021;315.314;38.3
Zone_7550;57606000;57607021;Node_19;1021;315.151;30.7
Zone_7551;57607021;57608042;Node_19;1021;314.795;39.2
Zone_7552;57608042;57609063;Node_19;1021;314.472;36.5
Zone_7553;57609063;57610084;Node_19;1021;315.025;37.0
Zone_7554;57610084;57611105;Node_19;1021;315.003;41.8
Zone_7555;57611105;57612126;Node_19;1021;312.686;44.5
Zone_7556;57612126;57613147;Node_19;1021;316.686;40.7
Zone_7557;57613147;57614168;Node_19;1021;316.291;44.0
Zone_7558;57614168;57615189;Node_19;1021;314.284;39.7
Zone_7559;57615189;57616210;Node_19;1021;314.856;41.8
Zone_7560;57616210;57617231;Node_19;1021;315.41;43.7
Zone_7561;57617231;57618252;Node_19;1021;314.413;45.6
Zone_7562;57618252;57619273;Node_19;1021;317.189;41.1
Zone_7563;57619273;57620294;Node_19;1021;315.978;48.1
Zone_7564;57620294;57621315;Node_19;1021;318.141;47.7
Zone_7565;57621315;57622336;Node_19;1021;316.191;45.1
Zone_7566;57622336;57623357;Node_19;1021;316.025;42.7
Zone_7567;57623357;57624378;Node_19;1021;315.648;44.4
Zone_7568;57624378;57625399;Node_19;1021;313.785;37.0
Zone_7569;57625399;57626420;Node_19;1021;317.686;41.0
Zone_7570;57626420;57627441;Node_19;1021;315.401;46.3
Zone_7571;57627441;57628462;Node_19;1021;315.314;41.0
Zone_7572;57628462;57629483;Node_19;1021;314.295;35.7
Zone_7573;57629483;57630504;Node_19;1021;316.109;37.1
Zone_7574;57630504;57631525;Node_19;1021;315.754;32.7
Zone_7575;57631525;57632546;Node_19;1021;316.993;37.3
Zone_7576;57632546;57633567;Node_19;1021;318.243;41.6
Zone_7577;57633567;57634588;Node_19;1021;315.94;37.1
Zone_7578;57634588;57635609;Node_19;1021;317.072;44.5
Zone_7579;57635609;57636630;Node_19;1021;316.551;45.9
Zone_7580;57636630;57637651;Node_19;1021;317.869;40.4
Zone_7581;57637651;57638672;Node_19;1021;316.221;33.2
Zone_7582;57638672;57639693;Node_19;1021;317.056;31.8
Zone_7583;57639693;57640714;Node_19;1021;315.711;40.7
Zone_7584;57640714;57641735;Node_19;1021;314.768;42.5
Zone_7585;57641735;57642756;Node_19;1021;313.525;41.3
Zone_7586;57642756;57643777;Node_19;1021;314.728;36.6
Zone_7587;57643777;57644798;Node_19;1021;316.711;40.5
Zone_7588;57644798;57645819;Node_19;1021;315.804;43.6
Zone_7589;57645819;57646840;Node_19;1021;316.856;41.6
Zone_7590;57646840;57647861;Node_19;1021;313.819;43.8
Zone_7591;57647861;57648882;Node_19;1021;314.557;41.1
Zone_7592;57648882;57649903;Node_19;1021;315.635;37.3
Zone_7593;57649903;57650924;Node_19;1021;314.666;38.9
Zone_7594;57650924;57651945;Node_19;1021;315.732;31.7
Zone_7595;57651945;57652966;Node_19;1021;313.653;38.1
Zone_7596;57652966;57653987;Node_19;1021;313.905;37.5
Zone_7597;57653987;57655008;Node_19;1021;315.578;29.8
Zone_7598;57655008;57656029;Node_19;1021;313.039;37.8
Zone_7599;57656029;57657050;Node_19;1021;315.732;38.2
Zone_7600;57657050;57658071;Node_19;1021;314.842;41.2
Zone_7601;57658071;57659092;Node_19;1021;313.458;47.1
Zone_7602;57659092;57660113;Node_19;1021;315.943;41.8
Zone_7603;57660113;57661134;Node_19;1021;315.3;45.3
Zone_7604;57661134;57662155;Node_19;1021;315.907;40.0
Zone_7605;57662155;57663176;Node_19;1021;315.833;44.4
Zone_7606;57663176;57664197;Node_19;1021;316.104;38.3
Zone_7607;57664197;57665218;Node_19;1021;315.414;26.6
Zone_7608;57665218;57666239;Node_19;1021;316.725;30.8
Zone_7609;57666239;57667260;Node_19;1021;315.199;41.5
Zone_7610;57667260;57668281;Node_19;1021;315.639;36.6
Zone_7611;57668281;57669302;Node_19;1021;315.51;35.4
Zone_7612;57669302;57670323;Node_19;1021;315.194;36.3
Zone_7613;57670323;57671344;Node_19;1021;315.481;36.3
Zone_7614;57671344;57672365;Node_19;1021;314.044;37.6
Zone_7615;57672365;57673386;Node_19;1021;315.182;38.7
Zone_7616;57673386;57674407;Node_19;1021;316.049;35.5
Zone_7617;57674407;57675428;Node_19;1021;315.127;40.6
Zone_7618;57675428;57676449;Node_19;1021;316.32;39.6
Zone_7619;57676449;57677470;Node_19;1021;315.203;42.7
Zone_7620;57677470;57678491;Node_19;1021;316.401;40.2
Zone_7621;57678491;57679512;Node_19;1021;315.838;44.4
Zone_7622;57679512;57680533;Node_19;1021;315.662;37.8
Zone_7623;57680533;57681554;Node_19;1021;314.524;38.3
Zone_7624;57681554;57682575;Node_19;1021;317.092;40.0
Zone_7625;57682575;57683596;Node_19;1021;315.267;54.0
Zone_7626;57683596;57684617;Node_19;1021;316.124;35.7
Zone_7627;57684617;57685638;Node_19;1021;314.718;39.7
Zone_7628;57685638;57686659;Node_19;1021;315.552;33.2
Zone_7629;57686659;57687680;Node_19;1021;315.115;34.0
Zone_7630;57687680;57688701;Node_19;1021;315.902;35.0
Zone_7631;57688701;57689722;Node_19;1021;317.286;39.3
Zone_7632;57689722;57690743;Node_19;1021;313.562;39.5
Zone_7633;57690743;57691764;Node_19;1021;314.942;41.2
Zone_7634;57691764;57692785;Node_19;1021;316.217;46.4
Zone_7635;57692785;57693806;Node_19;1021;314.66;47.5
Zone_7636;57693806;57694827;Node_19;1021;316.321;37.7
Zone_7637;57694827;57695848;Node_19;1021;318.463;39.2
Zone_7638;57695848;57696869;Node_19;1021;315.088;43.8
Zone_7639;57696869;57697890;Node_19;1021;314.994;35.4
Zone_7640;57697890;57698911;Node_19;1021;313.943;40.0
Zone_7641;57698911;57699932;Node_19;1021;315.664;42.2
Zone_7642;57699932;57700953;Node_19;1021;312.505;36.1
Zone_7643;57700953;57701974;Node_19;1021;315.752;38.0
Zone_7644;57701974;57702995;Node_19;1021;315.222;37.5
Zone_7645;57702995;57704016;Node_19;1021;316.401;34.4
Zone_7646;57704016;57705037;Node_19;1021;314.861;35.7
Zone_7647;57705037;57706058;Node_19;1021;313.81;28.9
Zone_7648;57706058;57707079;Node_19;1021;313.607;44.6
Zone_7649;57707079;57708100;Node_19;1021;314.817;38.3
Zone_7650;57708100;57709121;Node_19;1021;314.593;47.3
Zone_7651;57709121;57710142;Node_19;1021;314.652;37.7
Zone_7652;57710142;57711163;Node_19;1021;315.248;40.1
Zone_7653;57711163;57712184;Node_19;1021;316.002;37.6
Zone_7654;57712184;57713205;Node_19;1021;315.172;35.1
Zone_7655;57713205;57714226;Node_19;1021;316.424;38.2
Zone_7656;57714226;57715247;Node_19;1021;317.7;38.4
Zone_7657;57715247;57716268;Node_19;1021;315.136;36.4
Zone_7658;57716268;57717289;Node_19;1021;317.003;39.1
Zone_7659;57717289;57718310;Node_19;1021;316.392;30.8
Zone_7660;57718310;57719331;Node_19;1021;316.076;33.6
Zone_7661;57719331;57720352;Node_19;1021;314.931;40.8
Zone_7662;57720352;57721373;Node_19;1021;315.107;41.1
Zone_7663;57721373;57722394;Node_19;1021;315.972;42.1
Zone_7664;57722394;57723415;Node_19;1021;314.404;41.1
Zone_7665;57723415;57724436;Node_19;1021;317.397;43.5
Zone_7666;57724436;57725457;Node_19;1021;314.19;45.6
Zone_7667;57725457;57726478;Node_19;1021;316.218;44.3
Zone_7668;57726478;57727499;Node_19;1021;316.254;41.2
Zone_7669;57727499;57728520;Node_19;1021;314.748;46.0
Zone_7670;57728520;57729541;Node_19;1021;316.247;45.2
Zone_7671;57729541;57730562;Node_19;1021;315.604;42.9
Zone_7672;57730562;57731583;Node_19;1021;317.267;37.9
Zone_7673;57731583;57732604;Node_19;1021;316.8;46.5
Zone_7674;57732604;57733625;Node_19;1021;315.942;41.1
Zone_7675;57733625;57734646;Node_19;1021;315.908;43.6
Zone_7676;57734646;57735667;Node_19;1021;315.262;36.1
Zone_7677;57735667;57736688;Node_19;1021;315.841;36.8
Zone_7678;57736688;57737709;Node_19;1021;315.22;46.6
Zone_7679;57737709;57738730;Node_19;1021;314.645;41.2
Zone_7680;57738730;57739751;Node_20;1021;313.377;45.2
Zone_7681;57739751;57740772;Node_20;1021;315.568;40.5
Zone_7682;57740772;57741793;Node_20;1021;316.233;39.0
Zone_7683;57741793;57742814;Node_20;1021;317.266;42.6
Zone_7684;57742814;57743835;Node_20;1021;314.88;48.4
Zone_7685;57743835;57744856;Node_20;1021;316.197;43.7
Zone_7686;57744856;57745877;Node_20;1021;314.756;34.8
Zone_7687;57745877;57746898;Node_20;1021;314.391;31.0
Zone_7688;57746898;57747919;Node_20;1021;315.7;40.5
Zone_7689;57747919;57748940;Node_20;1021;316.038;40.0
Zone_7690;57748940;57749961;Node_20;1021;316.633;42.6
Zone_7691;57749961;57750982;Node_20;1021;313.845;41.2
Zone_7692;57750982;57752003;Node_20;1021;317.631;48.5
Zone_7693;57752003;57753024;Node_20;1021;315.476;39.2
Zone_7694;57753024;57754045;Node_20;1021;315.787;43.5
Zone_7695;57754045;57755066;Node_20;1021;315.377;44.1
Zone_7696;57755066;57756087;Node_20;1021;314.679;36.5
Zone_7697;57756087;57757108;Node_20;1021;317.504;38.9
Zone_7698;57757108;57758129;Node_20;1021;314.981;42.5
Zone_7699;57758129;57759150;Node_20;1021;315.668;37.5
Zone_7700;57759150;57760171;Node_20;1021;317.255;39.9
Zone_7701;57760171;57761192;Node_20;1021;313.432;41.1
Zone_7702;57761192;57762213;Node_20;1021;314.928;41.0
Zone_7703;57762213;57763234;Node_20;1021;315.47;39.2
Zone_7704;57763234;57764255;Node_20;1021;316.641;42.4
Zone_7705;57764255;57765276;Node_20;1021;314.992;33.4
Zone_7706;57765276;57766297;Node_20;1021;312.823;43.2
Zone_7707;57766297;57767318;Node_20;1021;313.528;44.4
Zone_7708;57767318;57768339;Node_20;1021;315.14;41.7
Zone_7709;57768339;57769360;Node_20;1021;314.414;37.6
Zone_7710;57769360;57770381;Node_20;1021;314.65;43.1
Zone_7711;57770381;57771402;Node_20;1021;316.074;38.1
Zone_7712;57771402;57772423;Node_20;1021;314.356;36.7
Zone_7713;57772423;57773444;Node_20;1021;315.065;35.9
Zone_7714;57773444;57774465;Node_20;1021;314.747;29.5
Zone_7715;57774465;57775486;Node_20;1021;314.727;29.9
Zone_7716;57775486;57776507;Node_20;1021;314.786;28.8
Zone_7717;57776507;57777528;Node_20;1021;313.592;27.4
Zone_7718;57777528;57778549;Node_20;1021;313.794;34.7
Zone_7719;57778549;57779570;Node_20;1021;314.818;39.0
Zone_7720;57779570;57780591;Node_20;1021;315.455;35.5
Zone_7721;57780591;57781612;Node_20;1021;313.632;35.1
Zone_7722;57781612;57782633;Node_20;1021;315.097;33.9
Zone_7723;57782633;57783654;Node_20;1021;313.507;40.3
Zone_7724;57783654;57784675;Node_20;1021;316.256;41.3
Zone_7725;57784675;57785696;Node_20;1021;316.463;36.8
Zone_7726;57785696;57786717;Node_20;1021;315.33;35.6
Zone_7727;57786717;57787738;Node_20;1021;316.166;30.2
Zone_7728;57787738;57788759;Node_20;1021;316.064;35.1
Zone_7729;57788759;57789780;Node_20;1021;315.431;46.7
Zone_7730;57789780;57790801;Node_20;1021;315.792;44.9
Zone_7731;57790801;57791822;Node_20;1021;314.168;38.0
Zone_7732;57791822;57792843;Node_20;1021;312.878;38.8
Zone_7733;57792843;57793864;Node_20;1021;316.207;39.7
Zone_7734;57793864;57794885;Node_20;1021;313.64;42.9
Zone_7735;57794885;57795906;Node_20;1021;315.375;34.3
Zone_7736;57795906;57796927;Node_20;1021;314.917;44.2
Zone_7737;57796927;57797948;Node_20;1021;314.708;39.1
Zone_7738;57797948;57798969;Node_20;1021;316.093;42.5
Zone_7739;57798969;57799990;Node_20;1021;316.746;40.5
Zone_7740;57799990;57801011;Node_20;1021;315.669;40.3
Zone_7741;57801011;57802032;Node_20;1021;315.281;41.4
Zone_7742;57802032;57803053;Node_20;1021;315.896;46.6
Zone_7743;57803053;57804074;Node_20;1021;315.746;41.6
Zone_7744;57804074;57805095;Node_20;1021;315.489;41.2
Zone_7745;57805095;57806116;Node_20;1021;313.682;39.7
Zone_7746;57806116;57807137;Node_20;1021;313.87;43.1
Zone_7747;57807137;57808158;Node_20;1021;313.216;37.8
Zone_7748;57808158;57809179;Node_20;1021;314.368;37.0
Zone_7749;57809179;57810200;Node_20;1021;314.817;38.7
Zone_7750;57810200;57811221;Node_20;1021;315.317;42.9
Zone_7751;57811221;57812242;Node_20;1021;315.668;42.9
Zone_7752;57812242;57813263;Node_20;1021;315.766;39.1
Zone_7753;57813263;57814284;Node_20;1021;315.793;38.3
Zone_7754;57814284;57815305;Node_20;1021;315.085;44.1
Zone_7755;57815305;57816326;Node_20;1021;314.953;40.4
Zone_7756;57816326;57817347;Node_20;1021;314.461;38.7
Zone_7757;57817347;57818368;Node_20;1021;314.661;42.6
Zone_7758;57818368;57819389;Node_20;1021;315.189;34.1
Zone_7759;57819389;57820410;Node_20;1021;314.847;37.9
Zone_7760;57820410;57821431;Node_20;1021;313.737;38.6
Zone_7761;57821431;57822452;Node_20;1021;316.28;41.1
Zone_7762;57822452;57823473;Node_20;1021;315.968;38.2
Zone_7763;57823473;57824494;Node_20;1021;316.196;43.1
Zone_7764;57824494;57825515;Node_20;1021;315.702;43.2
Zone_7765;57825515;57826536;Node_20;1021;317.035;40.9
Zone_7766;57826536;57827557;Node_20;1021;315.805;40.8
Zone_7767;57827557;57828578;Node_20;1021;314.261;45.8
Zone_7768;57828578;57829599;Node_20;1021;315.85;33.0
Zone_7769;57829599;57830620;Node_20;1021;314.743;42.0
Zone_7770;57830620;57831641;Node_20;1021;314.82;43.6
Zone_7771;57831641;57832662;Node_20;1021;315.539;40.8
Zone_7772;57832662;57833683;Node_20;1021;316.781;38.9
Zone_7773;57833683;57834704;Node_20;1021;315.648;31.4
Zone_7774;57834704;57835725;Node_20;1021;316.048;40.9
Zone_7775;57835725;57836746;Node_20;1021;315.159;42.4
Zone_7776;57836746;57837767;Node_20;1021;311.606;43.3
Zone_7777;57837767;57838788;Node_20;1021;313.001;38.1
Zone_7778;57838788;57839809;Node_20;1021;314.096;40.9
Zone_7779;57839809;57840830;Node_20;1021;317.135;41.0
Zone_7780;57840830;57841851;Node_20;1021;314.587;50.7
Zone_7781;57841851;57842872;Node_20;1021;314.097;41.7
Zone_7782;57842872;57843893;Node_20;1021;314.688;39.5
Zone_7783;57843893;57844914;Node_20;1021;313.85;44.3
Zone_7784;57844914;57845935;Node_20;1021;315.666;40.1
Zone_7785;57845935;57846956;Node_20;1021;315.883;44.3
Zone_7786;57846956;57847977;Node_20;1021;316.996;33.0
Zone_7787;57847977;57848998;Node_20;1021;316.417;38.7
Zone_7788;57848998;57850019;Node_20;1021;315.747;41.5
Zone_7789;57850019;57851040;Node_20;1021;314.892;44.1
Zone_7790;57851040;57852061;Node_20;1021;314.71;44.9
Zone_7791;57852061;57853082;Node_20;1021;313.442;42.4
Zone_7792;57853082;57854103;Node_20;1021;316.558;34.1
Zone_7793;57854103;57855124;Node_20;1021;316.379;38.8
Zone_7794;57855124;57856145;Node_20;1021;318.229;44.9
Zone_7795;57856145;57857166;Node_20;1021;316.908;44.1
Zone_7796;57857166;57858187;Node_20;1021;317.113;34.3
Zone_7797;57858187;57859208;Node_20;1021;314.853;43.3
Zone_7798;57859208;57860229;Node_20;1021;314.421;36.9
Zone_7799;57860229;57861250;Node_20;1021;316.435;46.6
Zone_7800;57861250;57862271;Node_20;1021;314.548;34.9
Zone_7801;57862271;57863292;Node_20;1021;316.503;34.1
Zone_7802;57863292;57864313;Node_20;1021;317.537;39.9
Zone_7803;57864313;57865334;Node_20;1021;315.041;39.7
Zone_7804;57865334;57866355;Node_20;1021;313.86;41.7
Zone_7805;57866355;57867376;Node_20;1021;315.273;45.1
Zone_7806;57867376;57868397;Node_20;1021;315.246;42.9
Zone_7807;57868397;57869418;Node_20;1021;314.604;41.0
Zone_7808;57869418;57870439;Node_20;1021;316.055;43.5
Zone_7809;57870439;57871460;Node_20;1021;315.849;37.2
Zone_7810;57871460;57872481;Node_20;1021;315.463;37.5
Zone_7811;57872481;57873502;Node_20;1021;317.506;39.8
Zone_7812;57873502;57874523;Node_20;1021;316.604;41.8
Zone_7813;57874523;57875544;Node_20;1021;314.57;44.8
Zone_7814;57875544;57876565;Node_20;1021;315.836;40.2
Zone_7815;57876565;57877586;Node_20;1021;315.426;41.6
Zone_7816;57877586;57878607;Node_20;1021;314.891;38.2
Zone_7817;57878607;57879628;Node_20;1021;314.123;38.3
Zone_7818;57879628;57880649;Node_20;1021;313.768;46.4
Zone_7819;57880649;57881670;Node_20;1021;314.897;33.1
Zone_7820;57881670;57882691;Node_20;1021;315.886;40.8
Zone_7821;57882691;57883712;Node_20;1021;314.905;39.5
Zone_7822;57883712;57884733;Node_20;1021;317.37;41.0
Zone_7823;57884733;57885754;Node_20;1021;315.534;39.8
Zone_7824;57885754;57886775;Node_20;1021;313.415;39.7
Zone_7825;57886775;57887796;Node_20;1021;314.637;37.4
Zone_7826;57887796;57888817;Node_20;1021;315.101;36.0
Zone_7827;57888817;57889838;Node_20;1021;315.533;43.2
Zone_7828;57889838;57890859;Node_20;1021;315.549;45.1
Zone_7829;57890859;57891880;Node_20;1021;316.248;39.9
Zone_7830;57891880;57892901;Node_20;1021;314.029;38.8
Zone_7831;57892901;57893922;Node_20;1021;316.274;42.1
Zone_7832;57893922;57894943;Node_20;1021;315.99;46.0
Zone_7833;57894943;57895964;Node_20;1021;315.697;38.3
Zone_7834;57895964;57896985;Node_20;1021;315.704;39.8
Zone_7835;57896985;57898006;Node_20;1021;316.42;40.8
Zone_7836;57898006;57899027;Node_20;1021;315.841;40.6
Zone_7837;57899027;57900048;Node_20;1021;314.378;39.2
Zone_7838;57900048;57901069;Node_20;1021;315.955;45.2
Zone_7839;57901069;57902090;Node_20;1021;314.32;45.1
Zone_7840;57902090;57903111;Node_20;1021;314.637;37.6
Zone_7841;57903111;57904132;Node_20;1021;313.891;41.7
Zone_7842;57904132;57905153;Node_20;1021;316.762;40.6
Zone_7843;57905153;57906174;Node_20;1021;317.759;43.7
Zone_7844;57906174;57907195;Node_20;1021;315.931;38.7
Zone_7845;57907195;57908216;Node_20;1021;314.607;40.7
Zone_7846;57908216;57909237;Node_20;1021;315.599;47.7
Zone_7847;57909237;57910258;Node_20;1021;315.184;37.2
Zone_7848;57910258;57911279;Node_20;1021;315.508;43.5
Zone_7849;57911279;57912300;Node_20;1021;312.912;47.7
Zone_7850;57912300;57913321;Node_20;1021;315.176;40.4
Zone_7851;57913321;57914342;Node_20;1021;315.969;38.9
Zone_7852;57914342;57915363;Node_20;1021;316.455;33.9
Zone_7853;57915363;57916384;Node_20;1021;314.376;47.7
Zone_7854;57916384;57917405;Node_20;1021;315.299;45.8
Zone_7855;57917405;57918426;Node_20;1021;315.148;39.2
Zone_7856;57918426;57919447;Node_20;1021;315.633;47.5
Zone_7857;57919447;57920468;Node_20;1021;316.173;43.3
Zone_7858;57920468;57921489;Node_20;1021;315.281;35.9
Zone_7859;57921489;57922510;Node_20;1021;314.352;45.3
Zone_7860;57922510;57923531;Node_20;1021;315.571;42.0
Zone_7861;57923531;57924552;Node_20;1021;315.311;38.7
Zone_7862;57924552;57925573;Node_20;1021;314.487;37.5
Zone_7863;57925573;57926594;Node_20;1021;315.331;43.7
Zone_7864;57926594;57927615;Node_20;1021;314.789;41.3
Zone_7865;57927615;57928636;Node_20;1021;313.221;35.7
Zone_7866;57928636;57929657;Node_20;1021;314.912;34.8
Zone_7867;57929657;57930678;Node_20;1021;314.949;38.3
Zone_7868;57930678;57931699;Node_20;1021;315.102;33.9
Zone_7869;57931699;57932720;Node_20;1021;314.122;31.8
Zone_7870;57932720;57933741;Node_20;1021;314.282;35.3
Zone_7871;57933741;57934762;Node_20;1021;315.552;43.3
Zone_7872;57934762;57935783;Node_20;1021;315.725;40.5
Zone_7873;57935783;57936804;Node_20;1021;314.413;43.8
Zone_7874;57936804;57937825;Node_20;1021;315.897;47.6
Zone_7875;57937825;57938846;Node_20;1021;314.273;47.6
Zone_7876;57938846;57939867;Node_20;1021;313.654;43.1
Zone_7877;57939867;57940888;Node_20;1021;315.518;41.8
Zone_7878;57940888;57941909;Node_20;1021;316.711;41.2
Zone_7879;57941909;57942930;Node_20;1021;315.442;42.1
Zone_7880;57942930;57943951;Node_20;1021;315.33;40.5
Zone_7881;57943951;57944972;Node_20;1021;312.859;43.8
Zone_7882;57944972;57945993;Node_20;1021;313.976;40.0
Zone_7883;57945993;57947014;Node_20;1021;314.436;43.5
Zone_7884;57947014;57948035;Node_20;1021;314.772;45.2
Zone_7885;57948035;57949056;Node_20;1021;314.579;39.9
Zone_7886;57949056;57950077;Node_20;1021;314.335;40.6
Zone_7887;57950077;57951098;Node_20;1021;313.643;38.9
Zone_7888;57951098;57952119;Node_20;1021;315.368;40.3
Zone_7889;57952119;57953140;Node_20;1021;315.37;43.1
Zone_7890;57953140;57954161;Node_20;1021;314.461;44.4
Zone_7891;57954161;57955182;Node_20;1021;315.021;42.5
Zone_7892;57955182;57956203;Node_20;1021;315.657;39.3
Zone_7893;57956203;57957224;Node_20;1021;317.945;41.8
Zone_7894;57957224;57958245;Node_20;1021;317.232;41.2
Zone_7895;57958245;57959266;Node_20;1021;315.099;42.9
Zone_7896;57959266;57960287;Node_20;1021;315.499;40.8
Zone_7897;57960287;57961308;Node_20;1021;316.313;35.7
Zone_7898;57961308;57962329;Node_20;1021;315.238;42.7
Zone_7899;57962329;57963350;Node_20;1021;314.574;40.0
Zone_7900;57963350;57964371;Node_20;1021;314.36;43.4
Zone_7901;57964371;57965392;Node_20;1021;316.924;38.6
Zone_7902;57965392;57966413;Node_20;1021;316.553;38.0
Zone_7903;57966413;57967434;Node_20;1021;315.524;40.7
Zone_7904;57967434;57968455;Node_20;1021;316.563;38.2
Zone_7905;57968455;57969476;Node_20;1021;314.547;34.4
Zone_7906;57969476;57970497;Node_20;1021;315.307;37.5
Zone_7907;57970497;57971518;Node_20;1021;314.872;40.5
Zone_7908;57971518;57972539;Node_20;1021;314.968;37.5
Zone_7909;57972539;57973560;Node_20;1021;315.734;39.0
Zone_7910;57973560;57974581;Node_20;1021;311.889;40.6
Zone_7911;57974581;57975602;Node_20;1021;315.515;38.3
Zone_7912;57975602;57976623;Node_20;1021;314.913;43.7
Zone_7913;57976623;57977644;Node_20;1021;313.724;40.2
Zone_7914;57977644;57978665;Node_20;1021;315.192;39.9
Zone_7915;57978665;57979686;Node_20;1021;316.531;39.5
Zone_7916;57979686;57980707;Node_20;1021;312.628;39.2
Zone_7917;57980707;57981728;Node_20;1021;316.349;31.6
Zone_7918;57981728;57982749;Node_20;1021;315.033;41.0
Zone_7919;57982749;57983770;Node_20;1021;315.475;43.7
Zone_7920;57983770;57984791;Node_20;1021;315.956;38.3
Zone_7921;57984791;57985812;Node_20;1021;315.746;42.6
Zone_7922;57985812;57986833;Node_20;1021;314.56;43.0
Zone_7923;57986833;57987854;Node_20;1021;315.479;41.2
Zone_7924;57987854;57988875;Node_20;1021;315.901;47.2
Zone_7925;57988875;57989896;Node_20;1021;314.504;43.7
Zone_7926;57989896;57990917;Node_20;1021;315.495;47.7
Zone_7927;57990917;57991938;Node_20;1021;316.403;46.1
Zone_7928;57991938;57992959;Node_20;1021;315.813;42.6
Zone_7929;57992959;57993980;Node_20;1021;315.11;40.4
Zone_7930;57993980;57995001;Node_20;1021;318.206;47.1
Zone_7931;57995001;57996022;Node_20;1021;316.005;38.7
Zone_7932;57996022;57997043;Node_20;1021;316.096;41.4
Zone_7933;57997043;57998064;Node_20;1021;315.32;43.7
Zone_7934;57998064;57999085;Node_20;1021;314.744;41.6
Zone_7935;57999085;58000106;Node_20;1021;319.027;46.6
Zone_7936;58000106;58001127;Node_20;1021;312.608;42.7
Zone_7937;58001127;58002148;Node_20;1021;314.732;45.0
Zone_7938;58002148;58003169;Node_20;1021;315.507;33.1
Zone_7939;58003169;58004190;Node_20;1021;314.887;44.6
Zone_7940;58004190;58005211;Node_20;1021;315.505;40.9
Zone_7941;58005211;58006232;Node_20;1021;315.932;42.2
Zone_7942;58006232;58007253;Node_20;1021;315.349;41.2
Zone_7943;58007253;58008274;Node_20;1021;315.389;37.8
Zone_7944;58008274;58009295;Node_20;1021;315.767;36.6
Zone_7945;58009295;58010316;Node_20;1021;315.535;36.1
Zone_7946;58010316;58011337;Node_20;1021;314.114;39.0
Zone_7947;58011337;58012358;Node_20;1021;314.648;40.8
Zone_7948;58012358;58013379;Node_20;1021;315.513;41.2
Zone_7949;58013379;58014400;Node_20;1021;315.163;38.5
Zone_7950;58014400;58015421;Node_20;1021;314.846;47.4
Zone_7951;58015421;58016442;Node_20;1021;315.532;42.3
Zone_7952;58016442;58017463;Node_20;1021;313.867;44.3
Zone_7953;58017463;58018484;Node_20;1021;313.187;47.7
Zone_7954;58018484;58019505;Node_20;1021;315.397;35.6
Zone_7955;58019505;58020526;Node_20;1021;314.669;34.8
Zone_7956;58020526;58021547;Node_20;1021;316.123;43.7
Zone_7957;58021547;58022568;Node_20;1021;316.82;45.0
Zone_7958;58022568;58023589;Node_20;1021;313.997;37.0
Zone_7959;58023589;58024610;Node_20;1021;315.178;34.6
Zone_7960;58024610;58025631;Node_20;1021;313.767;38.8
Zone_7961;58025631;58026652;Node_20;1021;314.366;36.8
Zone_7962;58026652;58027673;Node_20;1021;315.665;40.7
Zone_7963;58027673;58028694;Node_20;1021;314.937;36.3
Zone_7964;58028694;58029715;Node_20;1021;316.213;38.4
Zone_7965;58029715;58030736;Node_20;1021;316.143;37.5
Zone_7966;58030736;58031757;Node_20;1021;317.315;42.9
Zone_7967;58031757;58032778;Node_20;1021;315.208;43.1
Zone_7968;58032778;58033799;Node_20;1021;313.602;42.1
Zone_7969;58033799;58034820;Node_20;1021;315.266;42.3
Zone_7970;58034820;58035841;Node_20;1021;315.477;45.2
Zone_7971;58035841;58036862;Node_20;1021;316.549;44.0
Zone_7972;58036862;58037883;Node_20;1021;314.053;49.6
Zone_7973;58037883;58038904;Node_20;1021;316.084;41.2
Zone_7974;58038904;58039925;Node_20;1021;312.794;46.4
Zone_7975;58039925;58040946;Node_20;1021;315.016;37.1
Zone_7976;58040946;58041967;Node_20;1021;313.923;45.5
Zone_7977;58041967;58042988;Node_20;1021;316.558;40.2
Zone_7978;58042988;58044009;Node_20;1021;314.555;40.3
Zone_7979;58044009;58045030;Node_20;1021;315.106;38.1
Zone_7980;58045030;58046051;Node_20;1021;314.394;44.9
Zone_7981;58046051;58047072;Node_20;1021;315.414;37.8
Zone_7982;58047072;58048093;Node_20;1021;314.675;38.3
Zone_7983;58048093;58049114;Node_20;1021;311.689;47.0
Zone_7984;58049114;58050135;Node_20;1021;316.343;40.4
Zone_7985;58050135;58051156;Node_20;1021;315.996;40.5
Zone_7986;58051156;58052177;Node_20;1021;314.479;39.7
Zone_7987;58052177;58053198;Node_20;1021;315.156;39.7
Zone_7988;58053198;58054219;Node_20;1021;315.637;41.2
Zone_7989;58054219;58055240;Node_20;1021;315.053;41.1
Zone_7990;58055240;58056261;Node_20;1021;313.483;44.7
Zone_7991;58056261;58057282;Node_20;1021;312.851;46.9
Zone_7992;58057282;58058303;Node_20;1021;314.116;41.4
Zone_7993;58058303;58059324;Node_20;1021;314.236;47.2
Zone_7994;58059324;58060345;Node_20;1021;316.448;46.6
Zone_7995;58060345;58061366;Node_20;1021;315.259;51.0
Zone_7996;58061366;58062387;Node_20;1021;314.545;42.5
Zone_7997;58062387;58063408;Node_20;1021;315.666;46.0
Zone_7998;58063408;58064429;Node_20;1021;315.45;43.2
Zone_7999;58064429;58065450;Node_20;1021;314.959;44.2
Zone_8000;58065450;58066471;Node_20;1021;317.562;46.3
Zone_8001;58066471;58067492;Node_20;1021;314.152;43.6
Zone_8002;58067492;58068513;Node_20;1021;316.949;39.7
Zone_8003;58068513;58069534;Node_20;1021;315.322;43.6
Zone_8004;58069534;58070555;Node_20;1021;315.536;44.8
Zone_8005;58070555;58071576;Node_20;1021;319.322;50.4
Zone_8006;58071576;58072597;Node_20;1021;315.622;36.6
Zone_8007;58072597;58073618;Node_20;1021;313.963;39.5
Zone_8008;58073618;58074639;Node_20;1021;316.367;35.9
Zone_8009;58074639;58075660;Node_20;1021;315.547;41.5
Zone_8010;58075660;58076681;Node_20;1021;314.635;42.0
Zone_8011;58076681;58077702;Node_20;1021;315.941;44.4
Zone_8012;58077702;58078723;Node_20;1021;315.576;41.9
Zone_8013;58078723;58079744;Node_20;1021;314.712;45.4
Zone_8014;58079744;58080765;Node_20;1021;315.427;41.5
Zone_8015;58080765;58081786;Node_20;1021;314.948;41.5
Zone_8016;58081786;58082807;Node_20;1021;316.91;41.4
Zone_8017;58082807;58083828;Node_20;1021;315.758;41.2
Zone_8018;58083828;58084849;Node_20;1021;316.576;42.4
Zone_8019;58084849;58085870;Node_20;1021;315.319;40.3
Zone_8020;58085870;58086891;Node_20;1021;313.077;48.3
Zone_8021;58086891;58087912;Node_20;1021;315.846;39.9
Zone_8022;58087912;58088933;Node_20;1021;315.911;42.1
Zone_8023;58088933;58089954;Node_20;1021;316.166;41.0
Zone_8024;58089954;58090975;Node_20;1021;315.707;45.1
Zone_8025;58090975;58091996;Node_20;1021;312.334;41.8
Zone_8026;58091996;58093017;Node_20;1021;315.008;45.2
Zone_8027;58093017;58094038;Node_20;1021;315.847;49.3
Zone_8028;58094038;58095059;Node_20;1021;314.393;43.7
Zone_8029;58095059;58096080;Node_20;1021;315.757;44.7
Zone_8030;58096080;58097101;Node_20;1021;315.358;40.5
Zone_8031;58097101;58098122;Node_20;1021;316.304;45.2
Zone_8032;58098122;58099143;Node_20;1021;316.185;45.9
Zone_8033;58099143;58100164;Node_20;1021;314.553;42.8
Zone_8034;58100164;58101185;Node_20;1021;314.947;39.2
Zone_8035;58101185;58102206;Node_20;1021;315.953;45.6
Zone_8036;58102206;58103227;Node_20;1021;316.151;41.7
Zone_8037;58103227;58104248;Node_20;1021;313.861;42.7
Zone_8038;58104248;58105269;Node_20;1021;315.733;38.1
Zone_8039;58105269;58106290;Node_20;1021;313.82;41.1
Zone_8040;58106290;58107311;Node_20;1021;313.613;44.6
Zone_8041;58107311;58108332;Node_20;1021;317.027;47.8
Zone_8042;58108332;58109353;Node_20;1021;316.004;39.5
Zone_8043;58109353;58110374;Node_20;1021;315.738;43.2
Zone_8044;58110374;58111395;Node_20;1021;315.187;40.5
Zone_8045;58111395;58112416;Node_20;1021;312.734;41.6
Zone_8046;58112416;58113437;Node_20;1021;316.679;43.6
Zone_8047;58113437;58114458;Node_20;1021;316.659;43.0
Zone_8048;58114458;58115479;Node_20;1021;315.195;40.9
Zone_8049;58115479;58116500;Node_20;1021;316.083;37.7
Zone_8050;58116500;58117521;Node_20;1021;314.146;38.2
Zone_8051;58117521;58118542;Node_20;1021;314.493;41.1
Zone_8052;58118542;58119563;Node_20;1021;314.833;34.2
Zone_8053;58119563;58120584;Node_20;1021;315.04;45.8
Zone_8054;58120584;58121605;Node_20;1021;313.621;40.5
Zone_8055;58121605;58122626;Node_20;1021;315.415;38.7
Zone_8056;58122626;58123647;Node_20;1021;316.136;40.3
Zone_8057;58123647;58124668;Node_20;1021;315.49;34.9
Zone_8058;58124668;58125689;Node_20;1021;315.545;36.5
Zone_8059;58125689;58126710;Node_20;1021;314.599;47.1
Zone_8060;58126710;58127731;Node_20;1021;314.731;38.8
Zone_8061;58127731;58128752;Node_20;1021;315.611;39.3
Zone_8062;58128752;58129773;Node_20;1021;314.898;38.2
Zone_8063;58129773;58130794;Node_20;1021;315.455;39.0
Zone_8064;58130794;58131815;Node_21;1021;313.935;45.6
Zone_8065;58131815;58132836;Node_21;1021;314.668;55.3
Zone_8066;58132836;58133857;Node_21;1021;313.693;40.4
Zone_8067;58133857;58134878;Node_21;1021;314.846;42.5
Zone_8068;58134878;58135899;Node_21;1021;316.562;39.4
Zone_8069;58135899;58136920;Node_21;1021;315.21;44.9
Zone_8070;58136920;58137941;Node_21;1021;313.445;41.7
Zone_8071;58137941;58138962;Node_21;1021;318.325;38.7
Zone_8072;58138962;58139983;Node_21;1021;315.162;42.2
Zone_8073;58139983;58141004;Node_21;1021;314.819;38.7
Zone_8074;58141004;58142025;Node_21;1021;315.905;47.1
Zone_8075;58142025;58143046;Node_21;1021;313.758;46.3
Zone_8076;58143046;58144067;Node_21;1021;314.612;39.7
Zone_8077;58144067;58145088;Node_21;1021;315.699;39.3
Zone_8078;58145088;58146109;Node_21;1021;315.009;41.8
Zone_8079;58146109;58147130;Node_21;1021;315.226;36.8
Zone_8080;58147130;58148151;Node_21;1021;315.986;43.8
Zone_8081;58148151;58149172;Node_21;1021;313.014;43.8
Zone_8082;58149172;58150193;Node_21;1021;315.651;39.2
Zone_8083;58150193;58151214;Node_21;1021;314.547;40.8
Zone_8084;58151214;58152235;Node_21;1021;316.181;39.5
Zone_8085;58152235;58153256;Node_21;1021;314.576;40.0
Zone_8086;58153256;58154277;Node_21;1021;313.264;40.5
Zone_8087;58154277;58155298;Node_21;1021;317.658;45.5
Zone_8088;58155298;58156319;Node_21;1021;315.757;40.6
Zone_8089;58156319;58157340;Node_21;1021;315.835;44.0
Zone_8090;58157340;58158361;Node_21;1021;315.922;42.2
Zone_8091;58158361;58159382;Node_21;1021;315.773;45.0
Zone_8092;58159382;58160403;Node_21;1021;316.611;44.6
Zone_8093;58160403;58161424;Node_21;1021;315.89;40.5
Zone_8094;58161424;58162445;Node_21;1021;316.23;36.9
Zone_8095;58162445;58163466;Node_21;1021;315.712;40.8
Zone_8096;58163466;58164487;Node_21;1021;315.64;41.3
Zone_8097;58164487;58165508;Node_21;1021;314.346;41.8
Zone_8098;58165508;58166529;Node_21;1021;315.549;37.3
Zone_8099;58166529;58167550;Node_21;1021;315.254;41.1
Zone_8100;58167550;58168571;Node_21;1021;313.904;49.2
Zone_8101;58168571;58169592;Node_21;1021;315.867;46.8
Zone_8102;58169592;58170613;Node_21;1021;315.22;45.7
Zone_8103;58170613;58171634;Node_21;1021;314.691;48.0
Zone_8104;58171634;58172655;Node_21;1021;315.146;46.9
Zone_8105;58172655;58173676;Node_21;1021;315.002;46.4
Zone_8106;58173676;58174697;Node_21;1021;314.026;46.6
Zone_8107;58174697;58175718;Node_21;1021;314.28;43.3
Zone_8108;58175718;58176739;Node_21;1021;315.256;41.0
Zone_8109;58176739;58177760;Node_21;1021;315.933;39.9
Zone_8110;58177760;58178781;Node_21;1021;314.701;37.3
Zone_8111;58178781;58179802;Node_21;1021;314.987;31.0
Zone_8112;58179802;58180823;Node_21;1021;314.377;34.9
Zone_8113;58180823;58181844;Node_21;1021;314.216;27.9
Zone_8114;58181844;58182865;Node_21;1021;313.841;32.3
Zone_8115;58182865;58183886;Node_21;1021;314.365;36.6
Zone_8116;58183886;58184907;Node_21;1021;314.709;34.0
Zone_8117;58184907;58185928;Node_21;1021;315.557;42.9
Zone_8118;58185928;58186949;Node_21;1021;315.144;38.3
Zone_8119;58186949;58187970;Node_21;1021;315.47;42.4
Zone_8120;58187970;58188991;Node_21;1021;315.158;39.9
Zone_8121;58188991;58190012;Node_21;1021;313.809;43.3
Zone_8122;58190012;58191033;Node_21;1021;315.335;46.0
Zone_8123;58191033;58192054;Node_21;1021;316.068;41.4
Zone_8124;58192054;58193075;Node_21;1021;315.891;35.2
Zone_8125;58193075;58194096;Node_21;1021;315.642;43.9
Zone_8126;58194096;58195117;Node_21;1021;314.937;35.5
Zone_8127;58195117;58196138;Node_21;1021;317.169;38.5
Zone_8128;58196138;58197159;Node_21;1021;316.444;43.7
Zone_8129;58197159;58198180;Node_21;1021;315.198;41.7
Zone_8130;58198180;58199201;Node_21;1021;315.961;43.1
Zone_8131;58199201;58200222;Node_21;1021;315.267;37.7
Zone_8132;58200222;58201243;Node_21;1021;314.053;40.5
Zone_8133;58201243;58202264;Node_21;1021;314.764;39.4
Zone_8134;58202264;58203285;Node_21;1021;315.252;37.1
Zone_8135;58203285;58204306;Node_21;1021;315.277;40.0
Zone_8136;58204306;58205327;Node_21;1021;315.266;42.4
Zone_8137;58205327;58206348;Node_21;1021;314.976;42.0
Zone_8138;58206348;58207369;Node_21;1021;315.232;41.9
Zone_8139;58207369;58208390;Node_21;1021;316.159;40.9
Zone_8140;58208390;58209411;Node_21;1021;315.246;38.6
Zone_8141;58209411;58210432;Node_21;1021;316.256;34.7
Zone_8142;58210432;58211453;Node_21;1021;315.996;38.1
Zone_8143;58211453;58212474;Node_21;1021;314.828;40.3
Zone_8144;58212474;58213495;Node_21;1021;315.983;39.1
Zone_8145;58213495;58214516;Node_21;1021;313.713;43.9
Zone_8146;58214516;58215537;Node_21;1021;314.464;41.4
Zone_8147;58215537;58216558;Node_21;1021;315.071;41.2
Zone_8148;58216558;58217579;Node_21;1021;315.284;41.8
Zone_8149;58217579;58218600;Node_21;1021;316.373;40.8
Zone_8150;58218600;58219621;Node_21;1021;313.88;46.9
Zone_8151;58219621;58220642;Node_21;1021;315.293;40.5
Zone_8152;58220642;58221663;Node_21;1021;314.558;40.2
Zone_8153;58221663;58222684;Node_21;1021;315.333;41.5
Zone_8154;58222684;58223705;Node_21;1021;314.95;44.1
Zone_8155;58223705;58224726;Node_21;1021;315.319;41.9
Zone_8156;58224726;58225747;Node_21;1021;315.78;38.8
Zone_8157;58225747;58226768;Node_21;1021;316.12;40.9
Zone_8158;58226768;58227789;Node_21;1021;316.338;44.1
Zone_8159;58227789;58228810;Node_21;1021;316.686;45.3
Zone_8160;58228810;58229831;Node_21;1021;315.953;47.5
Zone_8161;58229831;58230852;Node_21;1021;314.208;44.5
Zone_8162;58230852;58231873;Node_21;1021;316.612;41.1
Zone_8163;58231873;58232894;Node_21;1021;315.695;42.7
Zone_8164;58232894;58233915;Node_21;1021;315.169;40.5
Zone_8165;58233915;58234936;Node_21;1021;316.083;47.2
Zone_8166;58234936;58235957;Node_21;1021;316.243;42.8
Zone_8167;58235957;58236978;Node_21;1021;314.573;46.8
Zone_8168;58236978;58237999;Node_21;1021;315.342;37.5
Zone_8169;58237999;58239020;Node_21;1021;316.804;43.4
Zone_8170;58239020;58240041;Node_21;1021;314.577;40.7
Zone_8171;58240041;58241062;Node_21;1021;314.865;38.5
Zone_8172;58241062;58242083;Node_21;1021;315.491;29.2
Zone_8173;58242083;58243104;Node_21;1021;316.738;32.6
Zone_8174;58243104;58244125;Node_21;1021;314.855;35.7
Zone_8175;58244125;58245146;Node_21;1021;315.21;39.4
Zone_8176;58245146;58246167;Node_21;1021;315.604;39.2
Zone_8177;58246167;58247188;Node_21;1021;319.561;44.9
Zone_8178;58247188;58248209;Node_21;1021;313.076;46.0
Zone_8179;58248209;58249230;Node_21;1021;315.091;48.7
Zone_8180;58249230;58250251;Node_21;1021;314.117;61.3
Zone_8181;58250251;58251272;Node_21;1021;315.238;53.7
Zone_8182;58251272;58252293;Node_21;1021;317.217;43.3
Zone_8183;58252293;58253314;Node_21;1021;314.838;42.4
Zone_8184;58253314;58254335;Node_21;1021;314.838;41.5
Zone_8185;58254335;58255356;Node_21;1021;314.604;39.8
Zone_8186;58255356;58256377;Node_21;1021;314.951;45.6
Zone_8187;58256377;58257398;Node_21;1021;315.299;40.9
Zone_8188;58257398;58258419;Node_21;1021;315.7;45.9
Zone_8189;58258419;58259440;Node_21;1021;316.038;42.1
Zone_8190;58259440;58260461;Node_21;1021;314.976;44.5
Zone_8191;58260461;58261482;Node_21;1021;313.817;41.2
Zone_8192;58261482;58262503;Node_21;1021;316.422;43.9
Zone_8193;58262503;58263524;Node_21;1021;315.045;37.2
Zone_8194;58263524;58264545;Node_21;1021;315.143;35.2
Zone_8195;58264545;58265566;Node_21;1021;315.295;39.7
Zone_8196;58265566;58266587;Node_21;1021;314.725;40.3
Zone_8197;58266587;58267608;Node_21;1021;315.948;42.6
Zone_8198;58267608;58268629;Node_21;1021;315.177;34.4
Zone_8199;58268629;58269650;Node_21;1021;314.404;37.1
Zone_8200;58269650;58270671;Node_21;1021;315.25;39.5
Zone_8201;58270671;58271692;Node_21;1021;315.49;39.4
Zone_8202;58271692;58272713;Node_21;1021;315.302;38.2
Zone_8203;58272713;58273734;Node_21;1021;314.379;40.9
Zone_8204;58273734;58274755;Node_21;1021;314.533;50.7
Zone_8205;58274755;58275776;Node_21;1021;315.551;37.7
Zone_8206;58275776;58276797;Node_21;1021;316.597;35.2
Zone_8207;58276797;58277818;Node_21;1021;314.721;45.5
Zone_8208;58277818;58278839;Node_21;1021;314.138;44.0
Zone_8209;58278839;58279860;Node_21;1021;315.833;42.1
Zone_8210;58279860;58280881;Node_21;1021;315.779;46.0
Zone_8211;58280881;58281902;Node_21;1021;314.707;42.4
Zone_8212;58281902;58282923;Node_21;1021;313.065;42.4
Zone_8213;58282923;58283944;Node_21;1021;313.975;44.9
Zone_8214;58283944;58284965;Node_21;1021;314.725;45.5
Zone_8215;58284965;58285986;Node_21;1021;315.169;37.0
Zone_8216;58285986;58287007;Node_21;1021;315.986;35.3
Zone_8217;58287007;58288028;Node_21;1021;316.708;46.2
Zone_8218;58288028;58289049;Node_21;1021;314.239;35.7
Zone_8219;58289049;58290070;Node_21;1021;314.673;35.6
Zone_8220;58290070;58291091;Node_21;1021;317.203;42.7
Zone_8221;58291091;58292112;Node_21;1021;315.308;39.8
Zone_8222;58292112;58293133;Node_21;1021;316.675;41.0
Zone_8223;58293133;58294154;Node_21;1021;314.766;43.7
Zone_8224;58294154;58295175;Node_21;1021;316.337;38.1
Zone_8225;58295175;58296196;Node_21;1021;316.742;42.8
Zone_8226;58296196;58297217;Node_21;1021;315.878;39.8
Zone_8227;58297217;58298238;Node_21;1021;316.7;38.0
Zone_8228;58298238;58299259;Node_21;1021;314.734;42.9
Zone_8229;58299259;58300280;Node_21;1021;316.288;43.2
Zone_8230;58300280;58301301;Node_21;1021;318.903;47.1
Zone_8231;58301301;58302322;Node_21;1021;315.222;39.8
Zone_8232;58302322;58303343;Node_21;1021;314.671;43.3
Zone_8233;58303343;58304364;Node_21;1021;315.962;38.8
Zone_8234;58304364;58305385;Node_21;1021;315.207;39.2
Zone_8235;58305385;58306406;Node_21;1021;316.062;39.7
Zone_8236;58306406;58307427;Node_21;1021;314.66;43.4
Zone_8237;58307427;58308448;Node_21;1021;317.516;48.1
Zone_8238;58308448;58309469;Node_21;1021;314.786;42.3
Zone_8239;58309469;58310490;Node_21;1021;315.463;36.3
Zone_8240;58310490;58311511;Node_21;1021;313.501;44.4
Zone_8241;58311511;58312532;Node_21;1021;315.346;43.9
Zone_8242;58312532;58313553;Node_21;1021;315.597;42.8
Zone_8243;58313553;58314574;Node_21;1021;314.516;44.7
Zone_8244;58314574;58315595;Node_21;1021;315.435;38.4
Zone_8245;58315595;58316616;Node_21;1021;316.756;41.2
Zone_8246;58316616;58317637;Node_21;1021;315.163;43.7
Zone_8247;58317637;58318658;Node_21;1021;315.982;46.4
Zone_8248;58318658;58319679;Node_21;1021;315.175;40.1
Zone_8249;58319679;58320700;Node_21;1021;315.513;41.7
Zone_8250;58320700;58321721;Node_21;1021;314.43;50.0
Zone_8251;58321721;58322742;Node_21;1021;316.097;42.9
Zone_8252;58322742;58323763;Node_21;1021;315.316;41.1
Zone_8253;58323763;58324784;Node_21;1021;314.819;41.2
Zone_8254;58324784;58325805;Node_21;1021;314.503;38.2
Zone_8255;58325805;58326826;Node_21;1021;315.087;45.8
Zone_8256;58326826;58327847;Node_21;1021;315.902;41.2
Zone_8257;58327847;58328868;Node_21;1021;312.547;51.4
Zone_8258;58328868;58329889;Node_21;1021;313.778;32.3
Zone_8259;58329889;58330910;Node_21;1021;316.183;36.7
Zone_8260;58330910;58331931;Node_21;1021;315.976;37.0
Zone_8261;58331931;58332952;Node_21;1021;313.86;38.1
Zone_8262;58332952;58333973;Node_21;1021;316.069;41.8
Zone_8263;58333973;58334994;Node_21;1021;315.345;34.3
Zone_8264;58334994;58336015;Node_21;1021;319.079;44.7
Zone_8265;58336015;58337036;Node_21;1021;315.603;36.8
Zone_8266;58337036;58338057;Node_21;1021;316.485;36.1
Zone_8267;58338057;58339078;Node_21;1021;314.756;40.1
Zone_8268;58339078;58340099;Node_21;1021;315.774;30.8
Zone_8269;58340099;58341120;Node_21;1021;315.159;41.5
Zone_8270;58341120;58342141;Node_21;1021;315.203;36.9
Zone_8271;58342141;58343162;Node_21;1021;313.665;42.2
Zone_8272;58343162;58344183;Node_21;1021;317.006;42.1
Zone_8273;58344183;58345204;Node_21;1021;315.446;41.7
Zone_8274;58345204;58346225;Node_21;1021;313.427;47.9
Zone_8275;58346225;58347246;Node_21;1021;315.208;39.8
Zone_8276;58347246;58348267;Node_21;1021;314.244;48.2
Zone_8277;58348267;58349288;Node_21;1021;315.404;40.3
Zone_8278;58349288;58350309;Node_21;1021;314.392;40.7
Zone_8279;58350309;58351330;Node_21;1021;315.104;36.7
Zone_8280;58351330;58352351;Node_21;1021;315.959;45.2
Zone_8281;58352351;58353372;Node_21;1021;315.095;39.5
Zone_8282;58353372;58354393;Node_21;1021;316.111;36.9
Zone_8283;58354393;58355414;Node_21;1021;315.845;38.8
Zone_8284;58355414;58356435;Node_21;1021;314.515;42.5
Zone_8285;58356435;58357456;Node_21;1021;318.473;42.8
Zone_8286;58357456;58358477;Node_21;1021;316.452;42.3
Zone_8287;58358477;58359498;Node_21;1021;313.927;43.1
Zone_8288;58359498;58360519;Node_21;1021;316.442;43.3
Zone_8289;58360519;58361540;Node_21;1021;315.109;40.2
Zone_8290;58361540;58362561;Node_21;1021;314.312;44.0
Zone_8291;58362561;58363582;Node_21;1021;316.01;40.8
Zone_8292;58363582;58364603;Node_21;1021;315.487;47.2
Zone_8293;58364603;58365624;Node_21;1021;314.546;40.2
Zone_8294;58365624;58366645;Node_21;1021;314.592;45.8
Zone_8295;58366645;58367666;Node_21;1021;314.795;39.9
Zone_8296;58367666;58368687;Node_21;1021;316.457;42.1
Zone_8297;58368687;58369708;Node_21;1021;314.652;39.3
Zone_8298;58369708;58370729;Node_21;1021;316.832;34.3
Zone_8299;58370729;58371750;Node_21;1021;316.706;43.5
Zone_8300;58371750;58372771;Node_21;1021;316.27;49.0
Zone_8301;58372771;58373792;Node_21;1021;313.687;38.5
Zone_8302;58373792;58374813;Node_21;1021;315.173;39.1
Zone_8303;58374813;58375834;Node_21;1021;315.513;39.1
Zone_8304;58375834;58376855;Node_21;1021;315.213;38.2
Zone_8305;58376855;58377876;Node_21;1021;314.575;40.9
Zone_8306;58377876;58378897;Node_21;1021;314.282;50.0
Zone_8307;58378897;58379918;Node_21;1021;314.714;42.6
Zone_8308;58379918;58380939;Node_21;1021;315.66;42.2
Zone_8309;58380939;58381960;Node_21;1021;317.672;40.5
Zone_8310;58381960;58382981;Node_21;1021;315.947;41.4
Zone_8311;58382981;58384002;Node_21;1021;314.713;36.8
Zone_8312;58384002;58385023;Node_21;1021;316.213;40.3
Zone_8313;58385023;58386044;Node_21;1021;314.218;39.2
Zone_8314;58386044;58387065;Node_21;1021;316.602;41.6
Zone_8315;58387065;58388086;Node_21;1021;316.006;42.2
Zone_8316;58388086;58389107;Node_21;1021;315.61;41.6
Zone_8317;58389107;58390128;Node_21;1021;316.458;47.2
Zone_8318;58390128;58391149;Node_21;1021;315.474;46.5
Zone_8319;58391149;58392170;Node_21;1021;315.509;46.6
Zone_8320;58392170;58393191;Node_21;1021;312.161;44.3
Zone_8321;58393191;58394212;Node_21;1021;316.095;31.5
Zone_8322;58394212;58395233;Node_21;1021;317.215;37.2
Zone_8323;58395233;58396254;Node_21;1021;316.311;45.8
Zone_8324;58396254;58397275;Node_21;1021;318.243;51.9
Zone_8325;58397275;58398296;Node_21;1021;312.84;49.4
Zone_8326;58398296;58399317;Node_21;1021;315.018;44.4
Zone_8327;58399317;58400338;Node_21;1021;315.308;42.4
Zone_8328;58400338;58401359;Node_21;1021;316.006;41.9
Zone_8329;58401359;58402380;Node_21;1021;313.558;41.9
Zone_8330;58402380;58403401;Node_21;1021;316.378;40.1
Zone_8331;58403401;58404422;Node_21;1021;315.143;43.3
Zone_8332;58404422;58405443;Node_21;1021;312.992;48.2
Zone_8333;58405443;58406464;Node_21;1021;314.524;48.1
Zone_8334;58406464;58407485;Node_21;1021;314.357;46.3
Zone_8335;58407485;58408506;Node_21;1021;312.838;46.7
Zone_8336;58408506;58409527;Node_21;1021;316.763;40.6
Zone_8337;58409527;58410548;Node_21;1021;314.153;45.5
Zone_8338;58410548;58411569;Node_21;1021;314.84;40.5
Zone_8339;58411569;58412590;Node_21;1021;315.13;44.2
Zone_8340;58412590;58413611;Node_21;1021;315.496;40.9
Zone_8341;58413611;58414632;Node_21;1021;314.892;38.6
Zone_8342;58414632;58415653;Node_21;1021;316.287;38.9
Zone_8343;58415653;58416674;Node_21;1021;314.94;41.6
Zone_8344;58416674;58417695;Node_21;1021;315.601;43.7
Zone_8345;58417695;58418716;Node_21;1021;315.03;44.0
Zone_8346;58418716;58419737;Node_21;1021;314.711;41.9
Zone_8347;58419737;58420758;Node_21;1021;313.409;42.4
Zone_8348;58420758;58421779;Node_21;1021;315.083;43.4
Zone_8349;58421779;58422800;Node_21;1021;315.668;44.8
Zone_8350;58422800;58423821;Node_21;1021;314.157;48.5
Zone_8351;58423821;58424842;Node_21;1021;315.328;43.2
Zone_8352;58424842;58425863;Node_21;1021;316.631;42.5
Zone_8353;58425863;58426884;Node_21;1021;317.013;43.6
Zone_8354;58426884;58427905;Node_21;1021;319.603;45.2
Zone_8355;58427905;58428926;Node_21;1021;315.745;31.9
Zone_8356;58428926;58429947;Node_21;1021;318.011;43.8
Zone_8357;58429947;58430968;Node_21;1021;316.54;46.2
Zone_8358;58430968;58431989;Node_21;1021;316.238;43.6
Zone_8359;58431989;58433010;Node_21;1021;313.28;49.1
Zone_8360;58433010;58434031;Node_21;1021;318.326;46.5
Zone_8361;58434031;58435052;Node_21;1021;316.808;40.6
Zone_8362;58435052;58436073;Node_21;1021;313.133;46.3
Zone_8363;58436073;58437094;Node_21;1021;314.464;41.9
Zone_8364;58437094;58438115;Node_21;1021;315.213;48.9
Zone_8365;58438115;58439136;Node_21;1021;315.521;50.0
Zone_8366;58439136;58440157;Node_21;1021;314.436;42.6
Zone_8367;58440157;58441178;Node_21;1021;316.419;44.7
Zone_8368;58441178;58442199;Node_21;1021;315.773;47.2
Zone_8369;58442199;58443220;Node_21;1021;314.696;43.7
Zone_8370;58443220;58444241;Node_21;1021;314.749;33.3
Zone_8371;58444241;58445262;Node_21;1021;315.371;39.5
Zone_8372;58445262;58446283;Node_21;1021;314.615;45.4
Zone_8373;58446283;58447304;Node_21;1021;315.119;41.3
Zone_8374;58447304;58448325;Node_21;1021;315.81;39.7
Zone_8375;58448325;58449346;Node_21;1021;317.885;45.2
Zone_8376;58449346;58450367;Node_21;1021;315.348;42.0
Zone_8377;58450367;58451388;Node_21;1021;315.921;47.5
Zone_8378;58451388;58452409;Node_21;1021;315.943;38.3
Zone_8379;58452409;58453430;Node_21;1021;316.35;43.4
Zone_8380;58453430;58454451;Node_21;1021;314.157;52.2
Zone_8381;58454451;58455472;Node_21;1021;315.117;53.3
Zone_8382;58455472;58456493;Node_21;1021;316.3;43.8
Zone_8383;58456493;58457514;Node_21;1021;315.407;46.0
Zone_8384;58457514;58458535;Node_21;1021;315.284;43.6
Zone_8385;58458535;58459556;Node_21;1021;316.753;43.9
Zone_8386;58459556;58460577;Node_21;1021;316.664;43.3
Zone_8387;58460577;58461598;Node_21;1021;316.115;37.1
Zone_8388;58461598;58462619;Node_21;1021;314.817;45.2
Zone_8389;58462619;58463640;Node_21;1021;316.337;43.4
Zone_8390;58463640;58464661;Node_21;1021;316.795;45.9
Zone_8391;58464661;58465682;Node_21;1021;316.185;49.3
Zone_8392;58465682;58466703;Node_21;1021;314.413;53.8
Zone_8393;58466703;58467724;Node_21;1021;315.352;45.2
Zone_8394;58467724;58468745;Node_21;1021;315.881;41.7
Zone_8395;58468745;58469766;Node_21;1021;315.175;42.7
Zone_8396;58469766;58470787;Node_21;1021;314.619;43.2
Zone_8397;58470787;58471808;Node_21;1021;315.316;44.2
Zone_8398;58471808;58472829;Node_21;1021;314.904;40.5
Zone_8399;58472829;58473850;Node_21;1021;315.724;48.1
Zone_8400;58473850;58474871;Node_21;1021;315.695;44.2
Zone_8401;58474871;58475892;Node_21;1021;315.049;40.9
Zone_8402;58475892;58476913;Node_21;1021;316.084;38.7
Zone_8403;58476913;58477934;Node_21;1021;315.036;40.5
Zone_8404;58477934;58478955;Node_21;1021;314.94;37.2
Zone_8405;58478955;58479976;Node_21;1021;315.592;33.7
Zone_8406;58479976;58480997;Node_21;1021;313.63;37.6
Zone_8407;58480997;58482018;Node_21;1021;315.381;34.1
Zone_8408;58482018;58483039;Node_21;1021;317.844;40.5
Zone_8409;58483039;58484060;Node_21;1021;316.395;43.2
Zone_8410;58484060;58485081;Node_21;1021;315.87;35.5
Zone_8411;58485081;58486102;Node_21;1021;314.808;31.6
Zone_8412;58486102;58487123;Node_21;1021;316.611;39.2
Zone_8413;58487123;58488144;Node_21;1021;314.183;29.9
Zone_8414;58488144;58489165;Node_21;1021;314.557;43.4
Zone_8415;58489165;58490186;Node_21;1021;315.781;51.8
Zone_8416;58490186;58491207;Node_21;1021;315.89;43.4
Zone_8417;58491207;58492228;Node_21;1021;315.116;40.0
Zone_8418;58492228;58493249;Node_21;1021;315.597;37.5
Zone_8419;58493249;58494270;Node_21;1021;315.462;39.1
Zone_8420;58494270;58495291;Node_21;1021;316.549;40.1
Zone_8421;58495291;58496312;Node_21;1021;314.534;33.2
Zone_8422;58496312;58497333;Node_21;1021;314.673;37.0
Zone_8423;58497333;58498354;Node_21;1021;314.881;35.5
Zone_8424;58498354;58499375;Node_21;1021;315.549;31.1
Zone_8425;58499375;58500396;Node_21;1021;315.363;31.8
Zone_8426;58500396;58501417;Node_21;1021;315.238;27.6
Zone_8427;58501417;58502438;Node_21;1021;312.931;40.9
Zone_8428;58502438;58503459;Node_21;1021;314.662;33.2
Zone_8429;58503459;58504480;Node_21;1021;313.589;44.0
Zone_8430;58504480;58505501;Node_21;1021;313.724;39.4
Zone_8431;58505501;58506522;Node_21;1021;314.368;33.4
Zone_8432;58506522;58507543;Node_21;1021;314.664;25.8
Zone_8433;58507543;58508564;Node_21;1021;315.231;31.8
Zone_8434;58508564;58509585;Node_21;1021;316.195;40.4
Zone_8435;58509585;58510606;Node_21;1021;315.566;32.0
Zone_8436;58510606;58511627;Node_21;1021;316.346;37.5
Zone_8437;58511627;58512648;Node_21;1021;316.05;33.1
Zone_8438;58512648;58513669;Node_21;1021;315.909;36.5
Zone_8439;58513669;58514690;Node_21;1021;315.177;35.5
Zone_8440;58514690;58515711;Node_21;1021;314.054;32.5
Zone_8441;58515711;58516732;Node_21;1021;314.672;34.5
Zone_8442;58516732;58517753;Node_21;1021;314.673;36.7
Zone_8443;58517753;58518774;Node_21;1021;319.894;44.5
Zone_8444;58518774;58519795;Node_21;1021;315.794;36.7
Zone_8445;58519795;58520816;Node_21;1021;316.7;35.2
Zone_8446;58520816;58521837;Node_21;1021;315.878;30.5
Zone_8447;58521837;58522858;Node_21;1021;315.834;32.0
Zone_8448;58522858;58523879;Node_22;1021;315.692;45.5
Zone_8449;58523879;58524900;Node_22;1021;314.223;37.6
Zone_8450;58524900;58525921;Node_22;1021;315.337;31.0
Zone_8451;58525921;58526942;Node_22;1021;315.913;33.0
Zone_8452;58526942;58527963;Node_22;1021;314.639;29.6
Zone_8453;58527963;58528984;Node_22;1021;315.384;37.3
Zone_8454;58528984;58530005;Node_22;1021;315.118;33.1
Zone_8455;58530005;58531026;Node_22;1021;314.05;37.6
Zone_8456;58531026;58532047;Node_22;1021;315.051;33.9
Zone_8457;58532047;58533068;Node_22;1021;315.035;35.6
Zone_8458;58533068;58534089;Node_22;1021;315.53;29.5
Zone_8459;58534089;58535110;Node_22;1021;315.506;36.3
Zone_8460;58535110;58536131;Node_22;1021;316.108;37.0
Zone_8461;58536131;58537152;Node_22;1021;314.462;34.6
Zone_8462;58537152;58538173;Node_22;1021;315.477;34.8
Zone_8463;58538173;58539194;Node_22;1021;315.772;33.0
Zone_8464;58539194;58540215;Node_22;1021;315.907;40.5
Zone_8465;58540215;58541236;Node_22;1021;316.514;35.1
Zone_8466;58541236;58542257;Node_22;1021;316.23;32.5
Zone_8467;58542257;58543278;Node_22;1021;315.947;36.2
Zone_8468;58543278;58544299;Node_22;1021;314.514;36.1
Zone_8469;58544299;58545320;Node_22;1021;313.803;42.7
Zone_8470;58545320;58546341;Node_22;1021;315.909;43.4
Zone_8471;58546341;58547362;Node_22;1021;314.62;58.6
Zone_8472;58547362;58548383;Node_22;1021;314.865;40.8
Zone_8473;58548383;58549404;Node_22;1021;313.485;46.0
Zone_8474;58549404;58550425;Node_22;1021;313.105;46.9
Zone_8475;58550425;58551446;Node_22;1021;316.063;47.4
Zone_8476;58551446;58552467;Node_22;1021;314.967;48.2
Zone_8477;58552467;58553488;Node_22;1021;314.791;43.2
Zone_8478;58553488;58554509;Node_22;1021;314.279;33.6
Zone_8479;58554509;58555530;Node_22;1021;314.967;40.0
Zone_8480;58555530;58556551;Node_22;1021;314.997;39.6
Zone_8481;58556551;58557572;Node_22;1021;314.816;43.6
Zone_8482;58557572;58558593;Node_22;1021;315.409;31.5
Zone_8483;58558593;58559614;Node_22;1021;315.417;39.9
Zone_8484;58559614;58560635;Node_22;1021;316.307;34.4
Zone_8485;58560635;58561656;Node_22;1021;315.525;41.1
Zone_8486;58561656;58562677;Node_22;1021;314.929;36.2
Zone_8487;58562677;58563698;Node_22;1021;315.654;36.6
Zone_8488;58563698;58564719;Node_22;1021;315.902;40.2
Zone_8489;58564719;58565740;Node_22;1021;314.313;43.8
Zone_8490;58565740;58566761;Node_22;1021;315.285;42.6
Zone_8491;58566761;58567782;Node_22;1021;315.203;38.8
Zone_8492;58567782;58568803;Node_22;1021;315.401;41.1
Zone_8493;58568803;58569824;Node_22;1021;312.287;45.0
Zone_8494;58569824;58570845;Node_22;1021;313.853;43.3
Zone_8495;58570845;58571866;Node_22;1021;315.75;46.8
Zone_8496;58571866;58572887;Node_22;1021;315.256;43.5
Zone_8497;58572887;58573908;Node_22;1021;316.312;40.5
Zone_8498;58573908;58574929;Node_22;1021;315.837;47.9
Zone_8499;58574929;58575950;Node_22;1021;315.234;39.5
Zone_8500;58575950;58576971;Node_22;1021;315.97;62.6
Zone_8501;58576971;58577992;Node_22;1021;314.712;61.2
Zone_8502;58577992;58579013;Node_22;1021;314.889;44.1
Zone_8503;58579013;58580034;Node_22;1021;313.972;43.8
Zone_8504;58580034;58581055;Node_22;1021;314.442;44.5
Zone_8505;58581055;58582076;Node_22;1021;314.949;40.6
Zone_8506;58582076;58583097;Node_22;1021;314.498;38.8
Zone_8507;58583097;58584118;Node_22;1021;315.624;39.4
Zone_8508;58584118;58585139;Node_22;1021;315.399;46.6
Zone_8509;58585139;58586160;Node_22;1021;313.452;44.2
Zone_8510;58586160;58587181;Node_22;1021;315.296;46.9
Zone_8511;58587181;58588202;Node_22;1021;315.959;39.0
Zone_8512;58588202;58589223;Node_22;1021;315.955;48.8
Zone_8513;58589223;58590244;Node_22;1021;315.627;43.2
Zone_8514;58590244;58591265;Node_22;1021;318.567;47.3
Zone_8515;58591265;58592286;Node_22;1021;315.085;49.1
Zone_8516;58592286;58593307;Node_22;1021;314.709;44.4
Zone_8517;58593307;58594328;Node_22;1021;315.812;46.3
Zone_8518;58594328;58595349;Node_22;1021;315.319;45.9
Zone_8519;58595349;58596370;Node_22;1021;316.396;39.8
Zone_8520;58596370;58597391;Node_22;1021;314.677;48.4
Zone_8521;58597391;58598412;Node_22;1021;316.03;47.2
Zone_8522;58598412;58599433;Node_22;1021;314.496;44.0
Zone_8523;58599433;58600454;Node_22;1021;313.497;38.4
Zone_8524;58600454;58601475;Node_22;1021;314.184;35.6
Zone_8525;58601475;58602496;Node_22;1021;315.311;35.3
Zone_8526;58602496;58603517;Node_22;1021;313.974;37.1
Zone_8527;58603517;58604538;Node_22;1021;314.912;34.0
Zone_8528;58604538;58605559;Node_22;1021;314.511;37.2
Zone_8529;58605559;58606580;Node_22;1021;316.147;45.6
Zone_8530;58606580;58607601;Node_22;1021;314.952;49.6
Zone_8531;58607601;58608622;Node_22;1021;313.086;39.8
Zone_8532;58608622;58609643;Node_22;1021;314.256;40.1
Zone_8533;58609643;58610664;Node_22;1021;316.806;41.1
Zone_8534;58610664;58611685;Node_22;1021;317.014;40.9
Zone_8535;58611685;58612706;Node_22;1021;313.98;44.3
Zone_8536;58612706;58613727;Node_22;1021;315.22;39.4
Zone_8537;58613727;58614748;Node_22;1021;313.143;42.5
Zone_8538;58614748;58615769;Node_22;1021;313.047;41.6
Zone_8539;58615769;58616790;Node_22;1021;313.486;39.4
Zone_8540;58616790;58617811;Node_22;1021;314.405;47.2
Zone_8541;58617811;58618832;Node_22;1021;313.307;43.2
Zone_8542;58618832;58619853;Node_22;1021;315.974;44.7
Zone_8543;58619853;58620874;Node_22;1021;314.394;51.3
Zone_8544;58620874;58621895;Node_22;1021;314.995;46.2
Zone_8545;58621895;58622916;Node_22;1021;317.105;45.8
Zone_8546;58622916;58623937;Node_22;1021;315.011;61.6
Zone_8547;58623937;58624958;Node_22;1021;314.741;47.5
Zone_8548;58624958;58625979;Node_22;1021;313.538;40.4
Zone_8549;58625979;58627000;Node_22;1021;315.587;41.0
Zone_8550;58627000;58628021;Node_22;1021;315.766;38.1
Zone_8551;58628021;58629042;Node_22;1021;318.263;37.9
Zone_8552;58629042;58630063;Node_22;1021;316.767;38.9
Zone_8553;58630063;58631084;Node_22;1021;314.767;45.4
Zone_8554;58631084;58632105;Node_22;1021;315.205;47.2
Zone_8555;58632105;58633126;Node_22;1021;316.849;46.3
Zone_8556;58633126;58634147;Node_22;1021;315.247;35.7
Zone_8557;58634147;58635168;Node_22;1021;314.727;39.1
Zone_8558;58635168;58636189;Node_22;1021;317.306;48.7
Zone_8559;58636189;58637210;Node_22;1021;315.953;45.6
Zone_8560;58637210;58638231;Node_22;1021;315.97;34.8
Zone_8561;58638231;58639252;Node_22;1021;313.952;40.6
Zone_8562;58639252;58640273;Node_22;1021;313.714;45.8
Zone_8563;58640273;58641294;Node_22;1021;315.292;41.7
Zone_8564;58641294;58642315;Node_22;1021;314.93;39.6
Zone_8565;58642315;58643336;Node_22;1021;316.552;36.5
Zone_8566;58643336;58644357;Node_22;1021;316.014;40.8
Zone_8567;58644357;58645378;Node_22;1021;315.488;49.1
Zone_8568;58645378;58646399;Node_22;1021;315.187;40.3
Zone_8569;58646399;58647420;Node_22;1021;316.248;50.8
Zone_8570;58647420;58648441;Node_22;1021;316.389;48.3
Zone_8571;58648441;58649462;Node_22;1021;314.44;43.4
Zone_8572;58649462;58650483;Node_22;1021;313.989;47.9
Zone_8573;58650483;58651504;Node_22;1021;317.089;44.6
Zone_8574;58651504;58652525;Node_22;1021;316.432;44.8
Zone_8575;58652525;58653546;Node_22;1021;315.626;36.3
Zone_8576;58653546;58654567;Node_22;1021;314.64;36.2
Zone_8577;58654567;58655588;Node_22;1021;314.679;28.1
Zone_8578;58655588;58656609;Node_22;1021;316.962;39.7
Zone_8579;58656609;58657630;Node_22;1021;316.228;37.9
Zone_8580;58657630;58658651;Node_22;1021;315.495;35.1
Zone_8581;58658651;58659672;Node_22;1021;315.501;32.1
Zone_8582;58659672;58660693;Node_22;1021;314.956;34.1
Zone_8583;58660693;58661714;Node_22;1021;314.827;32.4
Zone_8584;58661714;58662735;Node_22;1021;315.633;35.9
Zone_8585;58662735;58663756;Node_22;1021;315.461;34.5
Zone_8586;58663756;58664777;Node_22;1021;315.432;34.5
Zone_8587;58664777;58665798;Node_22;1021;315.693;39.5
Zone_8588;58665798;58666819;Node_22;1021;315.002;40.7
Zone_8589;58666819;58667840;Node_22;1021;315.505;33.5
Zone_8590;58667840;58668861;Node_22;1021;314.547;35.1
Zone_8591;58668861;58669882;Node_22;1021;315.878;37.5
Zone_8592;58669882;58670903;Node_22;1021;317.323;33.4
Zone_8593;58670903;58671924;Node_22;1021;315.233;32.7
Zone_8594;58671924;58672945;Node_22;1021;314.631;37.0
Zone_8595;58672945;58673966;Node_22;1021;315.644;34.7
Zone_8596;58673966;58674987;Node_22;1021;315.716;40.2
Zone_8597;58674987;58676008;Node_22;1021;315.853;32.9
Zone_8598;58676008;58677029;Node_22;1021;315.456;35.5
Zone_8599;58677029;58678050;Node_22;1021;315.418;27.3
Zone_8600;58678050;58679071;Node_22;1021;317.336;36.8
Zone_8601;58679071;58680092;Node_22;1021;315.011;42.0
Zone_8602;58680092;58681113;Node_22;1021;314.823;39.3
Zone_8603;58681113;58682134;Node_22;1021;314.239;33.3
Zone_8604;58682134;58683155;Node_22;1021;314.541;39.6
Zone_8605;58683155;58684176;Node_22;1021;315.394;31.7
Zone_8606;58684176;58685197;Node_22;1021;315.396;35.2
Zone_8607;58685197;58686218;Node_22;1021;314.225;36.5
Zone_8608;58686218;58687239;Node_22;1021;316.263;35.5
Zone_8609;58687239;58688260;Node_22;1021;314.651;38.4
Zone_8610;58688260;58689281;Node_22;1021;315.173;27.6
Zone_8611;58689281;58690302;Node_22;1021;315.118;31.6
Zone_8612;58690302;58691323;Node_22;1021;315.2;40.4
Zone_8613;58691323;58692344;Node_22;1021;316.202;37.9
Zone_8614;58692344;58693365;Node_22;1021;314.336;34.3
Zone_8615;58693365;58694386;Node_22;1021;311.602;39.8
Zone_8616;58694386;58695407;Node_22;1021;315.826;40.4
Zone_8617;58695407;58696428;Node_22;1021;314.786;33.9
Zone_8618;58696428;58697449;Node_22;1021;316.553;39.9
Zone_8619;58697449;58698470;Node_22;1021;314.645;46.2
Zone_8620;58698470;58699491;Node_22;1021;315.217;40.0
Zone_8621;58699491;58700512;Node_22;1021;314.233;58.7
Zone_8622;58700512;58701533;Node_22;1021;315.463;45.3
Zone_8623;58701533;58702554;Node_22;1021;316.453;46.3
Zone_8624;58702554;58703575;Node_22;1021;316.025;47.2
Zone_8625;58703575;58704596;Node_22;1021;314.262;43.8
Zone_8626;58704596;58705617;Node_22;1021;314.901;42.1
Zone_8627;58705617;58706638;Node_22;1021;316.893;42.4
Zone_8628;58706638;58707659;Node_22;1021;317.023;35.7
Zone_8629;58707659;58708680;Node_22;1021;315.546;37.6
Zone_8630;58708680;58709701;Node_22;1021;315.387;33.7
Zone_8631;58709701;58710722;Node_22;1021;315.174;40.0
Zone_8632;58710722;58711743;Node_22;1021;314.651;43.0
Zone_8633;58711743;58712764;Node_22;1021;317.007;34.8
Zone_8634;58712764;58713785;Node_22;1021;316.417;44.4
Zone_8635;58713785;58714806;Node_22;1021;316.726;39.7
Zone_8636;58714806;58715827;Node_22;1021;316.336;40.0
Zone_8637;58715827;58716848;Node_22;1021;315.317;40.0
Zone_8638;58716848;58717869;Node_22;1021;315.302;42.6
Zone_8639;58717869;58718890;Node_22;1021;314.814;45.6
Zone_8640;58718890;58719911;Node_22;1021;314.679;42.2
Zone_8641;58719911;58720932;Node_22;1021;314.473;42.6
Zone_8642;58720932;58721953;Node_22;1021;318.313;46.4
Zone_8643;58721953;58722974;Node_22;1021;315.796;42.5
Zone_8644;58722974;58723995;Node_22;1021;313.94;37.2
Zone_8645;58723995;58725016;Node_22;1021;315.884;41.5
Zone_8646;58725016;58726037;Node_22;1021;315.027;40.5
Zone_8647;58726037;58727058;Node_22;1021;315.778;40.1
Zone_8648;58727058;58728079;Node_22;1021;315.289;40.8
Zone_8649;58728079;58729100;Node_22;1021;316.007;38.4
Zone_8650;58729100;58730121;Node_22;1021;315.333;19.9
Zone_8651;58730121;58731142;Node_22;1021;315.208;18.6
Zone_8652;58731142;58732163;Node_22;1021;315.94;29.4
Zone_8653;58732163;58733184;Node_22;1021;316.464;41.6
Zone_8654;58733184;58734205;Node_22;1021;315.73;43.1
Zone_8655;58734205;58735226;Node_22;1021;315.803;45.1
Zone_8656;58735226;58736247;Node_22;1021;316.294;44.9
Zone_8657;58736247;58737268;Node_22;1021;315.073;42.1
Zone_8658;58737268;58738289;Node_22;1021;317.474;36.9
Zone_8659;58738289;58739310;Node_22;1021;314.581;45.3
Zone_8660;58739310;58740331;Node_22;1021;315.055;36.5
Zone_8661;58740331;58741352;Node_22;1021;315.958;48.5
Zone_8662;58741352;58742373;Node_22;1021;315.74;46.9
Zone_8663;58742373;58743394;Node_22;1021;315.483;41.9
Zone_8664;58743394;58744415;Node_22;1021;314.221;43.0
Zone_8665;58744415;58745436;Node_22;1021;314.905;37.5
Zone_8666;58745436;58746457;Node_22;1021;313.109;42.1
Zone_8667;58746457;58747478;Node_22;1021;313.698;41.8
Zone_8668;58747478;58748499;Node_22;1021;317.168;49.2
Zone_8669;58748499;58749520;Node_22;1021;314.446;44.4
Zone_8670;58749520;58750541;Node_22;1021;315.987;42.0
Zone_8671;58750541;58751562;Node_22;1021;313.613;45.9
Zone_8672;58751562;58752583;Node_22;1021;315.513;44.3
Zone_8673;58752583;58753604;Node_22;1021;316.477;44.8
Zone_8674;58753604;58754625;Node_22;1021;315.764;43.5
Zone_8675;58754625;58755646;Node_22;1021;315.438;45.3
Zone_8676;58755646;58756667;Node_22;1021;316.317;44.4
Zone_8677;58756667;58757688;Node_22;1021;315.891;40.8
Zone_8678;58757688;58758709;Node_22;1021;314.261;33.3
Zone_8679;58758709;58759730;Node_22;1021;315.101;40.2
Zone_8680;58759730;58760751;Node_22;1021;315.334;45.6
Zone_8681;58760751;58761772;Node_22;1021;316.044;43.9
Zone_8682;58761772;58762793;Node_22;1021;317.687;44.1
Zone_8683;58762793;58763814;Node_22;1021;315.81;43.1
Zone_8684;58763814;58764835;Node_22;1021;315.893;41.7
Zone_8685;58764835;58765856;Node_22;1021;315.166;39.0
Zone_8686;58765856;58766877;Node_22;1021;315.427;43.3
Zone_8687;58766877;58767898;Node_22;1021;314.913;41.6
Zone_8688;58767898;58768919;Node_22;1021;314.827;41.4
Zone_8689;58768919;58769940;Node_22;1021;314.446;45.7
Zone_8690;58769940;58770961;Node_22;1021;315.216;40.6
Zone_8691;58770961;58771982;Node_22;1021;315.242;42.1
Zone_8692;58771982;58773003;Node_22;1021;314.685;42.9
Zone_8693;58773003;58774024;Node_22;1021;314.352;47.8
Zone_8694;58774024;58775045;Node_22;1021;316.148;42.2
Zone_8695;58775045;58776066;Node_22;1021;316.185;43.5
Zone_8696;58776066;58777087;Node_22;1021;313.85;44.6
Zone_8697;58777087;58778108;Node_22;1021;313.439;43.1
Zone_8698;58778108;58779129;Node_22;1021;316.365;40.8
Zone_8699;58779129;58780150;Node_22;1021;314.901;38.4
Zone_8700;58780150;58781171;Node_22;1021;315.457;36.3
Zone_8701;58781171;58782192;Node_22;1021;313.847;45.2
Zone_8702;58782192;58783213;Node_22;1021;316.106;65.7
Zone_8703;58783213;58784234;Node_22;1021;314.065;64.3
Zone_8704;58784234;58785255;Node_22;1021;315.578;64.3
Zone_8705;58785255;58786276;Node_22;1021;315.6;50.4
Zone_8706;58786276;58787297;Node_22;1021;314.203;44.4
Zone_8707;58787297;58788318;Node_22;1021;313.717;42.6
Zone_8708;58788318;58789339;Node_22;1021;314.536;38.9
Zone_8709;58789339;58790360;Node_22;1021;313.712;40.3
Zone_8710;58790360;58791381;Node_22;1021;315.342;42.8
Zone_8711;58791381;58792402;Node_22;1021;315.986;40.1
Zone_8712;58792402;58793423;Node_22;1021;315.431;36.6
Zone_8713;58793423;58794444;Node_22;1021;316.44;38.0
Zone_8714;58794444;58795465;Node_22;1021;315.977;39.1
Zone_8715;58795465;58796486;Node_22;1021;316.215;36.9
Zone_8716;58796486;58797507;Node_22;1021;314.882;34.1
Zone_8717;58797507;58798528;Node_22;1021;316.221;36.9
Zone_8718;58798528;58799549;Node_22;1021;315.556;43.6
Zone_8719;58799549;58800570;Node_22;1021;311.456;44.3
Zone_8720;58800570;58801591;Node_22;1021;315.374;43.0
Zone_8721;58801591;58802612;Node_22;1021;314.775;39.7
Zone_8722;58802612;58803633;Node_22;1021;315.536;41.0
Zone_8723;58803633;58804654;Node_22;1021;315.961;38.8
Zone_8724;58804654;58805675;Node_22;1021;312.335;43.7
Zone_8725;58805675;58806696;Node_22;1021;315.166;45.6
Zone_8726;58806696;58807717;Node_22;1021;317.032;45.3
Zone_8727;58807717;58808738;Node_22;1021;316.152;43.4
Zone_8728;58808738;58809759;Node_22;1021;315.93;44.2
Zone_8729;58809759;58810780;Node_22;1021;315.703;46.1
Zone_8730;58810780;58811801;Node_22;1021;316.375;44.7
Zone_8731;58811801;58812822;Node_22;1021;317.456;42.1
Zone_8732;58812822;58813843;Node_22;1021;315.464;46.2
Zone_8733;58813843;58814864;Node_22;1021;316.838;59.5
Zone_8734;58814864;58815885;Node_22;1021;315.269;56.3
Zone_8735;58815885;58816906;Node_22;1021;315.577;54.9
Zone_8736;58816906;58817927;Node_22;1021;316.443;41.9
Zone_8737;58817927;58818948;Node_22;1021;315.226;38.4
Zone_8738;58818948;58819969;Node_22;1021;315.391;40.2
Zone_8739;58819969;58820990;Node_22;1021;313.228;46.6
Zone_8740;58820990;58822011;Node_22;1021;317.416;41.6
Zone_8741;58822011;58823032;Node_22;1021;316.088;42.5
Zone_8742;58823032;58824053;Node_22;1021;315.299;42.0
Zone_8743;58824053;58825074;Node_22;1021;316.429;46.0
Zone_8744;58825074;58826095;Node_22;1021;313.682;44.8
Zone_8745;58826095;58827116;Node_22;1021;315.575;37.8
Zone_8746;58827116;58828137;Node_22;1021;316.457;31.9
Zone_8747;58828137;58829158;Node_22;1021;314.668;44.9
Zone_8748;58829158;58830179;Node_22;1021;317.14;37.9
Zone_8749;58830179;58831200;Node_22;1021;316.224;38.5
Zone_8750;58831200;58832221;Node_22;1021;314.953;35.7
Zone_8751;58832221;58833242;Node_22;1021;316.641;45.5
Zone_8752;58833242;58834263;Node_22;1021;315.39;48.4
Zone_8753;58834263;58835284;Node_22;1021;314.877;45.3
Zone_8754;58835284;58836305;Node_22;1021;315.826;48.2
Zone_8755;58836305;58837326;Node_22;1021;314.553;46.4
Zone_8756;58837326;58838347;Node_22;1021;314.013;46.6
Zone_8757;58838347;58839368;Node_22;1021;316.099;35.6
Zone_8758;58839368;58840389;Node_22;1021;315.467;43.8
Zone_8759;58840389;58841410;Node_22;1021;316.198;44.6
Zone_8760;58841410;58842431;Node_22;1021;315.569;47.6
Zone_8761;58842431;58843452;Node_22;1021;315.164;39.9
Zone_8762;58843452;58844473;Node_22;1021;314.76;40.0
Zone_8763;58844473;58845494;Node_22;1021;315.399;38.1
Zone_8764;58845494;58846515;Node_22;1021;315.296;41.7
Zone_8765;58846515;58847536;Node_22;1021;315.322;45.0
Zone_8766;58847536;58848557;Node_22;1021;315.487;37.2
Zone_8767;58848557;58849578;Node_22;1021;314.829;50.0
Zone_8768;58849578;58850599;Node_22;1021;314.179;41.0
Zone_8769;58850599;58851620;Node_22;1021;315.52;38.5
Zone_8770;58851620;58852641;Node_22;1021;316.624;40.7
Zone_8771;58852641;58853662;Node_22;1021;316.273;48.5
Zone_8772;58853662;58854683;Node_22;1021;315.538;43.4
Zone_8773;58854683;58855704;Node_22;1021;315.141;45.2
Zone_8774;58855704;58856725;Node_22;1021;315.223;43.8
Zone_8775;58856725;58857746;Node_22;1021;316.097;38.6
Zone_8776;58857746;58858767;Node_22;1021;314.875;47.8
Zone_8777;58858767;58859788;Node_22;1021;316.155;41.4
Zone_8778;58859788;58860809;Node_22;1021;314.174;48.3
Zone_8779;58860809;58861830;Node_22;1021;318.617;45.7
Zone_8780;58861830;58862851;Node_22;1021;314.118;42.5
Zone_8781;58862851;58863872;Node_22;1021;315.73;37.6
Zone_8782;58863872;58864893;Node_22;1021;315.172;37.4
Zone_8783;58864893;58865914;Node_22;1021;315.532;43.7
Zone_8784;58865914;58866935;Node_22;1021;314.797;40.5
Zone_8785;58866935;58867956;Node_22;1021;315.002;28.4
Zone_8786;58867956;58868977;Node_22;1021;314.396;33.3
Zone_8787;58868977;58869998;Node_22;1021;315.346;39.6
Zone_8788;58869998;58871019;Node_22;1021;315.684;46.1
Zone_8789;58871019;58872040;Node_22;1021;315.329;39.7
Zone_8790;58872040;58873061;Node_22;1021;313.355;47.1
Zone_8791;58873061;58874082;Node_22;1021;312.335;45.3
Zone_8792;58874082;58875103;Node_22;1021;315.872;44.8
Zone_8793;58875103;58876124;Node_22;1021;316.373;43.1
Zone_8794;58876124;58877145;Node_22;1021;315.839;39.8
Zone_8795;58877145;58878166;Node_22;1021;314.919;37.1
Zone_8796;58878166;58879187;Node_22;1021;316.039;38.8
Zone_8797;58879187;58880208;Node_22;1021;315.975;35.4
Zone_8798;58880208;58881229;Node_22;1021;316.122;40.8
Zone_8799;58881229;58882250;Node_22;1021;316.034;48.0
Zone_8800;58882250;58883271;Node_22;1021;315.733;48.1
Zone_8801;58883271;58884292;Node_22;1021;316.655;45.0
Zone_8802;58884292;58885313;Node_22;1021;314.902;46.5
Zone_8803;58885313;58886334;Node_22;1021;314.112;45.3
Zone_8804;58886334;58887355;Node_22;1021;314.239;46.7
Zone_8805;58887355;58888376;Node_22;1021;314.804;45.5
Zone_8806;58888376;58889397;Node_22;1021;313.299;47.9
Zone_8807;58889397;58890418;Node_22;1021;315.231;45.1
Zone_8808;58890418;58891439;Node_22;1021;314.602;49.4
Zone_8809;58891439;58892460;Node_22;1021;316.876;39.0
Zone_8810;58892460;58893481;Node_22;1021;317.395;45.5
Zone_8811;58893481;58894502;Node_22;1021;315.683;51.3
Zone_8812;58894502;58895523;Node_22;1021;316.85;50.0
Zone_8813;58895523;58896544;Node_22;1021;317.034;52.1
Zone_8814;58896544;58897565;Node_22;1021;315.936;47.3
Zone_8815;58897565;58898586;Node_22;1021;316.199;43.4
Zone_8816;58898586;58899607;Node_22;1021;315.109;47.6
Zone_8817;58899607;58900628;Node_22;1021;315.986;43.8
Zone_8818;58900628;58901649;Node_22;1021;315.365;38.9
Zone_8819;58901649;58902670;Node_22;1021;315.898;45.6
Zone_8820;58902670;58903691;Node_22;1021;315.712;47.6
Zone_8821;58903691;58904712;Node_22;1021;315.027;57.0
Zone_8822;58904712;58905733;Node_22;1021;314.512;44.8
Zone_8823;58905733;58906754;Node_22;1021;315.435;46.1
Zone_8824;58906754;58907775;Node_22;1021;314.34;41.3
Zone_8825;58907775;58908796;Node_22;1021;315.274;37.2
Zone_8826;58908796;58909817;Node_22;1021;315.255;37.4
Zone_8827;58909817;58910838;Node_22;1021;313.716;42.8
Zone_8828;58910838;58911859;Node_22;1021;313.833;44.9
Zone_8829;58911859;58912880;Node_22;1021;314.419;39.1
Zone_8830;58912880;58913901;Node_22;1021;316.856;37.0
Zone_8831;58913901;58914922;Node_22;1021;316.335;32.1
Zone_8832;58914922;58915943;Node_23;1021;316.619;37.4
Zone_8833;58915943;58916964;Node_23;1021;316.62;31.7
Zone_8834;58916964;58917985;Node_23;1021;317.194;29.8
Zone_8835;58917985;58919006;Node_23;1021;316.201;36.1
Zone_8836;58919006;58920027;Node_23;1021;317.512;50.6
Zone_8837;58920027;58921048;Node_23;1021;316.511;40.8
Zone_8838;58921048;58922069;Node_23;1021;315.004;42.8
Zone_8839;58922069;58923090;Node_23;1021;313.873;50.2
Zone_8840;58923090;58924111;Node_23;1021;314.59;47.9
Zone_8841;58924111;58925132;Node_23;1021;312.556;42.1
Zone_8842;58925132;58926153;Node_23;1021;316.585;39.5
Zone_8843;58926153;58927174;Node_23;1021;315.664;41.2
Zone_8844;58927174;58928195;Node_23;1021;313.423;46.2
Zone_8845;58928195;58929216;Node_23;1021;312.731;46.3
Zone_8846;58929216;58930237;Node_23;1021;314.635;50.1
Zone_8847;58930237;58931258;Node_23;1021;313.885;43.7
Zone_8848;58931258;58932279;Node_23;1021;312.847;49.7
Zone_8849;58932279;58933300;Node_23;1021;315.96;43.8
Zone_8850;58933300;58934321;Node_23;1021;316.133;40.9
Zone_8851;58934321;58935342;Node_23;1021;315.954;41.2
Zone_8852;58935342;58936363;Node_23;1021;315.951;44.8
Zone_8853;58936363;58937384;Node_23;1021;316.44;40.7
Zone_8854;58937384;58938405;Node_23;1021;315.715;40.2
Zone_8855;58938405;58939426;Node_23;1021;315.599;45.7
Zone_8856;58939426;58940447;Node_23;1021;314.234;46.4
Zone_8857;58940447;58941468;Node_23;1021;315.558;42.5
Zone_8858;58941468;58942489;Node_23;1021;315.584;47.0
Zone_8859;58942489;58943510;Node_23;1021;315.176;45.6
Zone_8860;58943510;58944531;Node_23;1021;316.896;49.9
Zone_8861;58944531;58945552;Node_23;1021;319.348;43.8
Zone_8862;58945552;58946573;Node_23;1021;315.348;38.2
Zone_8863;58946573;58947594;Node_23;1021;314.628;35.1
Zone_8864;58947594;58948615;Node_23;1021;316.614;37.7
Zone_8865;58948615;58949636;Node_23;1021;317.696;45.1
Zone_8866;58949636;58950657;Node_23;1021;315.988;41.2
Zone_8867;58950657;58951678;Node_23;1021;315.045;45.2
Zone_8868;58951678;58952699;Node_23;1021;316.927;44.8
Zone_8869;58952699;58953720;Node_23;1021;316.717;48.5
Zone_8870;58953720;58954741;Node_23;1021;315.363;43.4
Zone_8871;58954741;58955762;Node_23;1021;316.32;44.4
Zone_8872;58955762;58956783;Node_23;1021;316.335;43.4
Zone_8873;58956783;58957804;Node_23;1021;315.444;45.5
Zone_8874;58957804;58958825;Node_23;1021;317.459;53.6
Zone_8875;58958825;58959846;Node_23;1021;316.692;44.2
Zone_8876;58959846;58960867;Node_23;1021;315.513;39.7
Zone_8877;58960867;58961888;Node_23;1021;315.874;37.4
Zone_8878;58961888;58962909;Node_23;1021;315.279;38.9
Zone_8879;58962909;58963930;Node_23;1021;315.619;38.6
Zone_8880;58963930;58964951;Node_23;1021;315.083;49.2
Zone_8881;58964951;58965972;Node_23;1021;315.131;46.3
Zone_8882;58965972;58966993;Node_23;1021;314.503;51.0
Zone_8883;58966993;58968014;Node_23;1021;315.152;42.1
Zone_8884;58968014;58969035;Node_23;1021;315.863;45.2
Zone_8885;58969035;58970056;Node_23;1021;316.368;37.7
Zone_8886;58970056;58971077;Node_23;1021;315.59;42.9
Zone_8887;58971077;58972098;Node_23;1021;315.606;44.7
Zone_8888;58972098;58973119;Node_23;1021;314.63;44.7
Zone_8889;58973119;58974140;Node_23;1021;314.565;44.3
Zone_8890;58974140;58975161;Node_23;1021;314.832;46.9
Zone_8891;58975161;58976182;Node_23;1021;315.533;43.3
Zone_8892;58976182;58977203;Node_23;1021;314.865;38.4
Zone_8893;58977203;58978224;Node_23;1021;315.124;39.3
Zone_8894;58978224;58979245;Node_23;1021;315.559;48.3
Zone_8895;58979245;58980266;Node_23;1021;315.456;44.2
Zone_8896;58980266;58981287;Node_23;1021;317.236;40.5
Zone_8897;58981287;58982308;Node_23;1021;314.496;42.3
Zone_8898;58982308;58983329;Node_23;1021;317.125;44.0
Zone_8899;58983329;58984350;Node_23;1021;315.804;39.6
Zone_8900;58984350;58985371;Node_23;1021;315.905;44.6
Zone_8901;58985371;58986392;Node_23;1021;314.46;43.9
Zone_8902;58986392;58987413;Node_23;1021;315.824;42.1
Zone_8903;58987413;58988434;Node_23;1021;315.952;47.2
Zone_8904;58988434;58989455;Node_23;1021;314.388;44.6
Zone_8905;58989455;58990476;Node_23;1021;315.148;40.9
Zone_8906;58990476;58991497;Node_23;1021;313.572;49.0
Zone_8907;58991497;58992518;Node_23;1021;315.952;42.8
Zone_8908;58992518;58993539;Node_23;1021;315.68;41.3
Zone_8909;58993539;58994560;Node_23;1021;316.535;44.5
Zone_8910;58994560;58995581;Node_23;1021;316.055;41.1
Zone_8911;58995581;58996602;Node_23;1021;317.694;38.7
Zone_8912;58996602;58997623;Node_23;1021;316.213;37.5
Zone_8913;58997623;58998644;Node_23;1021;315.385;44.5
Zone_8914;58998644;58999665;Node_23;1021;316.157;35.4
Zone_8915;58999665;59000686;Node_23;1021;315.444;51.2
Zone_8916;59000686;59001707;Node_23;1021;316.317;31.6
Zone_8917;59001707;59002728;Node_23;1021;315.828;39.1
Zone_8918;59002728;59003749;Node_23;1021;315.234;45.7
Zone_8919;59003749;59004770;Node_23;1021;316.201;34.3
Zone_8920;59004770;59005791;Node_23;1021;318.022;44.4
Zone_8921;59005791;59006812;Node_23;1021;316.545;41.5
Zone_8922;59006812;59007833;Node_23;1021;314.296;45.6
Zone_8923;59007833;59008854;Node_23;1021;315.125;46.8
Zone_8924;59008854;59009875;Node_23;1021;315.468;43.8
Zone_8925;59009875;59010896;Node_23;1021;314.693;45.1
Zone_8926;59010896;59011917;Node_23;1021;316.756;43.3
Zone_8927;59011917;59012938;Node_23;1021;315.304;39.9
Zone_8928;59012938;59013959;Node_23;1021;314.679;45.9
Zone_8929;59013959;59014980;Node_23;1021;314.136;41.3
Zone_8930;59014980;59016001;Node_23;1021;313.73;51.4
Zone_8931;59016001;59017022;Node_23;1021;315.152;48.7
Zone_8932;59017022;59018043;Node_23;1021;315.633;45.2
Zone_8933;59018043;59019064;Node_23;1021;317.168;47.0
Zone_8934;59019064;59020085;Node_23;1021;313.677;46.8
Zone_8935;59020085;59021106;Node_23;1021;313.973;46.3
Zone_8936;59021106;59022127;Node_23;1021;315.661;42.6
Zone_8937;59022127;59023148;Node_23;1021;317.189;43.9
Zone_8938;59023148;59024169;Node_23;1021;317.212;38.8
Zone_8939;59024169;59025190;Node_23;1021;314.967;36.3
Zone_8940;59025190;59026211;Node_23;1021;315.107;44.9
Zone_8941;59026211;59027232;Node_23;1021;315.007;44.2
Zone_8942;59027232;59028253;Node_23;1021;314.684;44.3
Zone_8943;59028253;59029274;Node_23;1021;316.781;36.5
Zone_8944;59029274;59030295;Node_23;1021;316.579;44.5
Zone_8945;59030295;59031316;Node_23;1021;316.543;45.5
Zone_8946;59031316;59032337;Node_23;1021;316.036;45.9
Zone_8947;59032337;59033358;Node_23;1021;314.95;48.6
Zone_8948;59033358;59034379;Node_23;1021;314.336;46.3
Zone_8949;59034379;59035400;Node_23;1021;315.887;46.9
Zone_8950;59035400;59036421;Node_23;1021;315.616;43.6
Zone_8951;59036421;59037442;Node_23;1021;315.087;43.0
Zone_8952;59037442;59038463;Node_23;1021;315.892;36.5
Zone_8953;59038463;59039484;Node_23;1021;312.965;41.5
Zone_8954;59039484;59040505;Node_23;1021;316.302;41.2
Zone_8955;59040505;59041526;Node_23;1021;315.63;40.5
Zone_8956;59041526;59042547;Node_23;1021;316.914;44.4
Zone_8957;59042547;59043568;Node_23;1021;315.552;42.0
Zone_8958;59043568;59044589;Node_23;1021;313.974;47.6
Zone_8959;59044589;59045610;Node_23;1021;313.899;43.4
Zone_8960;59045610;59046631;Node_23;1021;314.018;48.9
Zone_8961;59046631;59047652;Node_23;1021;316.72;49.0
Zone_8962;59047652;59048673;Node_23;1021;315.425;46.9
Zone_8963;59048673;59049694;Node_23;1021;318.764;47.7
Zone_8964;59049694;59050715;Node_23;1021;315.941;38.4
Zone_8965;59050715;59051736;Node_23;1021;314.953;25.0
Zone_8966;59051736;59052757;Node_23;1021;316.441;45.6
Zone_8967;59052757;59053778;Node_23;1021;314.82;39.4
Zone_8968;59053778;59054799;Node_23;1021;315.752;38.7
Zone_8969;59054799;59055820;Node_23;1021;318.323;44.0
Zone_8970;59055820;59056841;Node_23;1021;315.909;43.3
Zone_8971;59056841;59057862;Node_23;1021;316.193;51.5
Zone_8972;59057862;59058883;Node_23;1021;317.76;45.4
Zone_8973;59058883;59059904;Node_23;1021;314.087;42.5
Zone_8974;59059904;59060925;Node_23;1021;315.532;42.6
Zone_8975;59060925;59061946;Node_23;1021;313.903;46.0
Zone_8976;59061946;59062967;Node_23;1021;314.982;39.5
Zone_8977;59062967;59063988;Node_23;1021;316.197;43.2
Zone_8978;59063988;59065009;Node_23;1021;314.109;40.1
Zone_8979;59065009;59066030;Node_23;1021;316.712;42.8
Zone_8980;59066030;59067051;Node_23;1021;315.8;45.6
Zone_8981;59067051;59068072;Node_23;1021;316.068;42.2
Zone_8982;59068072;59069093;Node_23;1021;315.995;36.0
Zone_8983;59069093;59070114;Node_23;1021;314.949;36.7
Zone_8984;59070114;59071135;Node_23;1021;315.896;42.0
Zone_8985;59071135;59072156;Node_23;1021;314.379;42.3
Zone_8986;59072156;59073177;Node_23;1021;314.044;44.8
Zone_8987;59073177;59074198;Node_23;1021;317.063;42.5
Zone_8988;59074198;59075219;Node_23;1021;315.271;38.1
Zone_8989;59075219;59076240;Node_23;1021;315.55;43.3
Zone_8990;59076240;59077261;Node_23;1021;316.247;44.4
Zone_8991;59077261;59078282;Node_23;1021;314.844;44.5
Zone_8992;59078282;59079303;Node_23;1021;315.07;40.5
Zone_8993;59079303;59080324;Node_23;1021;315.03;43.2
Zone_8994;59080324;59081345;Node_23;1021;316.307;41.9
Zone_8995;59081345;59082366;Node_23;1021;315.001;44.7
Zone_8996;59082366;59083387;Node_23;1021;313.472;43.6
Zone_8997;59083387;59084408;Node_23;1021;315.07;45.0
Zone_8998;59084408;59085429;Node_23;1021;314.771;43.7
Zone_8999;59085429;59086450;Node_23;1021;317.029;44.3
Zone_9000;59086450;59087471;Node_23;1021;315.555;37.5
Zone_9001;59087471;59088492;Node_23;1021;314.951;40.5
Zone_9002;59088492;59089513;Node_23;1021;315.255;37.2
Zone_9003;59089513;59090534;Node_23;1021;316.503;44.0
Zone_9004;59090534;59091555;Node_23;1021;317.588;39.4
Zone_9005;59091555;59092576;Node_23;1021;315.026;39.5
Zone_9006;59092576;59093597;Node_23;1021;317.248;41.3
Zone_9007;59093597;59094618;Node_23;1021;317.56;43.3
Zone_9008;59094618;59095639;Node_23;1021;315.311;42.5
Zone_9009;59095639;59096660;Node_23;1021;316.087;49.1
Zone_9010;59096660;59097681;Node_23;1021;314.496;38.4
Zone_9011;59097681;59098702;Node_23;1021;315.16;39.3
Zone_9012;59098702;59099723;Node_23;1021;314.939;39.0
Zone_9013;59099723;59100744;Node_23;1021;316.645;35.1
Zone_9014;59100744;59101765;Node_23;1021;315.276;39.6
Zone_9015;59101765;59102786;Node_23;1021;315.844;34.4
Zone_9016;59102786;59103807;Node_23;1021;314.826;40.8
Zone_9017;59103807;59104828;Node_23;1021;315.957;41.9
Zone_9018;59104828;59105849;Node_23;1021;315.553;46.6
Zone_9019;59105849;59106870;Node_23;1021;315.533;43.9
Zone_9020;59106870;59107891;Node_23;1021;314.742;48.8
Zone_9021;59107891;59108912;Node_23;1021;316.024;41.6
Zone_9022;59108912;59109933;Node_23;1021;317.502;44.6
Zone_9023;59109933;59110954;Node_23;1021;312.678;44.0
Zone_9024;59110954;59111975;Node_23;1021;317.069;46.3
Zone_9025;59111975;59112996;Node_23;1021;314.215;39.8
Zone_9026;59112996;59114017;Node_23;1021;314.785;42.7
Zone_9027;59114017;59115038;Node_23;1021;316.017;37.6
Zone_9028;59115038;59116059;Node_23;1021;315.73;36.0
Zone_9029;59116059;59117080;Node_23;1021;316.293;41.3
Zone_9030;59117080;59118101;Node_23;1021;316.142;38.4
Zone_9031;59118101;59119122;Node_23;1021;315.257;30.2
Zone_9032;59119122;59120143;Node_23;1021;313.966;34.2
Zone_9033;59120143;59121164;Node_23;1021;314.222;30.9
Zone_9034;59121164;59122185;Node_23;1021;313.128;31.8
Zone_9035;59122185;59123206;Node_23;1021;314.672;41.8
Zone_9036;59123206;59124227;Node_23;1021;317.536;40.2
Zone_9037;59124227;59125248;Node_23;1021;315.875;39.1
Zone_9038;59125248;59126269;Node_23;1021;315.851;43.0
Zone_9039;59126269;59127290;Node_23;1021;317.259;37.3
Zone_9040;59127290;59128311;Node_23;1021;316.103;42.0
Zone_9041;59128311;59129332;Node_23;1021;314.878;43.6
Zone_9042;59129332;59130353;Node_23;1021;315.651;39.1
Zone_9043;59130353;59131374;Node_23;1021;315.563;40.4
Zone_9044;59131374;59132395;Node_23;1021;315.238;37.0
Zone_9045;59132395;59133416;Node_23;1021;315.829;40.0
Zone_9046;59133416;59134437;Node_23;1021;315.65;42.0
Zone_9047;59134437;59135458;Node_23;1021;315.714;38.2
Zone_9048;59135458;59136479;Node_23;1021;316.935;41.7
Zone_9049;59136479;59137500;Node_23;1021;315.088;48.4
Zone_9050;59137500;59138521;Node_23;1021;314.09;46.4
Zone_9051;59138521;59139542;Node_23;1021;315.863;47.0
Zone_9052;59139542;59140563;Node_23;1021;316.874;52.9
Zone_9053;59140563;59141584;Node_23;1021;317.79;49.7
Zone_9054;59141584;59142605;Node_23;1021;314.437;40.4
Zone_9055;59142605;59143626;Node_23;1021;318.951;44.2
Zone_9056;59143626;59144647;Node_23;1021;316.556;40.9
Zone_9057;59144647;59145668;Node_23;1021;314.445;42.3
Zone_9058;59145668;59146689;Node_23;1021;316.484;36.0
Zone_9059;59146689;59147710;Node_23;1021;316.109;60.3
Zone_9060;59147710;59148731;Node_23;1021;316.444;43.5
Zone_9061;59148731;59149752;Node_23;1021;314.66;37.6
Zone_9062;59149752;59150773;Node_23;1021;315.165;36.2
Zone_9063;59150773;59151794;Node_23;1021;316.564;49.5
Zone_9064;59151794;59152815;Node_23;1021;314.696;40.1
Zone_9065;59152815;59153836;Node_23;1021;313.92;46.1
Zone_9066;59153836;59154857;Node_23;1021;314.85;42.5
Zone_9067;59154857;59155878;Node_23;1021;316.028;47.3
Zone_9068;59155878;59156899;Node_23;1021;316.279;44.9
Zone_9069;59156899;59157920;Node_23;1021;316.604;44.9
Zone_9070;59157920;59158941;Node_23;1021;316.175;32.6
Zone_9071;59158941;59159962;Node_23;1021;316.025;39.1
Zone_9072;59159962;59160983;Node_23;1021;314.532;39.9
Zone_9073;59160983;59162004;Node_23;1021;315.385;41.1
Zone_9074;59162004;59163025;Node_23;1021;315.009;40.5
Zone_9075;59163025;59164046;Node_23;1021;315.084;41.2
Zone_9076;59164046;59165067;Node_23;1021;314.972;43.6
Zone_9077;59165067;59166088;Node_23;1021;314.92;37.7
Zone_9078;59166088;59167109;Node_23;1021;315.195;35.2
Zone_9079;59167109;59168130;Node_23;1021;315.717;33.5
Zone_9080;59168130;59169151;Node_23;1021;316.161;36.5
Zone_9081;59169151;59170172;Node_23;1021;314.348;39.8
Zone_9082;59170172;59171193;Node_23;1021;315.172;42.3
Zone_9083;59171193;59172214;Node_23;1021;316.202;38.2
Zone_9084;59172214;59173235;Node_23;1021;314.858;33.4
Zone_9085;59173235;59174256;Node_23;1021;315.506;43.3
Zone_9086;59174256;59175277;Node_23;1021;314.908;36.5
Zone_9087;59175277;59176298;Node_23;1021;314.176;36.9
Zone_9088;59176298;59177319;Node_23;1021;314.022;35.5
Zone_9089;59177319;59178340;Node_23;1021;317.889;44.3
Zone_9090;59178340;59179361;Node_23;1021;315.893;46.2
Zone_9091;59179361;59180382;Node_23;1021;313.948;41.3
Zone_9092;59180382;59181403;Node_23;1021;314.561;36.7
Zone_9093;59181403;59182424;Node_23;1021;313.583;39.8
Zone_9094;59182424;59183445;Node_23;1021;315.795;36.3
Zone_9095;59183445;59184466;Node_23;1021;315.351;36.7
Zone_9096;59184466;59185487;Node_23;1021;314.69;43.0
Zone_9097;59185487;59186508;Node_23;1021;315.512;43.9
Zone_9098;59186508;59187529;Node_23;1021;315.275;46.7
Zone_9099;59187529;59188550;Node_23;1021;315.424;45.7
Zone_9100;59188550;59189571;Node_23;1021;315.055;48.7
Zone_9101;59189571;59190592;Node_23;1021;314.537;40.4
Zone_9102;59190592;59191613;Node_23;1021;314.359;42.0
Zone_9103;59191613;59192634;Node_23;1021;315.991;37.8
Zone_9104;59192634;59193655;Node_23;1021;315.918;37.6
Zone_9105;59193655;59194676;Node_23;1021;314.635;42.0
Zone_9106;59194676;59195697;Node_23;1021;313.601;43.2
Zone_9107;59195697;59196718;Node_23;1021;316.464;45.7
Zone_9108;59196718;59197739;Node_23;1021;314.805;44.7
Zone_9109;59197739;59198760;Node_23;1021;315.247;45.1
Zone_9110;59198760;59199781;Node_23;1021;314.704;39.5
Zone_9111;59199781;59200802;Node_23;1021;316.556;39.4
Zone_9112;59200802;59201823;Node_23;1021;315.673;40.9
Zone_9113;59201823;59202844;Node_23;1021;315.387;41.6
Zone_9114;59202844;59203865;Node_23;1021;315.108;41.7
Zone_9115;59203865;59204886;Node_23;1021;315.445;43.3
Zone_9116;59204886;59205907;Node_23;1021;315.52;36.2
Zone_9117;59205907;59206928;Node_23;1021;316.246;51.9
Zone_9118;59206928;59207949;Node_23;1021;316.611;47.3
Zone_9119;59207949;59208970;Node_23;1021;315.3;39.0
Zone_9120;59208970;59209991;Node_23;1021;315.289;38.6
Zone_9121;59209991;59211012;Node_23;1021;316.151;42.0
Zone_9122;59211012;59212033;Node_23;1021;316.938;34.2
Zone_9123;59212033;59213054;Node_23;1021;316.648;45.1
Zone_9124;59213054;59214075;Node_23;1021;315.673;42.4
Zone_9125;59214075;59215096;Node_23;1021;314.061;47.0
Zone_9126;59215096;59216117;Node_23;1021;314.876;49.9
Zone_9127;59216117;59217138;Node_23;1021;318.471;40.5
Zone_9128;59217138;59218159;Node_23;1021;315.462;43.8
Zone_9129;59218159;59219180;Node_23;1021;315.364;43.0
Zone_9130;59219180;59220201;Node_23;1021;314.283;39.6
Zone_9131;59220201;59221222;Node_23;1021;316.788;46.7
Zone_9132;59221222;59222243;Node_23;1021;315.95;41.9
Zone_9133;59222243;59223264;Node_23;1021;317.781;44.1
Zone_9134;59223264;59224285;Node_23;1021;315.532;41.7
Zone_9135;59224285;59225306;Node_23;1021;315.973;43.7
Zone_9136;59225306;59226327;Node_23;1021;316.885;42.7
Zone_9137;59226327;59227348;Node_23;1021;314.984;42.3
Zone_9138;59227348;59228369;Node_23;1021;314.875;44.0
Zone_9139;59228369;59229390;Node_23;1021;315.03;40.9
Zone_9140;59229390;59230411;Node_23;1021;314.325;43.7
Zone_9141;59230411;59231432;Node_23;1021;314.24;46.5
Zone_9142;59231432;59232453;Node_23;1021;315.372;41.8
Zone_9143;59232453;59233474;Node_23;1021;315.422;43.6
Zone_9144;59233474;59234495;Node_23;1021;315.046;40.0
Zone_9145;59234495;59235516;Node_23;1021;315.619;33.5
Zone_9146;59235516;59236537;Node_23;1021;315.495;37.7
Zone_9147;59236537;59237558;Node_23;1021;316.484;39.2
Zone_9148;59237558;59238579;Node_23;1021;314.823;40.0
Zone_9149;59238579;59239600;Node_23;1021;316.939;34.4
Zone_9150;59239600;59240621;Node_23;1021;316.527;36.2
Zone_9151;59240621;59241642;Node_23;1021;313.688;40.8
Zone_9152;59241642;59242663;Node_23;1021;317.206;40.7
Zone_9153;59242663;59243684;Node_23;1021;314.612;38.8
Zone_9154;59243684;59244705;Node_23;1021;315.95;37.6
Zone_9155;59244705;59245726;Node_23;1021;315.181;31.0
Zone_9156;59245726;59246747;Node_23;1021;314.184;38.5
Zone_9157;59246747;59247768;Node_23;1021;314.569;40.3
Zone_9158;59247768;59248789;Node_23;1021;315.6;39.5
Zone_9159;59248789;59249810;Node_23;1021;316.664;38.4
Zone_9160;59249810;59250831;Node_23;1021;314.256;38.1
Zone_9161;59250831;59251852;Node_23;1021;315.889;53.9
Zone_9162;59251852;59252873;Node_23;1021;316.688;40.8
Zone_9163;59252873;59253894;Node_23;1021;315.428;37.7
Zone_9164;59253894;59254915;Node_23;1021;315.298;38.0
Zone_9165;59254915;59255936;Node_23;1021;315.672;38.6
Zone_9166;59255936;59256957;Node_23;1021;316.511;39.9
Zone_9167;59256957;59257978;Node_23;1021;315.857;34.5
Zone_9168;59257978;59258999;Node_23;1021;316.276;31.7
Zone_9169;59258999;59260020;Node_23;1021;315.259;35.7
Zone_9170;59260020;59261041;Node_23;1021;314.716;43.5
Zone_9171;59261041;59262062;Node_23;1021;314.815;39.4
Zone_9172;59262062;59263083;Node_23;1021;314.814;39.5
Zone_9173;59263083;59264104;Node_23;1021;316.404;43.7
Zone_9174;59264104;59265125;Node_23;1021;313.757;42.2
Zone_9175;59265125;59266146;Node_23;1021;316.012;40.3
Zone_9176;59266146;59267167;Node_23;1021;315.668;41.3
Zone_9177;59267167;59268188;Node_23;1021;314.421;41.9
Zone_9178;59268188;59269209;Node_23;1021;315.741;42.2
Zone_9179;59269209;59270230;Node_23;1021;313.628;40.8
Zone_9180;59270230;59271251;Node_23;1021;315.176;34.7
Zone_9181;59271251;59272272;Node_23;1021;316.345;36.1
Zone_9182;59272272;59273293;Node_23;1021;316.194;38.8
Zone_9183;59273293;59274314;Node_23;1021;316.007;35.3
Zone_9184;59274314;59275335;Node_23;1021;316.239;34.0
Zone_9185;59275335;59276356;Node_23;1021;313.974;44.0
Zone_9186;59276356;59277377;Node_23;1021;315.834;37.2
Zone_9187;59277377;59278398;Node_23;1021;315.125;35.9
Zone_9188;59278398;59279419;Node_23;1021;314.884;43.9
Zone_9189;59279419;59280440;Node_23;1021;315.861;38.6
Zone_9190;59280440;59281461;Node_23;1021;315.595;34.5
Zone_9191;59281461;59282482;Node_23;1021;315.022;38.0
Zone_9192;59282482;59283503;Node_23;1021;314.674;41.1
Zone_9193;59283503;59284524;Node_23;1021;315.211;41.3
Zone_9194;59284524;59285545;Node_23;1021;315.767;29.7
Zone_9195;59285545;59286566;Node_23;1021;315.079;35.6
Zone_9196;59286566;59287587;Node_23;1021;315.849;31.9
Zone_9197;59287587;59288608;Node_23;1021;314.889;34.5
Zone_9198;59288608;59289629;Node_23;1021;314.953;39.2
Zone_9199;59289629;59290650;Node_23;1021;316.784;47.4
Zone_9200;59290650;59291671;Node_23;1021;316.529;41.8
Zone_9201;59291671;59292692;Node_23;1021;315.741;39.2
Zone_9202;59292692;59293713;Node_23;1021;316.108;42.2
Zone_9203;59293713;59294734;Node_23;1021;315.623;50.1
Zone_9204;59294734;59295755;Node_23;1021;315.637;39.3
Zone_9205;59295755;59296776;Node_23;1021;315.409;51.8
Zone_9206;59296776;59297797;Node_23;1021;315.011;57.0
Zone_9207;59297797;59298818;Node_23;1021;315.842;43.7
Zone_9208;59298818;59299839;Node_23;1021;318.238;45.6
Zone_9209;59299839;59300860;Node_23;1021;315.874;32.3
Zone_9210;59300860;59301881;Node_23;1021;314.804;33.4
Zone_9211;59301881;59302902;Node_23;1021;315.991;34.5
Zone_9212;59302902;59303923;Node_23;1021;314.735;33.7
Zone_9213;59303923;59304944;Node_23;1021;314.795;30.2
Zone_9214;59304944;59305965;Node_23;1021;314.846;35.7
Zone_9215;59305965;59306986;Node_23;1021;317.086;42.1
Zone_9216;59306986;59308007;Node_24;1021;316.495;40.5
Zone_9217;59308007;59309028;Node_24;1021;315.751;38.5
Zone_9218;59309028;59310049;Node_24;1021;316.703;39.8
Zone_9219;59310049;59311070;Node_24;1021;315.686;40.3
Zone_9220;59311070;59312091;Node_24;1021;314.849;39.8
Zone_9221;59312091;59313112;Node_24;1021;315.814;39.6
Zone_9222;59313112;59314133;Node_24;1021;315.282;42.5
Zone_9223;59314133;59315154;Node_24;1021;315.961;43.9
Zone_9224;59315154;59316175;Node_24;1021;313.44;40.7
Zone_9225;59316175;59317196;Node_24;1021;314.515;42.9
Zone_9226;59317196;59318217;Node_24;1021;317.323;43.2
Zone_9227;59318217;59319238;Node_24;1021;316.824;44.5
Zone_9228;59319238;59320259;Node_24;1021;318.486;43.4
Zone_9229;59320259;59321280;Node_24;1021;315.366;40.8
Zone_9230;59321280;59322301;Node_24;1021;316.414;44.2
Zone_9231;59322301;59323322;Node_24;1021;315.313;42.7
Zone_9232;59323322;59324343;Node_24;1021;316.221;41.2
Zone_9233;59324343;59325364;Node_24;1021;314.98;50.5
Zone_9234;59325364;59326385;Node_24;1021;315.345;39.9
Zone_9235;59326385;59327406;Node_24;1021;315.085;34.9
Zone_9236;59327406;59328427;Node_24;1021;314.402;38.1
Zone_9237;59328427;59329448;Node_24;1021;315.7;37.9
Zone_9238;59329448;59330469;Node_24;1021;314.34;39.3
Zone_9239;59330469;59331490;Node_24;1021;317.174;44.8
Zone_9240;59331490;59332511;Node_24;1021;314.828;41.9
Zone_9241;59332511;59333532;Node_24;1021;315.592;41.0
Zone_9242;59333532;59334553;Node_24;1021;315.47;45.0
Zone_9243;59334553;59335574;Node_24;1021;314.903;28.9
Zone_9244;59335574;59336595;Node_24;1021;314.906;31.0
Zone_9245;59336595;59337616;Node_24;1021;315.432;42.7
Zone_9246;59337616;59338637;Node_24;1021;315.51;31.4
Zone_9247;59338637;59339658;Node_24;1021;314.296;32.5
Zone_9248;59339658;59340679;Node_24;1021;316.74;41.7
Zone_9249;59340679;59341700;Node_24;1021;316.039;39.8
Zone_9250;59341700;59342721;Node_24;1021;316.531;39.4
Zone_9251;59342721;59343742;Node_24;1021;314.558;40.1
Zone_9252;59343742;59344763;Node_24;1021;314.64;35.9
Zone_9253;59344763;59345784;Node_24;1021;315.605;38.2
Zone_9254;59345784;59346805;Node_24;1021;316.291;39.7
Zone_9255;59346805;59347826;Node_24;1021;314.76;38.2
Zone_9256;59347826;59348847;Node_24;1021;316.169;40.9
Zone_9257;59348847;59349868;Node_24;1021;315.736;39.8
Zone_9258;59349868;59350889;Node_24;1021;317.373;43.6
Zone_9259;59350889;59351910;Node_24;1021;315.592;39.8
Zone_9260;59351910;59352931;Node_24;1021;315.651;40.2
Zone_9261;59352931;59353952;Node_24;1021;315.306;35.6
Zone_9262;59353952;59354973;Node_24;1021;316.346;45.2
Zone_9263;59354973;59355994;Node_24;1021;316.045;39.0
Zone_9264;59355994;59357015;Node_24;1021;313.85;42.9
Zone_9265;59357015;59358036;Node_24;1021;315.532;38.4
Zone_9266;59358036;59359057;Node_24;1021;315.69;37.4
Zone_9267;59359057;59360078;Node_24;1021;314.902;38.7
Zone_9268;59360078;59361099;Node_24;1021;316.73;41.9
Zone_9269;59361099;59362120;Node_24;1021;316.666;45.6
Zone_9270;59362120;59363141;Node_24;1021;312.796;39.5
Zone_9271;59363141;59364162;Node_24;1021;316.978;43.0
Zone_9272;59364162;59365183;Node_24;1021;316.74;42.0
Zone_9273;59365183;59366204;Node_24;1021;316.07;44.1
Zone_9274;59366204;59367225;Node_24;1021;316.051;39.4
Zone_9275;59367225;59368246;Node_24;1021;315.201;43.5
Zone_9276;59368246;59369267;Node_24;1021;317.077;49.9
Zone_9277;59369267;59370288;Node_24;1021;316.141;51.2
Zone_9278;59370288;59371309;Node_24;1021;316.765;40.4
Zone_9279;59371309;59372330;Node_24;1021;315.419;38.0
Zone_9280;59372330;59373351;Node_24;1021;315.049;39.3
Zone_9281;59373351;59374372;Node_24;1021;315.217;39.6
Zone_9282;59374372;59375393;Node_24;1021;316.781;43.3
Zone_9283;59375393;59376414;Node_24;1021;315.329;40.9
Zone_9284;59376414;59377435;Node_24;1021;316.625;41.1
Zone_9285;59377435;59378456;Node_24;1021;315.985;43.8
Zone_9286;59378456;59379477;Node_24;1021;315.627;36.7
Zone_9287;59379477;59380498;Node_24;1021;314.05;38.3
Zone_9288;59380498;59381519;Node_24;1021;315.114;37.4
Zone_9289;59381519;59382540;Node_24;1021;316.789;40.1
Zone_9290;59382540;59383561;Node_24;1021;315.89;41.2
Zone_9291;59383561;59384582;Node_24;1021;313.519;41.8
Zone_9292;59384582;59385603;Node_24;1021;314.697;36.7
Zone_9293;59385603;59386624;Node_24;1021;315.322;32.8
Zone_9294;59386624;59387645;Node_24;1021;315.115;26.4
Zone_9295;59387645;59388666;Node_24;1021;314.923;41.0
Zone_9296;59388666;59389687;Node_24;1021;313.839;37.3
Zone_9297;59389687;59390708;Node_24;1021;315.784;35.6
Zone_9298;59390708;59391729;Node_24;1021;316.622;43.6
Zone_9299;59391729;59392750;Node_24;1021;315.068;39.4
Zone_9300;59392750;59393771;Node_24;1021;314.639;41.7
Zone_9301;59393771;59394792;Node_24;1021;315.048;39.7
Zone_9302;59394792;59395813;Node_24;1021;314.273;37.5
Zone_9303;59395813;59396834;Node_24;1021;315.74;39.5
Zone_9304;59396834;59397855;Node_24;1021;316.465;40.5
Zone_9305;59397855;59398876;Node_24;1021;314.86;39.9
Zone_9306;59398876;59399897;Node_24;1021;315.494;33.7
Zone_9307;59399897;59400918;Node_24;1021;314.592;36.6
Zone_9308;59400918;59401939;Node_24;1021;316.127;34.4
Zone_9309;59401939;59402960;Node_24;1021;317.469;42.9
Zone_9310;59402960;59403981;Node_24;1021;316.236;44.8
Zone_9311;59403981;59405002;Node_24;1021;317.317;43.4
Zone_9312;59405002;59406023;Node_24;1021;315.854;36.6
Zone_9313;59406023;59407044;Node_24;1021;314.831;38.5
Zone_9314;59407044;59408065;Node_24;1021;315.07;45.9
Zone_9315;59408065;59409086;Node_24;1021;314.338;37.7
Zone_9316;59409086;59410107;Node_24;1021;316.146;40.1
Zone_9317;59410107;59411128;Node_24;1021;315.069;35.5
Zone_9318;59411128;59412149;Node_24;1021;313.853;36.9
Zone_9319;59412149;59413170;Node_24;1021;314.521;43.5
Zone_9320;59413170;59414191;Node_24;1021;316.703;40.7
Zone_9321;59414191;59415212;Node_24;1021;317.001;49.5
Zone_9322;59415212;59416233;Node_24;1021;315.274;40.6
Zone_9323;59416233;59417254;Node_24;1021;314.757;37.0
Zone_9324;59417254;59418275;Node_24;1021;316.237;35.4
Zone_9325;59418275;59419296;Node_24;1021;318.014;40.2
Zone_9326;59419296;59420317;Node_24;1021;316.085;38.7
Zone_9327;59420317;59421338;Node_24;1021;315.834;37.4
Zone_9328;59421338;59422359;Node_24;1021;314.067;40.8
Zone_9329;59422359;59423380;Node_24;1021;316.428;42.7
Zone_9330;59423380;59424401;Node_24;1021;314.134;46.4
Zone_9331;59424401;59425422;Node_24;1021;316.392;38.2
Zone_9332;59425422;59426443;Node_24;1021;315.17;43.9
Zone_9333;59426443;59427464;Node_24;1021;314.929;43.7
Zone_9334;59427464;59428485;Node_24;1021;315.955;45.2
Zone_9335;59428485;59429506;Node_24;1021;315.911;40.5
Zone_9336;59429506;59430527;Node_24;1021;314.557;42.5
Zone_9337;59430527;59431548;Node_24;1021;312.954;40.9
Zone_9338;59431548;59432569;Node_24;1021;315.997;44.4
Zone_9339;59432569;59433590;Node_24;1021;315.444;44.8
Zone_9340;59433590;59434611;Node_24;1021;315.589;40.9
Zone_9341;59434611;59435632;Node_24;1021;314.159;47.1
Zone_9342;59435632;59436653;Node_24;1021;313.99;48.2
Zone_9343;59436653;59437674;Node_24;1021;315.695;45.3
Zone_9344;59437674;59438695;Node_24;1021;315.643;39.2
Zone_9345;59438695;59439716;Node_24;1021;313.819;34.9
Zone_9346;59439716;59440737;Node_24;1021;315.273;34.9
Zone_9347;59440737;59441758;Node_24;1021;315.845;38.9
Zone_9348;59441758;59442779;Node_24;1021;314.169;39.8
Zone_9349;59442779;59443800;Node_24;1021;316.216;36.6
Zone_9350;59443800;59444821;Node_24;1021;316.243;44.3
Zone_9351;59444821;59445842;Node_24;1021;313.707;40.6
Zone_9352;59445842;59446863;Node_24;1021;314.562;41.3
Zone_9353;59446863;59447884;Node_24;1021;315.146;42.3
Zone_9354;59447884;59448905;Node_24;1021;315.197;40.2
Zone_9355;59448905;59449926;Node_24;1021;314.322;42.6
Zone_9356;59449926;59450947;Node_24;1021;313.751;27.8
Zone_9357;59450947;59451968;Node_24;1021;313.97;31.2
Zone_9358;59451968;59452989;Node_24;1021;314.375;36.5
Zone_9359;59452989;59454010;Node_24;1021;315.525;42.7
Zone_9360;59454010;59455031;Node_24;1021;315.42;39.8
Zone_9361;59455031;59456052;Node_24;1021;317.739;41.2
Zone_9362;59456052;59457073;Node_24;1021;314.491;40.5
Zone_9363;59457073;59458094;Node_24;1021;317.361;42.2
Zone_9364;59458094;59459115;Node_24;1021;314.92;33.9
Zone_9365;59459115;59460136;Node_24;1021;316.832;37.4
Zone_9366;59460136;59461157;Node_24;1021;315.458;51.1
Zone_9367;59461157;59462178;Node_24;1021;315.601;39.0
Zone_9368;59462178;59463199;Node_24;1021;315.857;39.7
Zone_9369;59463199;59464220;Node_24;1021;315.132;39.0
Zone_9370;59464220;59465241;Node_24;1021;315.631;37.5
Zone_9371;59465241;59466262;Node_24;1021;315.348;37.6
Zone_9372;59466262;59467283;Node_24;1021;315.753;38.5
Zone_9373;59467283;59468304;Node_24;1021;314.964;38.8
Zone_9374;59468304;59469325;Node_24;1021;316.319;44.1
Zone_9375;59469325;59470346;Node_24;1021;314.503;40.3
Zone_9376;59470346;59471367;Node_24;1021;314.434;41.3
Zone_9377;59471367;59472388;Node_24;1021;315.527;56.0
Zone_9378;59472388;59473409;Node_24;1021;314.979;54.1
Zone_9379;59473409;59474430;Node_24;1021;316.42;45.7
Zone_9380;59474430;59475451;Node_24;1021;315.167;36.5
Zone_9381;59475451;59476472;Node_24;1021;313.205;40.5
Zone_9382;59476472;59477493;Node_24;1021;314.75;44.9
Zone_9383;59477493;59478514;Node_24;1021;315.037;38.7
Zone_9384;59478514;59479535;Node_24;1021;318.982;41.0
Zone_9385;59479535;59480556;Node_24;1021;314.798;42.5
Zone_9386;59480556;59481577;Node_24;1021;316.553;37.7
Zone_9387;59481577;59482598;Node_24;1021;315.311;37.9
Zone_9388;59482598;59483619;Node_24;1021;315.307;37.0
Zone_9389;59483619;59484640;Node_24;1021;314.844;38.9
Zone_9390;59484640;59485661;Node_24;1021;315.774;35.8
Zone_9391;59485661;59486682;Node_24;1021;315.45;44.8
Zone_9392;59486682;59487703;Node_24;1021;314.944;42.1
Zone_9393;59487703;59488724;Node_24;1021;313.996;30.5
Zone_9394;59488724;59489745;Node_24;1021;314.604;31.4
Zone_9395;59489745;59490766;Node_24;1021;314.145;36.7
Zone_9396;59490766;59491787;Node_24;1021;313.171;35.4
Zone_9397;59491787;59492808;Node_24;1021;314.717;36.0
Zone_9398;59492808;59493829;Node_24;1021;316.244;33.7
Zone_9399;59493829;59494850;Node_24;1021;317.603;39.6
Zone_9400;59494850;59495871;Node_24;1021;315.073;32.6
Zone_9401;59495871;59496892;Node_24;1021;315.797;36.4
Zone_9402;59496892;59497913;Node_24;1021;315.277;46.1
Zone_9403;59497913;59498934;Node_24;1021;314.77;42.0
Zone_9404;59498934;59499955;Node_24;1021;315.29;38.0
Zone_9405;59499955;59500976;Node_24;1021;315.867;36.8
Zone_9406;59500976;59501997;Node_24;1021;315.209;37.4
Zone_9407;59501997;59503018;Node_24;1021;315.731;44.5
Zone_9408;59503018;59504039;Node_24;1021;315.515;35.8
Zone_9409;59504039;59505060;Node_24;1021;316.266;40.1
Zone_9410;59505060;59506081;Node_24;1021;315.378;44.1
Zone_9411;59506081;59507102;Node_24;1021;315.696;39.0
Zone_9412;59507102;59508123;Node_24;1021;314.236;45.0
Zone_9413;59508123;59509144;Node_24;1021;315.999;44.3
Zone_9414;59509144;59510165;Node_24;1021;312.64;41.3
Zone_9415;59510165;59511186;Node_24;1021;315.088;34.9
Zone_9416;59511186;59512207;Node_24;1021;315.141;42.2
Zone_9417;59512207;59513228;Node_24;1021;314.719;35.8
Zone_9418;59513228;59514249;Node_24;1021;314.978;39.1
Zone_9419;59514249;59515270;Node_24;1021;315.488;47.2
Zone_9420;59515270;59516291;Node_24;1021;315.812;41.3
Zone_9421;59516291;59517312;Node_24;1021;315.746;42.7
Zone_9422;59517312;59518333;Node_24;1021;314.35;44.9
Zone_9423;59518333;59519354;Node_24;1021;315.104;39.8
Zone_9424;59519354;59520375;Node_24;1021;315.738;39.6
Zone_9425;59520375;59521396;Node_24;1021;316.838;45.8
Zone_9426;59521396;59522417;Node_24;1021;314.832;39.9
Zone_9427;59522417;59523438;Node_24;1021;315.762;42.1
Zone_9428;59523438;59524459;Node_24;1021;315.467;52.8
Zone_9429;59524459;59525480;Node_24;1021;314.487;55.9
Zone_9430;59525480;59526501;Node_24;1021;316.985;36.9
Zone_9431;59526501;59527522;Node_24;1021;315.281;42.4
Zone_9432;59527522;59528543;Node_24;1021;314.661;39.3
Zone_9433;59528543;59529564;Node_24;1021;316.331;38.8
Zone_9434;59529564;59530585;Node_24;1021;315.695;35.9
Zone_9435;59530585;59531606;Node_24;1021;317.057;39.6
Zone_9436;59531606;59532627;Node_24;1021;317.119;32.3
Zone_9437;59532627;59533648;Node_24;1021;316.297;46.7
Zone_9438;59533648;59534669;Node_24;1021;317.09;45.5
Zone_9439;59534669;59535690;Node_24;1021;315.058;38.5
Zone_9440;59535690;59536711;Node_24;1021;315.621;38.1
Zone_9441;59536711;59537732;Node_24;1021;315.135;38.5
Zone_9442;59537732;59538753;Node_24;1021;315.93;38.6
Zone_9443;59538753;59539774;Node_24;1021;317.334;35.5
Zone_9444;59539774;59540795;Node_24;1021;316.906;36.1
Zone_9445;59540795;59541816;Node_24;1021;316.186;39.2
Zone_9446;59541816;59542837;Node_24;1021;314.937;44.1
Zone_9447;59542837;59543858;Node_24;1021;315.209;44.0
Zone_9448;59543858;59544879;Node_24;1021;316.313;41.0
Zone_9449;59544879;59545900;Node_24;1021;314.964;38.4
Zone_9450;59545900;59546921;Node_24;1021;315.135;43.9
Zone_9451;59546921;59547942;Node_24;1021;314.595;41.0
Zone_9452;59547942;59548963;Node_24;1021;317.099;39.7
Zone_9453;59548963;59549984;Node_24;1021;315.61;35.2
Zone_9454;59549984;59551005;Node_24;1021;315.8;41.6
Zone_9455;59551005;59552026;Node_24;1021;315.611;38.4
Zone_9456;59552026;59553047;Node_24;1021;315.965;48.8
Zone_9457;59553047;59554068;Node_24;1021;315.607;43.5
Zone_9458;59554068;59555089;Node_24;1021;315.2;46.1
Zone_9459;59555089;59556110;Node_24;1021;316.15;46.4
Zone_9460;59556110;59557131;Node_24;1021;315.563;44.3
Zone_9461;59557131;59558152;Node_24;1021;316.297;42.9
Zone_9462;59558152;59559173;Node_24;1021;315.525;40.8
Zone_9463;59559173;59560194;Node_24;1021;316.193;34.5
Zone_9464;59560194;59561215;Node_24;1021;316.41;40.6
Zone_9465;59561215;59562236;Node_24;1021;315.417;42.0
Zone_9466;59562236;59563257;Node_24;1021;315.831;37.8
Zone_9467;59563257;59564278;Node_24;1021;315.809;37.0
Zone_9468;59564278;59565299;Node_24;1021;316.246;44.8
Zone_9469;59565299;59566320;Node_24;1021;315.081;48.1
Zone_9470;59566320;59567341;Node_24;1021;315.81;35.9
Zone_9471;59567341;59568362;Node_24;1021;315.377;39.7
Zone_9472;59568362;59569383;Node_24;1021;315.816;37.5
Zone_9473;59569383;59570404;Node_24;1021;315.899;37.9
Zone_9474;59570404;59571425;Node_24;1021;315.843;41.6
Zone_9475;59571425;59572446;Node_24;1021;317.688;37.2
Zone_9476;59572446;59573467;Node_24;1021;317.28;35.5
Zone_9477;59573467;59574488;Node_24;1021;314.293;35.2
Zone_9478;59574488;59575509;Node_24;1021;314.897;29.0
Zone_9479;59575509;59576530;Node_24;1021;316.005;38.3
Zone_9480;59576530;59577551;Node_24;1021;314.781;36.5
Zone_9481;59577551;59578572;Node_24;1021;316.737;43.7
Zone_9482;59578572;59579593;Node_24;1021;313.001;43.3
Zone_9483;59579593;59580614;Node_24;1021;311.807;43.6
Zone_9484;59580614;59581635;Node_24;1021;314.561;35.5
Zone_9485;59581635;59582656;Node_24;1021;314.541;41.4
Zone_9486;59582656;59583677;Node_24;1021;315.547;41.1
Zone_9487;59583677;59584698;Node_24;1021;315.612;44.1
Zone_9488;59584698;59585719;Node_24;1021;315.398;38.8
Zone_9489;59585719;59586740;Node_24;1021;316.628;40.5
Zone_9490;59586740;59587761;Node_24;1021;316.176;55.7
Zone_9491;59587761;59588782;Node_24;1021;316.894;42.1
Zone_9492;59588782;59589803;Node_24;1021;315.473;39.7
Zone_9493;59589803;59590824;Node_24;1021;315.645;36.2
Zone_9494;59590824;59591845;Node_24;1021;315.623;39.6
Zone_9495;59591845;59592866;Node_24;1021;316.347;40.4
Zone_9496;59592866;59593887;Node_24;1021;315.002;40.5
Zone_9497;59593887;59594908;Node_24;1021;314.384;46.5
Zone_9498;59594908;59595929;Node_24;1021;315.256;43.8
Zone_9499;59595929;59596950;Node_24;1021;314.455;42.6
Zone_9500;59596950;59597971;Node_24;1021;314.868;40.9
Zone_9501;59597971;59598992;Node_24;1021;315.507;40.0
Zone_9502;59598992;59600013;Node_24;1021;317.077;46.4
Zone_9503;59600013;59601034;Node_24;1021;316.695;42.7
Zone_9504;59601034;59602055;Node_24;1021;315.316;47.1
Zone_9505;59602055;59603076;Node_24;1021;314.654;36.4
Zone_9506;59603076;59604097;Node_24;1021;314.919;36.4
Zone_9507;59604097;59605118;Node_24;1021;315.485;43.4
Zone_9508;59605118;59606139;Node_24;1021;314.112;40.2
Zone_9509;59606139;59607160;Node_24;1021;314.857;36.1
Zone_9510;59607160;59608181;Node_24;1021;315.413;44.1
Zone_9511;59608181;59609202;Node_24;1021;315.13;43.9
Zone_9512;59609202;59610223;Node_24;1021;316.45;39.6
Zone_9513;59610223;59611244;Node_24;1021;315.132;52.9
Zone_9514;59611244;59612265;Node_24;1021;316.486;43.7
Zone_9515;59612265;59613286;Node_24;1021;315.418;40.3
Zone_9516;59613286;59614307;Node_24;1021;315.697;37.6
Zone_9517;59614307;59615328;Node_24;1021;315.219;38.8
Zone_9518;59615328;59616349;Node_24;1021;315.617;38.9
Zone_9519;59616349;59617370;Node_24;1021;315.723;33.8
Zone_9520;59617370;59618391;Node_24;1021;315.459;39.6
Zone_9521;59618391;59619412;Node_24;1021;315.41;39.0
Zone_9522;59619412;59620433;Node_24;1021;317.009;41.3
Zone_9523;59620433;59621454;Node_24;1021;314.208;33.1
Zone_9524;59621454;59622475;Node_24;1021;313.273;31.8
Zone_9525;59622475;59623496;Node_24;1021;313.915;37.7
Zone_9526;59623496;59624517;Node_24;1021;314.04;37.8
Zone_9527;59624517;59625538;Node_24;1021;315.835;41.9
Zone_9528;59625538;59626559;Node_24;1021;315.231;37.2
Zone_9529;59626559;59627580;Node_24;1021;317.211;38.1
Zone_9530;59627580;59628601;Node_24;1021;316.811;36.3
Zone_9531;59628601;59629622;Node_24;1021;316.67;34.3
Zone_9532;59629622;59630643;Node_24;1021;315.942;39.0
Zone_9533;59630643;59631664;Node_24;1021;313.198;39.4
Zone_9534;59631664;59632685;Node_24;1021;314.729;34.4
Zone_9535;59632685;59633706;Node_24;1021;314.995;44.5
Zone_9536;59633706;59634727;Node_24;1021;317.935;41.9
Zone_9537;59634727;59635748;Node_24;1021;316.858;39.1
Zone_9538;59635748;59636769;Node_24;1021;316.012;44.0
Zone_9539;59636769;59637790;Node_24;1021;315.475;41.6
Zone_9540;59637790;59638811;Node_24;1021;315.266;41.7
Zone_9541;59638811;59639832;Node_24;1021;317.189;39.5
Zone_9542;59639832;59640853;Node_24;1021;315.2;35.4
Zone_9543;59640853;59641874;Node_24;1021;315.871;40.4
Zone_9544;59641874;59642895;Node_24;1021;316.486;46.4
Zone_9545;59642895;59643916;Node_24;1021;316.203;40.0
Zone_9546;59643916;59644937;Node_24;1021;315.482;45.2
Zone_9547;59644937;59645958;Node_24;1021;315.262;43.8
Zone_9548;59645958;59646979;Node_24;1021;315.93;34.9
Zone_9549;59646979;59648000;Node_24;1021;315.168;44.1
Zone_9550;59648000;59649021;Node_24;1021;315.02;38.0
Zone_9551;59649021;59650042;Node_24;1021;315.511;39.4
Zone_9552;59650042;59651063;Node_24;1021;315.072;38.7
Zone_9553;59651063;59652084;Node_24;1021;315.53;39.3
Zone_9554;59652084;59653105;Node_24;1021;313.947;45.0
Zone_9555;59653105;59654126;Node_24;1021;314.214;52.4
Zone_9556;59654126;59655147;Node_24;1021;314.086;42.2
Zone_9557;59655147;59656168;Node_24;1021;314.568;37.9
Zone_9558;59656168;59657189;Node_24;1021;314.162;41.9
Zone_9559;59657189;59658210;Node_24;1021;316.095;46.8
Zone_9560;59658210;59659231;Node_24;1021;317.122;43.5
Zone_9561;59659231;59660252;Node_24;1021;315.886;40.7
Zone_9562;59660252;59661273;Node_24;1021;316.093;33.3
Zone_9563;59661273;59662294;Node_24;1021;316.0;43.8
Zone_9564;59662294;59663315;Node_24;1021;315.77;39.8
Zone_9565;59663315;59664336;Node_24;1021;316.069;36.0
Zone_9566;59664336;59665357;Node_24;1021;315.106;39.5
Zone_9567;59665357;59666378;Node_24;1021;311.815;50.0
Zone_9568;59666378;59667399;Node_24;1021;315.304;38.5
Zone_9569;59667399;59668420;Node_24;1021;317.15;47.6
Zone_9570;59668420;59669441;Node_24;1021;315.361;47.5
Zone_9571;59669441;59670462;Node_24;1021;315.189;44.4
Zone_9572;59670462;59671483;Node_24;1021;316.495;45.3
Zone_9573;59671483;59672504;Node_24;1021;315.796;48.3
Zone_9574;59672504;59673525;Node_24;1021;316.884;47.8
Zone_9575;59673525;59674546;Node_24;1021;314.699;48.0
Zone_9576;59674546;59675567;Node_24;1021;315.888;39.3
Zone_9577;59675567;59676588;Node_24;1021;315.641;40.5
Zone_9578;59676588;59677609;Node_24;1021;315.404;43.7
Zone_9579;59677609;59678630;Node_24;1021;314.674;37.5
Zone_9580;59678630;59679651;Node_24;1021;314.105;36.9
Zone_9581;59679651;59680672;Node_24;1021;314.318;29.3
Zone_9582;59680672;59681693;Node_24;1021;314.946;32.8
Zone_9583;59681693;59682714;Node_24;1021;316.92;38.7
Zone_9584;59682714;59683735;Node_24;1021;315.669;42.4
Zone_9585;59683735;59684756;Node_24;1021;316.187;45.8
Zone_9586;59684756;59685777;Node_24;1021;316.019;41.5
Zone_9587;59685777;59686798;Node_24;1021;314.788;39.7
Zone_9588;59686798;59687819;Node_24;1021;313.906;45.9
Zone_9589;59687819;59688840;Node_24;1021;315.218;40.7
Zone_9590;59688840;59689861;Node_24;1021;316.435;42.2
Zone_9591;59689861;59690882;Node_24;1021;314.996;46.2
Zone_9592;59690882;59691903;Node_24;1021;314.853;41.3
Zone_9593;59691903;59692924;Node_24;1021;315.964;37.5
Zone_9594;59692924;59693945;Node_24;1021;317.516;42.6
Zone_9595;59693945;59694966;Node_24;1021;316.048;43.7
Zone_9596;59694966;59695987;Node_24;1021;315.64;41.3
Zone_9597;59695987;59697008;Node_24;1021;315.716;39.0
Zone_9598;59697008;59698029;Node_24;1021;314.45;38.5
Zone_9599;59698029;59699050;Node_24;1021;313.841;39.0
Zone_9600;59699050;59700071;Node_25;1021;315.035;35.0
Zone_9601;59700071;59701092;Node_25;1021;315.925;39.6
Zone_9602;59701092;59702113;Node_25;1021;316.778;42.4
Zone_9603;59702113;59703134;Node_25;1021;315.717;42.4
Zone_9604;59703134;59704155;Node_25;1021;315.16;42.0
Zone_9605;59704155;59705176;Node_25;1021;314.971;35.0
Zone_9606;59705176;59706197;Node_25;1021;314.817;41.3
Zone_9607;59706197;59707218;Node_25;1021;315.746;41.3
Zone_9608;59707218;59708239;Node_25;1021;316.284;44.7
Zone_9609;59708239;59709260;Node_25;1021;315.281;39.3
Zone_9610;59709260;59710281;Node_25;1021;315.035;48.9
Zone_9611;59710281;59711302;Node_25;1021;316.119;37.2
Zone_9612;59711302;59712323;Node_25;1021;314.746;44.9
Zone_9613;59712323;59713344;Node_25;1021;313.472;47.7
Zone_9614;59713344;59714365;Node_25;1021;315.061;39.6
Zone_9615;59714365;59715386;Node_25;1021;316.481;41.3
Zone_9616;59715386;59716407;Node_25;1021;314.506;38.5
Zone_9617;59716407;59717428;Node_25;1021;316.492;40.5
Zone_9618;59717428;59718449;Node_25;1021;316.125;42.4
Zone_9619;59718449;59719470;Node_25;1021;313.645;48.9
Zone_9620;59719470;59720491;Node_25;1021;315.929;37.2
Zone_9621;59720491;59721512;Node_25;1021;313.753;40.5
Zone_9622;59721512;59722533;Node_25;1021;314.538;37.2
Zone_9623;59722533;59723554;Node_25;1021;313.68;41.6
Zone_9624;59723554;59724575;Node_25;1021;315.409;44.9
Zone_9625;59724575;59725596;Node_25;1021;314.257;29.3
Zone_9626;59725596;59726617;Node_25;1021;315.439;31.9
Zone_9627;59726617;59727638;Node_25;1021;314.633;34.2
Zone_9628;59727638;59728659;Node_25;1021;313.591;29.7
Zone_9629;59728659;59729680;Node_25;1021;313.77;31.9
Zone_9630;59729680;59730701;Node_25;1021;315.336;42.2
Zone_9631;59730701;59731722;Node_25;1021;316.464;46.5
Zone_9632;59731722;59732743;Node_25;1021;315.756;46.2
Zone_9633;59732743;59733764;Node_25;1021;313.211;47.3
Zone_9634;59733764;59734785;Node_25;1021;313.502;51.5
Zone_9635;59734785;59735806;Node_25;1021;314.427;45.0
Zone_9636;59735806;59736827;Node_25;1021;316.544;43.8
Zone_9637;59736827;59737848;Node_25;1021;316.655;51.3
Zone_9638;59737848;59738869;Node_25;1021;316.223;41.9
Zone_9639;59738869;59739890;Node_25;1021;314.22;42.4
Zone_9640;59739890;59740911;Node_25;1021;313.078;41.3
Zone_9641;59740911;59741932;Node_25;1021;315.976;43.7
Zone_9642;59741932;59742953;Node_25;1021;312.252;43.3
Zone_9643;59742953;59743974;Node_25;1021;313.267;40.5
Zone_9644;59743974;59744995;Node_25;1021;315.263;41.4
Zone_9645;59744995;59746016;Node_25;1021;316.204;43.5
Zone_9646;59746016;59747037;Node_25;1021;315.393;40.9
Zone_9647;59747037;59748058;Node_25;1021;315.145;39.9
Zone_9648;59748058;59749079;Node_25;1021;316.873;43.3
Zone_9649;59749079;59750100;Node_25;1021;316.099;41.2
Zone_9650;59750100;59751121;Node_25;1021;315.274;38.1
Zone_9651;59751121;59752142;Node_25;1021;315.09;34.8
Zone_9652;59752142;59753163;Node_25;1021;314.806;43.9
Zone_9653;59753163;59754184;Node_25;1021;315.315;31.6
Zone_9654;59754184;59755205;Node_25;1021;313.821;48.2
Zone_9655;59755205;59756226;Node_25;1021;315.989;42.2
Zone_9656;59756226;59757247;Node_25;1021;315.523;41.5
Zone_9657;59757247;59758268;Node_25;1021;315.731;41.1
Zone_9658;59758268;59759289;Node_25;1021;317.203;40.0
Zone_9659;59759289;59760310;Node_25;1021;315.958;43.1
Zone_9660;59760310;59761331;Node_25;1021;315.845;34.9
Zone_9661;59761331;59762352;Node_25;1021;315.065;44.1
Zone_9662;59762352;59763373;Node_25;1021;314.582;43.1
Zone_9663;59763373;59764394;Node_25;1021;316.799;38.3
Zone_9664;59764394;59765415;Node_25;1021;315.914;47.1
Zone_9665;59765415;59766436;Node_25;1021;315.823;41.6
Zone_9666;59766436;59767457;Node_25;1021;315.197;39.0
Zone_9667;59767457;59768478;Node_25;1021;314.562;34.0
Zone_9668;59768478;59769499;Node_25;1021;314.454;44.2
Zone_9669;59769499;59770520;Node_25;1021;314.958;44.0
Zone_9670;59770520;59771541;Node_25;1021;314.557;35.0
Zone_9671;59771541;59772562;Node_25;1021;314.447;30.4
Zone_9672;59772562;59773583;Node_25;1021;315.776;38.1
Zone_9673;59773583;59774604;Node_25;1021;315.15;33.5
Zone_9674;59774604;59775625;Node_25;1021;315.086;38.6
Zone_9675;59775625;59776646;Node_25;1021;315.036;37.9
Zone_9676;59776646;59777667;Node_25;1021;316.662;49.1
Zone_9677;59777667;59778688;Node_25;1021;312.788;39.1
Zone_9678;59778688;59779709;Node_25;1021;315.316;41.6
Zone_9679;59779709;59780730;Node_25;1021;315.576;38.0
Zone_9680;59780730;59781751;Node_25;1021;315.6;30.2
Zone_9681;59781751;59782772;Node_25;1021;315.483;35.1
Zone_9682;59782772;59783793;Node_25;1021;315.734;41.6
Zone_9683;59783793;59784814;Node_25;1021;316.155;33.2
Zone_9684;59784814;59785835;Node_25;1021;315.269;41.2
Zone_9685;59785835;59786856;Node_25;1021;314.212;49.3
Zone_9686;59786856;59787877;Node_25;1021;314.724;40.4
Zone_9687;59787877;59788898;Node_25;1021;315.797;32.7
Zone_9688;59788898;59789919;Node_25;1021;315.041;34.1
Zone_9689;59789919;59790940;Node_25;1021;314.061;38.0
Zone_9690;59790940;59791961;Node_25;1021;314.588;43.9
Zone_9691;59791961;59792982;Node_25;1021;316.697;31.9
Zone_9692;59792982;59794003;Node_25;1021;315.931;31.2
Zone_9693;59794003;59795024;Node_25;1021;315.602;31.9
Zone_9694;59795024;59796045;Node_25;1021;316.018;31.2
Zone_9695;59796045;59797066;Node_25;1021;316.102;31.8
Zone_9696;59797066;59798087;Node_25;1021;314.518;36.1
Zone_9697;59798087;59799108;Node_25;1021;315.07;38.4
Zone_9698;59799108;59800129;Node_25;1021;314.675;30.2
Zone_9699;59800129;59801150;Node_25;1021;312.144;36.1
Zone_9700;59801150;59802171;Node_25;1021;315.035;30.9
Zone_9701;59802171;59803192;Node_25;1021;315.824;36.0
Zone_9702;59803192;59804213;Node_25;1021;315.094;38.2
Zone_9703;59804213;59805234;Node_25;1021;315.47;35.7
Zone_9704;59805234;59806255;Node_25;1021;315.549;31.7
Zone_9705;59806255;59807276;Node_25;1021;314.373;44.2
Zone_9706;59807276;59808297;Node_25;1021;315.646;35.9
Zone_9707;59808297;59809318;Node_25;1021;312.949;41.8
Zone_9708;59809318;59810339;Node_25;1021;313.951;40.5
Zone_9709;59810339;59811360;Node_25;1021;314.217;38.0
Zone_9710;59811360;59812381;Node_25;1021;313.982;34.3
Zone_9711;59812381;59813402;Node_25;1021;314.962;31.2
Zone_9712;59813402;59814423;Node_25;1021;314.745;43.2
Zone_9713;59814423;59815444;Node_25;1021;316.811;70.6
Zone_9714;59815444;59816465;Node_25;1021;315.469;43.2
Zone_9715;59816465;59817486;Node_25;1021;313.686;38.2
Zone_9716;59817486;59818507;Node_25;1021;315.205;38.1
Zone_9717;59818507;59819528;Node_25;1021;315.068;37.1
Zone_9718;59819528;59820549;Node_25;1021;313.809;36.8
Zone_9719;59820549;59821570;Node_25;1021;315.691;33.7
Zone_9720;59821570;59822591;Node_25;1021;315.639;31.3
Zone_9721;59822591;59823612;Node_25;1021;315.333;38.5
Zone_9722;59823612;59824633;Node_25;1021;314.164;39.9
Zone_9723;59824633;59825654;Node_25;1021;314.785;34.4
Zone_9724;59825654;59826675;Node_25;1021;317.379;33.6
Zone_9725;59826675;59827696;Node_25;1021;315.662;41.9
Zone_9726;59827696;59828717;Node_25;1021;314.758;30.4
Zone_9727;59828717;59829738;Node_25;1021;315.067;30.5
Zone_9728;59829738;59830759;Node_25;1021;313.655;27.6
Zone_9729;59830759;59831780;Node_25;1021;314.47;41.3
Zone_9730;59831780;59832801;Node_25;1021;315.397;28.1
Zone_9731;59832801;59833822;Node_25;1021;315.656;30.5
Zone_9732;59833822;59834843;Node_25;1021;315.335;29.9
Zone_9733;59834843;59835864;Node_25;1021;315.252;32.8
Zone_9734;59835864;59836885;Node_25;1021;315.404;34.1
Zone_9735;59836885;59837906;Node_25;1021;315.253;35.4
Zone_9736;59837906;59838927;Node_25;1021;315.046;38.0
Zone_9737;59838927;59839948;Node_25;1021;315.594;38.8
Zone_9738;59839948;59840969;Node_25;1021;316.293;31.8
Zone_9739;59840969;59841990;Node_25;1021;316.577;37.1
Zone_9740;59841990;59843011;Node_25;1021;315.286;34.0
Zone_9741;59843011;59844032;Node_25;1021;315.744;32.9
Zone_9742;59844032;59845053;Node_25;1021;314.455;29.2
Zone_9743;59845053;59846074;Node_25;1021;314.411;34.4
Zone_9744;59846074;59847095;Node_25;1021;312.855;31.2
Zone_9745;59847095;59848116;Node_25;1021;315.87;30.1
Zone_9746;59848116;59849137;Node_25;1021;315.351;30.0
Zone_9747;59849137;59850158;Node_25;1021;314.471;32.8
Zone_9748;59850158;59851179;Node_25;1021;315.515;31.1
Zone_9749;59851179;59852200;Node_25;1021;315.484;29.5
Zone_9750;59852200;59853221;Node_25;1021;315.031;28.2
Zone_9751;59853221;59854242;Node_25;1021;313.697;30.1
Zone_9752;59854242;59855263;Node_25;1021;315.092;35.8
Zone_9753;59855263;59856284;Node_25;1021;313.526;38.8
Zone_9754;59856284;59857305;Node_25;1021;314.707;40.0
Zone_9755;59857305;59858326;Node_25;1021;315.541;36.5
Zone_9756;59858326;59859347;Node_25;1021;318.015;35.7
Zone_9757;59859347;59860368;Node_25;1021;316.069;29.4
Zone_9758;59860368;59861389;Node_25;1021;314.281;41.6
Zone_9759;59861389;59862410;Node_25;1021;315.546;32.5
Zone_9760;59862410;59863431;Node_25;1021;315.449;35.3
Zone_9761;59863431;59864452;Node_25;1021;315.924;28.5
Zone_9762;59864452;59865473;Node_25;1021;315.813;33.7
Zone_9763;59865473;59866494;Node_25;1021;316.349;30.1
Zone_9764;59866494;59867515;Node_25;1021;315.003;33.8
Zone_9765;59867515;59868536;Node_25;1021;315.33;28.9
Zone_9766;59868536;59869557;Node_25;1021;314.605;37.1
Zone_9767;59869557;59870578;Node_25;1021;314.816;38.5
Zone_9768;59870578;59871599;Node_25;1021;314.709;32.5
Zone_9769;59871599;59872620;Node_25;1021;315.235;35.1
Zone_9770;59872620;59873641;Node_25;1021;315.429;32.8
Zone_9771;59873641;59874662;Node_25;1021;316.012;31.9
Zone_9772;59874662;59875683;Node_25;1021;315.617;31.5
Zone_9773;59875683;59876704;Node_25;1021;316.645;32.5
Zone_9774;59876704;59877725;Node_25;1021;314.328;38.4
Zone_9775;59877725;59878746;Node_25;1021;314.948;40.8
Zone_9776;59878746;59879767;Node_25;1021;315.892;39.1
Zone_9777;59879767;59880788;Node_25;1021;315.483;39.6
Zone_9778;59880788;59881809;Node_25;1021;316.369;45.4
Zone_9779;59881809;59882830;Node_25;1021;315.762;41.6
Zone_9780;59882830;59883851;Node_25;1021;315.587;35.0
Zone_9781;59883851;59884872;Node_25;1021;317.178;34.1
Zone_9782;59884872;59885893;Node_25;1021;315.354;43.7
Zone_9783;59885893;59886914;Node_25;1021;315.973;50.1
Zone_9784;59886914;59887935;Node_25;1021;315.103;43.0
Zone_9785;59887935;59888956;Node_25;1021;314.83;43.7
Zone_9786;59888956;59889977;Node_25;1021;313.984;49.3
Zone_9787;59889977;59890998;Node_25;1021;314.057;46.3
Zone_9788;59890998;59892019;Node_25;1021;315.611;41.3
Zone_9789;59892019;59893040;Node_25;1021;315.524;44.5
Zone_9790;59893040;59894061;Node_25;1021;315.011;43.2
Zone_9791;59894061;59895082;Node_25;1021;315.359;37.4
Zone_9792;59895082;59896103;Node_25;1021;313.793;35.9
Zone_9793;59896103;59897124;Node_25;1021;313.531;34.9
Zone_9794;59897124;59898145;Node_25;1021;314.728;38.4
Zone_9795;59898145;59899166;Node_25;1021;315.765;40.7
Zone_9796;59899166;59900187;Node_25;1021;315.772;34.4
Zone_9797;59900187;59901208;Node_25;1021;316.569;51.0
Zone_9798;59901208;59902229;Node_25;1021;312.591;48.0
Zone_9799;59902229;59903250;Node_25;1021;315.12;41.4
Zone_9800;59903250;59904271;Node_25;1021;316.259;41.8
Zone_9801;59904271;59905292;Node_25;1021;315.169;40.5
Zone_9802;59905292;59906313;Node_25;1021;315.421;45.2
Zone_9803;59906313;59907334;Node_25;1021;315.529;35.8
Zone_9804;59907334;59908355;Node_25;1021;315.753;44.2
Zone_9805;59908355;59909376;Node_25;1021;315.011;40.2
Zone_9806;59909376;59910397;Node_25;1021;315.455;37.9
Zone_9807;59910397;59911418;Node_25;1021;316.962;38.6
Zone_9808;59911418;59912439;Node_25;1021;315.114;40.6
Zone_9809;59912439;59913460;Node_25;1021;314.574;36.9
Zone_9810;59913460;59914481;Node_25;1021;312.91;37.5
Zone_9811;59914481;59915502;Node_25;1021;315.057;44.4
Zone_9812;59915502;59916523;Node_25;1021;316.905;42.2
Zone_9813;59916523;59917544;Node_25;1021;316.492;44.6
Zone_9814;59917544;59918565;Node_25;1021;315.553;42.9
Zone_9815;59918565;59919586;Node_25;1021;316.734;34.9
Zone_9816;59919586;59920607;Node_25;1021;317.034;38.8
Zone_9817;59920607;59921628;Node_25;1021;315.607;37.8
Zone_9818;59921628;59922649;Node_25;1021;314.537;38.9
Zone_9819;59922649;59923670;Node_25;1021;315.479;37.1
Zone_9820;59923670;59924691;Node_25;1021;316.711;31.9
Zone_9821;59924691;59925712;Node_25;1021;315.95;28.8
Zone_9822;59925712;59926733;Node_25;1021;316.812;46.1
Zone_9823;59926733;59927754;Node_25;1021;314.286;48.6
Zone_9824;59927754;59928775;Node_25;1021;314.536;39.1
Zone_9825;59928775;59929796;Node_25;1021;317.394;36.5
Zone_9826;59929796;59930817;Node_25;1021;315.812;31.8
Zone_9827;59930817;59931838;Node_25;1021;315.625;32.6
Zone_9828;59931838;59932859;Node_25;1021;315.978;29.7
Zone_9829;59932859;59933880;Node_25;1021;316.121;31.4
Zone_9830;59933880;59934901;Node_25;1021;316.278;33.3
Zone_9831;59934901;59935922;Node_25;1021;316.287;34.2
Zone_9832;59935922;59936943;Node_25;1021;314.051;39.4
Zone_9833;59936943;59937964;Node_25;1021;314.26;36.5
Zone_9834;59937964;59938985;Node_25;1021;315.54;46.4
Zone_9835;59938985;59940006;Node_25;1021;314.829;47.0
Zone_9836;59940006;59941027;Node_25;1021;315.725;40.5
Zone_9837;59941027;59942048;Node_25;1021;316.178;35.1
Zone_9838;59942048;59943069;Node_25;1021;318.433;37.7
Zone_9839;59943069;59944090;Node_25;1021;318.009;39.6
Zone_9840;59944090;59945111;Node_25;1021;314.943;35.4
Zone_9841;59945111;59946132;Node_25;1021;312.81;34.5
Zone_9842;59946132;59947153;Node_25;1021;314.361;35.6
Zone_9843;59947153;59948174;Node_25;1021;315.448;42.0
Zone_9844;59948174;59949195;Node_25;1021;314.689;36.2
Zone_9845;59949195;59950216;Node_25;1021;314.696;38.3
Zone_9846;59950216;59951237;Node_25;1021;315.301;47.5
Zone_9847;59951237;59952258;Node_25;1021;313.804;41.3
Zone_9848;59952258;59953279;Node_25;1021;316.654;44.0
Zone_9849;59953279;59954300;Node_25;1021;317.282;40.1
Zone_9850;59954300;59955321;Node_25;1021;316.822;35.1
Zone_9851;59955321;59956342;Node_25;1021;317.341;36.6
Zone_9852;59956342;59957363;Node_25;1021;316.267;39.9
Zone_9853;59957363;59958384;Node_25;1021;313.701;40.3
Zone_9854;59958384;59959405;Node_25;1021;311.918;40.5
Zone_9855;59959405;59960426;Node_25;1021;317.186;38.0
Zone_9856;59960426;59961447;Node_25;1021;316.672;37.5
Zone_9857;59961447;59962468;Node_25;1021;316.768;33.0
Zone_9858;59962468;59963489;Node_25;1021;315.053;33.1
Zone_9859;59963489;59964510;Node_25;1021;315.356;37.0
Zone_9860;59964510;59965531;Node_25;1021;317.343;38.0
Zone_9861;59965531;59966552;Node_25;1021;314.797;44.4
Zone_9862;59966552;59967573;Node_25;1021;315.61;42.5
Zone_9863;59967573;59968594;Node_25;1021;314.717;44.1
Zone_9864;59968594;59969615;Node_25;1021;316.35;52.1
Zone_9865;59969615;59970636;Node_25;1021;316.139;58.2
Zone_9866;59970636;59971657;Node_25;1021;315.353;50.0
Zone_9867;59971657;59972678;Node_25;1021;316.014;51.2
Zone_9868;59972678;59973699;Node_25;1021;313.043;46.6
Zone_9869;59973699;59974720;Node_25;1021;316.13;39.3
Zone_9870;59974720;59975741;Node_25;1021;314.313;45.8
Zone_9871;59975741;59976762;Node_25;1021;315.661;44.1
Zone_9872;59976762;59977783;Node_25;1021;316.358;40.3
Zone_9873;59977783;59978804;Node_25;1021;315.364;42.7
Zone_9874;59978804;59979825;Node_25;1021;314.571;39.3
Zone_9875;59979825;59980846;Node_25;1021;313.984;41.7
Zone_9876;59980846;59981867;Node_25;1021;316.225;47.3
Zone_9877;59981867;59982888;Node_25;1021;314.98;44.5
Zone_9878;59982888;59983909;Node_25;1021;317.765;39.5
Zone_9879;59983909;59984930;Node_25;1021;316.269;43.2
Zone_9880;59984930;59985951;Node_25;1021;315.411;42.4
Zone_9881;59985951;59986972;Node_25;1021;315.665;49.1
Zone_9882;59986972;59987993;Node_25;1021;315.859;47.8
Zone_9883;59987993;59989014;Node_25;1021;315.032;40.7
Zone_9884;59989014;59990035;Node_25;1021;315.4;42.2
Zone_9885;59990035;59991056;Node_25;1021;316.726;38.5
Zone_9886;59991056;59992077;Node_25;1021;315.189;36.2
Zone_9887;59992077;59993098;Node_25;1021;314.663;40.4
Zone_9888;59993098;59994119;Node_25;1021;315.594;37.2
Zone_9889;59994119;59995140;Node_25;1021;315.317;39.6
Zone_9890;59995140;59996161;Node_25;1021;312.968;39.8
Zone_9891;59996161;59997182;Node_25;1021;314.603;39.6
Zone_9892;59997182;59998203;Node_25;1021;316.236;41.7
Zone_9893;59998203;59999224;Node_25;1021;316.051;37.9
Zone_9894;59999224;60000245;Node_25;1021;315.064;36.7
Zone_9895;60000245;60001266;Node_25;1021;315.612;39.3
Zone_9896;60001266;60002287;Node_25;1021;315.878;41.6
Zone_9897;60002287;60003308;Node_25;1021;315.772;39.1
Zone_9898;60003308;60004329;Node_25;1021;315.897;36.4
Zone_9899;60004329;60005350;Node_25;1021;315.077;38.7
Zone_9900;60005350;60006371;Node_25;1021;316.461;41.2
Zone_9901;60006371;60007392;Node_25;1021;313.547;39.2
Zone_9902;60007392;60008413;Node_25;1021;315.181;33.2
Zone_9903;60008413;60009434;Node_25;1021;315.592;42.3
Zone_9904;60009434;60010455;Node_25;1021;314.37;35.5
Zone_9905;60010455;60011476;Node_25;1021;314.928;37.9
Zone_9906;60011476;60012497;Node_25;1021;315.357;33.4
Zone_9907;60012497;60013518;Node_25;1021;314.141;35.3
Zone_9908;60013518;60014539;Node_25;1021;315.049;39.7
Zone_9909;60014539;60015560;Node_25;1021;315.104;40.9
Zone_9910;60015560;60016581;Node_25;1021;314.28;42.5
Zone_9911;60016581;60017602;Node_25;1021;315.137;41.1
Zone_9912;60017602;60018623;Node_25;1021;314.773;35.5
Zone_9913;60018623;60019644;Node_25;1021;314.909;40.2
Zone_9914;60019644;60020665;Node_25;1021;316.668;45.6
Zone_9915;60020665;60021686;Node_25;1021;316.0;41.7
Zone_9916;60021686;60022707;Node_25;1021;317.318;36.8
Zone_9917;60022707;60023728;Node_25;1021;314.355;32.4
Zone_9918;60023728;60024749;Node_25;1021;314.57;37.0
Zone_9919;60024749;60025770;Node_25;1021;314.998;37.3
Zone_9920;60025770;60026791;Node_25;1021;317.444;33.9
Zone_9921;60026791;60027812;Node_25;1021;314.243;41.3
Zone_9922;60027812;60028833;Node_25;1021;315.558;35.7
Zone_9923;60028833;60029854;Node_25;1021;311.999;41.9
Zone_9924;60029854;60030875;Node_25;1021;315.732;43.2
Zone_9925;60030875;60031896;Node_25;1021;315.347;39.1
Zone_9926;60031896;60032917;Node_25;1021;314.287;40.5
Zone_9927;60032917;60033938;Node_25;1021;314.929;40.6
Zone_9928;60033938;60034959;Node_25;1021;314.152;38.9
Zone_9929;60034959;60035980;Node_25;1021;314.928;41.8
Zone_9930;60035980;60037001;Node_25;1021;315.12;38.5
Zone_9931;60037001;60038022;Node_25;1021;315.738;45.6
Zone_9932;60038022;60039043;Node_25;1021;315.231;37.2
Zone_9933;60039043;60040064;Node_25;1021;315.439;39.5
Zone_9934;60040064;60041085;Node_25;1021;315.461;44.4
Zone_9935;60041085;60042106;Node_25;1021;315.701;41.1
Zone_9936;60042106;60043127;Node_25;1021;316.235;40.5
Zone_9937;60043127;60044148;Node_25;1021;314.899;41.9
Zone_9938;60044148;60045169;Node_25;1021;315.436;43.5
Zone_9939;60045169;60046190;Node_25;1021;313.989;34.4
Zone_9940;60046190;60047211;Node_25;1021;311.171;41.1
Zone_9941;60047211;60048232;Node_25;1021;314.693;32.7
Zone_9942;60048232;60049253;Node_25;1021;314.737;30.1
Zone_9943;60049253;60050274;Node_25;1021;314.286;30.5
Zone_9944;60050274;60051295;Node_25;1021;316.343;33.6
Zone_9945;60051295;60052316;Node_25;1021;316.749;38.9
Zone_9946;60052316;60053337;Node_25;1021;315.674;43.6
Zone_9947;60053337;60054358;Node_25;1021;315.356;33.8
Zone_9948;60054358;60055379;Node_25;1021;314.905;34.0
Zone_9949;60055379;60056400;Node_25;1021;315.648;40.0
Zone_9950;60056400;60057421;Node_25;1021;317.606;33.8
Zone_9951;60057421;60058442;Node_25;1021;318.212;37.9
Zone_9952;60058442;60059463;Node_25;1021;316.442;37.0
Zone_9953;60059463;60060484;Node_25;1021;314.494;40.1
Zone_9954;60060484;60061505;Node_25;1021;314.722;33.4
Zone_9955;60061505;60062526;Node_25;1021;314.045;42.9
Zone_9956;60062526;60063547;Node_25;1021;314.513;30.4
Zone_9957;60063547;60064568;Node_25;1021;315.149;37.4
Zone_9958;60064568;60065589;Node_25;1021;315.209;22.7
Zone_9959;60065589;60066610;Node_25;1021;314.902;34.4
Zone_9960;60066610;60067631;Node_25;1021;314.008;38.2
Zone_9961;60067631;60068652;Node_25;1021;313.996;39.5
Zone_9962;60068652;60069673;Node_25;1021;316.45;38.1
Zone_9963;60069673;60070694;Node_25;1021;315.396;39.5
Zone_9964;60070694;60071715;Node_25;1021;315.112;34.5
Zone_9965;60071715;60072736;Node_25;1021;315.197;36.4
Zone_9966;60072736;60073757;Node_25;1021;315.372;46.0
Zone_9967;60073757;60074778;Node_25;1021;315.528;48.7
Zone_9968;60074778;60075799;Node_25;1021;313.743;44.2
Zone_9969;60075799;60076820;Node_25;1021;316.023;37.7
Zone_9970;60076820;60077841;Node_25;1021;316.651;36.3
Zone_9971;60077841;60078862;Node_25;1021;315.386;36.4
Zone_9972;60078862;60079883;Node_25;1021;315.4;39.3
Zone_9973;60079883;60080904;Node_25;1021;315.039;38.7
Zone_9974;60080904;60081925;Node_25;1021;315.948;40.3
Zone_9975;60081925;60082946;Node_25;1021;315.543;36.1
Zone_9976;60082946;60083967;Node_25;1021;315.29;40.4
Zone_9977;60083967;60084988;Node_25;1021;315.642;41.6
Zone_9978;60084988;60086009;Node_25;1021;315.297;34.1
Zone_9979;60086009;60087030;Node_25;1021;316.697;42.2
Zone_9980;60087030;60088051;Node_25;1021;314.89;39.3
Zone_9981;60088051;60089072;Node_25;1021;316.36;37.0
Zone_9982;60089072;60090093;Node_25;1021;315.112;39.3
Zone_9983;60090093;60091114;Node_25;1021;314.972;34.9
Zone_9984;60091114;60092135;Node_25;1021;316.139;39.3
Zone_9985;60092135;60093156;Node_25;1021;315.143;32.1
Zone_9986;60093156;60094177;Node_25;1021;316.188;39.0
Zone_9987;60094177;60095198;Node_25;1021;314.541;32.2
Zone_9988;60095198;60096219;Node_25;1021;313.892;26.4
Zone_9989;60096219;60097240;Node_25;1021;314.711;26.2
Zone_9990;60097240;60098261;Node_25;1021;315.075;38.0
Zone_9991;60098261;60099282;Node_25;1021;314.828;32.4
Zone_9992;60099282;60100303;Node_25;1021;314.204;29.7
Zone_9993;60100303;60101324;Node_25;1021;314.127;31.0
Zone_9994;60101324;60102345;Node_25;1021;315.791;38.2
Zone_9995;60102345;60103366;Node_25;1021;314.776;39.4
Zone_9996;60103366;60104387;Node_25;1021;313.877;36.9
Zone_9997;60104387;60105408;Node_25;1021;315.059;40.7
Zone_9998;60105408;60106429;Node_25;1021;314.408;40.5
Zone_9999;60106429;60107450;Node_25;1021;316.822;40.7
